2026-07-21 22:44:37 | ERROR   | __main__ | Укажите BOT_TOKEN в .env
2026-07-21 22:46:48 | INFO    | __main__ | Starting control bot… admins={8569476923}
2026-07-21 22:46:48 | INFO    | aiogram.dispatcher | Start polling
2026-07-21 22:46:49 | INFO    | aiogram.dispatcher | Run polling for bot @Warningstetestetest_bot id=8949896798 - 'WarningstetestetestBot'
2026-07-21 22:48:20 | INFO    | aiogram.event | Update id=452968881 is handled. Duration 316 ms by bot id=8949896798
2026-07-21 22:48:23 | INFO    | aiogram.event | Update id=452968882 is handled. Duration 192 ms by bot id=8949896798
2026-07-21 22:48:25 | INFO    | aiogram.event | Update id=452968883 is handled. Duration 350 ms by bot id=8949896798
2026-07-21 22:48:27 | INFO    | aiogram.event | Update id=452968884 is handled. Duration 186 ms by bot id=8949896798
2026-07-21 22:48:34 | INFO    | aiogram.dispatcher | Polling stopped
2026-07-21 22:48:34 | INFO    | aiogram.dispatcher | Polling stopped for bot @Warningstetestetest_bot id=8949896798 - 'WarningstetestetestBot'
2026-07-22 19:55:47 | INFO    | __main__ | Starting control bot… admins={8569476923}
2026-07-22 19:55:47 | INFO    | aiogram.dispatcher | Start polling
2026-07-22 19:55:47 | INFO    | aiogram.dispatcher | Run polling for bot @Warningstetestetest_bot id=8949896798 - 'WarningstetestetestBot'
2026-07-22 19:56:01 | INFO    | aiogram.event | Update id=452968885 is handled. Duration 252 ms by bot id=8949896798
2026-07-22 19:56:03 | INFO    | aiogram.event | Update id=452968886 is handled. Duration 333 ms by bot id=8949896798
2026-07-22 19:56:09 | INFO    | telethon.network.mtprotosender | Connecting to 149.154.171.5:443/TcpFull...
2026-07-22 19:56:09 | INFO    | telethon.network.mtprotosender | Connection to 149.154.171.5:443/TcpFull complete!
2026-07-22 19:56:13 | INFO    | aiogram.event | Update id=452968887 is handled. Duration 4464 ms by bot id=8949896798
2026-07-22 19:56:16 | INFO    | aiogram.event | Update id=452968888 is handled. Duration 166 ms by bot id=8949896798
2026-07-22 19:56:19 | INFO    | aiogram.event | Update id=452968889 is handled. Duration 321 ms by bot id=8949896798
2026-07-22 19:56:27 | INFO    | aiogram.event | Update id=452968890 is handled. Duration 165 ms by bot id=8949896798
2026-07-22 19:56:29 | INFO    | aiogram.event | Update id=452968891 is handled. Duration 362 ms by bot id=8949896798
2026-07-22 19:56:44 | INFO    | aiogram.event | Update id=452968892 is handled. Duration 171 ms by bot id=8949896798
2026-07-22 19:56:47 | INFO    | aiogram.event | Update id=452968893 is handled. Duration 179 ms by bot id=8949896798
2026-07-22 19:56:49 | INFO    | aiogram.event | Update id=452968894 is handled. Duration 329 ms by bot id=8949896798
2026-07-22 19:56:51 | INFO    | campaign | ▶ Раунд 1/5 | язык=Русский | жалобы=Подделка документов
2026-07-22 19:56:51 | INFO    | aiogram.event | Update id=452968895 is handled. Duration 326 ms by bot id=8949896798
2026-07-22 19:56:53 | WARNING | accounts | SpamBot check failed: Could not find a matching Constructor ID for the TLObject that was supposed to be read with ID 8c718e87. See the FAQ for more details. Remaining bytes: b'\x87\x8eq\x8c\x15\xc4\xb5\x1c\x04\x00\x00\x00\xe0n\x118@\x00\x00\x00,\x0b\x00\x00"\x17QY\x00o\x9f\n\x00\x00\x00\x00P\xf6`jTGood news, no limits are currently applied to your account. You\xe2\x80\x99re free as a bird!\x00\x00\x00\xd1\x99\xdd\x85\x01\x00\x00\x00\x15\xc4\xb5\x1c\x02\x00\x00\x00\x83\x8b`w\x15\xc4\xb5\x1c\x01\x00\x00\x00\x80H\xfa\xa2\x0cCool, thanks\x00\x00\x00\x83\x8b`w\x15\xc4\xb5\x1c\x01\x00\x00\x00\x80H\xfa\xa2#But I can\xe2\x80\x99t message non-contacts!\xe0n\x118\x82\x01\x00\x00+\x0b\x00\x00"\x17QY\r\xcd,/\x00\x00\x00\x00"\x17QY\x00o\x9f\n\x00\x00\x00\x00P\xf6`j\x06/start\x00\x15\xc4\xb5\x1c\x01\x00\x00\x00\xc7\x8a\xefl\x00\x00\x00\x00\x06\x00\x00\x00\xe0n\x118@\x00\x00\x00*\x0b\x00\x00"\x17QY\x00o\x9f\n\x00\x00\x00\x00(\xf6`jW\xd0\x92\xd0\xb0\xd1\x88 \xd0\xb0\xd0\xba\xd0\xba\xd0\xb0\xd1\x83\xd0\xbd\xd1\x82 \xd1\x81\xd0\xb2\xd0\xbe\xd0\xb1\xd0\xbe\xd0\xb4\xd0\xb5\xd0\xbd \xd0\xbe\xd1\x82 \xd0\xba\xd0\xb0\xd0\xba\xd0\xb8\xd1\x85-\xd0\xbb\xd0\xb8\xd0\xb1\xd0\xbe \xd0\xbe\xd0\xb3\xd1\x80\xd0\xb0\xd0\xbd\xd0\xb8\xd1\x87\xd0\xb5\xd0\xbd\xd0\xb8\xd0\xb9.\xd1\x99\xdd\x85\x01\x00\x00\x00\x15\xc4\xb5\x1c\x02\x00\x00\x00\x83\x8b`w\x15\xc4\xb5\x1c\x01\x00\x00\x00\x80H\xfa\xa2\x1c\xd0\xa5\xd0\xbe\xd1\x80\xd0\xbe\xd1\x88\xd0\xbe, \xd1\x81\xd0\xbf\xd0\xb0\xd1\x81\xd0\xb8\xd0\xb1\xd0\xbe\x00\x00\x00\x83\x8b`w\x15\xc4\xb5\x1c\x01\x00\x00\x00\x80H\xfa\xa29\xd0\x9d\xd0\xbe \xd1\x8f \xd0\xbd\xd0\xb5 \xd0\xbc\xd0\xbe\xd0\xb3\xd1\x83 \xd0\xbf\xd0\xb8\xd1\x81\xd0\xb0\xd1\x82\xd1\x8c \xd0\xbd\xd0\xb5\xd0\xba\xd0\xbe\xd0\xbd\xd1\x82\xd0\xb0\xd0\xba\xd1\x82\xd0\xb0\xd0\xbc\x00\x00\xe0n\x118\x82\x01\x00\x00)\x0b\x00\x00"\x17QY\r\xcd,/\x00\x00\x00\x00"\x17QY\x00o\x9f\n\x00\x00\x00\x00\'\xf6`j\x06/start\x00\x15\xc4\xb5\x1c\x01\x00\x00\x00\xc7\x8a\xefl\x00\x00\x00\x00\x06\x00\x00\x00\x15\xc4\xb5\x1c\x00\x00\x00\x00\x15\xc4\xb5\x1c\x02\x00\x00\x00(\xc6\x97\x8f+@\x02\x02\x00\x00\x00\x00\x00o\x9f\n\x00\x00\x00\x00\xb7a\xf6\xb4\x1f\xb8\xb8j\rSpam Info Bot\x00\x00\x07SpamBot\x06\xf7\xd1\x82\x02\x00\x00\x00\xa9\xa71\x1b\x00o\x9f\n\x13\x01\x08\x08\xb9\xf2l\xe86m\xf6\xff\x009\xa2\x8a*Nv\xcf\x04\x00\x00\x00\x04\x00\x00\x00(\xc6\x97\x8fw\x1c\x00\x02\x00\x00\x00\x00\r\xcd,/\x00\x00\x00\x00\xbc/\xa3\x07\x92\xe9\x94V\x06Mahesh\x00\x04Mahi\x00\x00\x00\x0b19314605827\x06\xf7\xd1\x82\x02\x00\x00\x00\x01\x0bk\x1b\r\xcd,/\x12\x01\x08\x08\xa1=\xb8\x82\xdd\t_\x99\xbf\x8b4QE\x00\x7f\x00\x05\x00\x00\x00I9\xb9\xedS\xf7`j'
2026-07-22 19:56:53 | INFO    | campaign | Аккаунт 19314605827 (1/1) → 1 бот(ов)
2026-07-22 19:56:54 | INFO    | campaign | @resellerashabot недоступен для 19314605827: Could not find a matching Constructor ID for the TLObject that was supposed to be read with ID 83314fca. See the FAQ for more details. Remaining bytes: b'\xcaO1\x83+@\x00\x02\x10\x00\x00\x00|$\x99`\x01\x00\x00\x00\x95\x83\x00\\V\x000hQ\xd0\x90\xd0\xbd\xd0\xb5\xd0\xba\xd0\xb4\xd0\xbe\xd1\x82\xd1\x8b \xd0\xbf\xd1\x80\xd0\xbe \xd0\xb2\xd0\xbe\xd0\xb4\xd0\xb8\xd1\x82\xd0\xb5\xd0\xbb\xd1\x8c\xd1\x81\xd0\xba\xd0\xbe\xd0\xb5 \xd1\x85\xd0\xb0\xd0\xbc\xd1\x81\xd1\x82\xd0\xb2\xd0\xbe \xd0\xbd\xd0\xb0 \xd0\xb4\xd0\xbe\xd1\x80\xd0\xbe\xd0\xb3\xd0\xb5\x00\x00\x0fresellerashabot\x06\xf7\xd1\x82\x02\x00\x00\x00\xa0\x10k\x1bQ\xe2\tW\x11\x01\x08\x08\xd0\xe3o\x7f;\xf5\xcf\xf8QE\x14\x8bn\xc7\x00\x00\x05\x00\x00\x00\x06\x00\x00\x00Y\xaa@\xa2\xc2\x929l\xc0\xf2P\x98\xd7\xf3\xf4\x83U\xf3\x8a\xfa\xb1\xf5\x852'
2026-07-22 19:56:54 | INFO    | campaign | ⏸ Раунд 1 готов. Ждём 20 мин до раунда 2
2026-07-22 19:57:04 | INFO    | campaign | Остановка кампании…
2026-07-22 19:57:05 | INFO    | aiogram.event | Update id=452968896 is handled. Duration 400 ms by bot id=8949896798
2026-07-22 19:57:05 | INFO    | campaign | ■ Кампания завершена (stopped). Через 12ч придёт контроль удаления целевых ботов.
2026-07-22 19:57:55 | INFO    | aiogram.event | Update id=452968897 is handled. Duration 186 ms by bot id=8949896798
2026-07-22 20:05:47 | WARNING | monitor | check @resellerashabot failed: Could not find a matching Constructor ID for the TLObject that was supposed to be read with ID 83314fca. See the FAQ for more details. Remaining bytes: b'\xcaO1\x83+@\x00\x02\x10\x00\x00\x00|$\x99`\x01\x00\x00\x00\x95\x83\x00\\V\x000hQ\xd0\x90\xd0\xbd\xd0\xb5\xd0\xba\xd0\xb4\xd0\xbe\xd1\x82\xd1\x8b \xd0\xbf\xd1\x80\xd0\xbe \xd0\xb2\xd0\xbe\xd0\xb4\xd0\xb8\xd1\x82\xd0\xb5\xd0\xbb\xd1\x8c\xd1\x81\xd0\xba\xd0\xbe\xd0\xb5 \xd1\x85\xd0\xb0\xd0\xbc\xd1\x81\xd1\x82\xd0\xb2\xd0\xbe \xd0\xbd\xd0\xb0 \xd0\xb4\xd0\xbe\xd1\x80\xd0\xbe\xd0\xb3\xd0\xb5\x00\x00\x0fresellerashabot\x06\xf7\xd1\x82\x02\x00\x00\x00\xa0\x10k\x1bQ\xe2\tW\x11\x01\x08\x08\xd0\xe3o\x7f;\xf5\xcf\xf8QE\x14\x8bn\xc7\x00\x00\x05\x00\x00\x00\x06\x00\x00\x00\xcc\n\xacY\xb9"<\n\xb9\xc0\xcalJ\x9e\xb0\xa1\x07D9\xe3X\x10\x1eQ'
2026-07-22 20:11:11 | WARNING | telethon.client.updates | Cannot get difference since the account is likely misusing the session: Could not find a matching Constructor ID for the TLObject that was supposed to be read with ID 38116ee0. See the FAQ for more details. Remaining bytes: b'\xe0n\x118\x00\x03\x80\x00R\x03\x18\x00"\x17QY^}\xb25\x01\x00\x00\x00\x1e7\xa5\xa2V\xd5vI\x00\x00\x00\x00B\xf9`j\x00\x00\x00\x00\xd7PQi\x01\x00\x00\x00ez\x19\xfb\x00\x00\x00\x00\x1b\x10k\x1bH,\x08W\\Ud\xd7\xfe\xfeK\xa5\x1d\x02Iv\xd5V\x00\x18\x03Rj`\xf9\xab<]\xaa\xdd\xe8Pj\xce\xd29y#U\xd6\xa6\xce\x00\x00B\xf9`j\x15\xc4\xb5\x1c\x04\x00\x00\x00.\xbc\xb0\xe0\x01i\x00\x00\x9f\x01(\x13\xcd\x01\xb1\x82\xbdzS~\xe9\x19\x00\xfe5m\x1dF\xc56\x88[\x1f\xf3\xd3\xad1\xad\xa6$\xb8\x84\x05c\xc0\xde8\xfdi\xe8\x05RNh\xa9Z)\x11\x8a\x95\x00\x8f\xf6\x85\x14\xf4\x02\xecq$\xbb\x13\xa0l\x12~\x82\x9a\xeb\x1e$\x04\x1e\x1b\x03\xe9B%\xe6\xc5)\x18\xc6\x06\x0f\x1f\xe3N\xfb=\xf3\xaf\xfa\xac\x8f\xa8\xff\x00\x1a\x8b\x0e\xe5\'\xc0lg4S\xe6\x86U\x94\x89#P\xc3\xa8\xe2\x8ab\x06\xbbv*\xdd\xd0\r\xa7\xd3\x15$\xb7\xf2M\x8c\x806\xf21\x91E\x14\x0c\x8e{\xc6\x9aR\xe5W\'\x1d\xbd\xa8\xa2\x8a\x04\x7f`\x8e\xc7u\x01m\x00\x00\x98\x00\x00\x00@\x01\x00\x00\xcb=\x00\x00`\x8e\xc7u\x01x\x00\x00{\x01\x00\x00 \x03\x00\x00\xeb\xdf\x00\x00\x95\xfb>\xfa\x01y\x00\x00^\x02\x00\x00\x00\x05\x00\x00\x15\xc4\xb5\x1c\x05\x00\x00\x00\x97)\x00\x000i\x00\x00\x1a\xbd\x00\x009\x1e\x01\x00\xa2w\x01\x00\x05\x00\x00\x00\xc2\x0f\xd6\x83\x00\x00\x00\x00\x00\x00\x00\x00mE"\x00mE"\x00\x01\x00\x00\x00\xd9\x04\xbab\xe0n\x118\x08\x01\x00\x00S\x03\x18\x00"\x17QY\x16\xa2B9\x00\x00\x00\x00\x1e7\xa5\xa2V\xd5vI\x00\x00\x00\x00cw\xd5\xa6\x00\x00\x00\x00E\x03\x18\x00\x91\xf9`j\nCape Verde\x00nE"\x00\x01\x00\x00\x00\x15\xc4\xb5\x1c\x02\x00\x00\x00d\x94%\x83@!\x04\x08\x00\x00\x00\x00\x0f\x1f\x16_\x00\x00\x00\x00 \xfe\xc8\xaa\xd34\x7f\xc46\xe0\xb4\xb8\xe0\xb4\xbf\xe0\xb4\xa8\xe0\xb4\xbf\xe0\xb4\xae \xe0\xb4\xab\xe0\xb4\xbe\xe0\xb4\x95\xe0\xb5\x8d\xe0\xb4\x9f\xe0\xb4\xb1\xe0\xb4\xbf | Cinema Factory\x00 cinema_factory_malayalam_movies1\x00\x00\x00\x11\x1cn\x1c\x02\x00\x00\x00S\xb11\x1b\xe0vxV\x15\x01\x08\x08_\xdd\xfd\x9b\xa2}\x9f\x1e\xdd?\xc6\x8a(\xacc\x1b\xdc\x0f\x00\x00\x05\x00\x00\x00\xe8\xb6\xe5b\x18\x04\x12\x9f\xfc\x05\xfa\x01\xff\xff\xff\x7fd\x94%\x83@!\x140\x00\x00\x00\x00V\xd5vI\x00\x00\x00\x00\xe5\xf8j\xf3\xd5>R\x89fArgentina Fans Kerala | Vamos Argentina FIFA World Cup 2026 | Links | Goals |Highlights| Live | Status\x00\x14Argentinafanskeralam\x00\x00\x00\x11\x1cn\x1c\x02\x00\x00\x00)\xc91\x1b^>(V\x15\x01\x08\x08f\xf5\xfb>>_#\x1d0?\x9f\xad\x14QP\xa2;\x9f\x00\x00\x05\x00\x00\x00<\x9d}_\x18\x04\x12\x9f\xf8\x84\x12\x01\xff\xff\xff\x7f\x15\xc4\xb5\x1c\x02\x00\x00\x00(\xc6\x97\x8fC\x00\x00\x02\x00\x00\x00\x00^}\xb25\x01\x00\x00\x00<d\x07p2\x0c-\x80\x03\xe0\xba\xb8I9\xb9\xed2\xfa`j(\xc6\x97\x8fk\x00\x00\x02\x00\x00\x00\x00\x16\xa2B9\x00\x00\x00\x00\xeaY\xc1\x86\xab\xcb:F\x06Haneen\x00\nhaneennanu\x00\x06\xf7\xd1\x82\x02\x00\x00\x00\x06\x0bk\x1b\x16\xa2B9\x12\x01\x08\x08\xbd\x1d\xc3\x99\x982\x9e\x98\x08;\x1c\xd1E\x14\x01\x00\x05\x00\x00\x00I9\xb9\xed\x95\xfa`j>*l\xa5\xaf\x15\x00\x00\x00\x00\x00\x00\xab\xf9`j\xf6\x03\x00\x00\xd1\x01\x00\x00'
2026-07-22 20:11:11 | INFO    | telethon.network.mtprotosender | Disconnecting from 149.154.171.5:443/TcpFull...
2026-07-22 20:11:11 | INFO    | telethon.network.mtprotosender | Disconnection from 149.154.171.5:443/TcpFull complete!
2026-07-22 20:12:52 | INFO    | aiogram.dispatcher | Polling stopped
2026-07-22 20:12:52 | ERROR   | aiogram.dispatcher | Failed to fetch updates - TelegramNetworkError: HTTP Client says - ServerDisconnectedError: Server disconnected
2026-07-22 20:12:52 | WARNING | aiogram.dispatcher | Sleep for 1.000000 seconds and try again... (tryings = 0, bot id = 8949896798)
2026-07-22 20:12:52 | INFO    | aiogram.dispatcher | Polling stopped for bot @Warningstetestetest_bot id=8949896798 - 'WarningstetestetestBot'
2026-07-22 20:13:19 | INFO    | __main__ | Starting control bot… admins={8569476923}
2026-07-22 20:13:19 | INFO    | aiogram.dispatcher | Start polling
2026-07-22 20:13:19 | INFO    | telethon.network.mtprotosender | Connecting to 149.154.171.5:443/TcpFull...
2026-07-22 20:13:19 | INFO    | aiogram.dispatcher | Run polling for bot @Warningstetestetest_bot id=8949896798 - 'WarningstetestetestBot'
2026-07-22 20:13:19 | INFO    | telethon.network.mtprotosender | Connection to 149.154.171.5:443/TcpFull complete!
2026-07-22 20:13:34 | INFO    | aiogram.event | Update id=452968898 is handled. Duration 298 ms by bot id=8949896798
2026-07-22 20:13:36 | INFO    | aiogram.event | Update id=452968899 is handled. Duration 341 ms by bot id=8949896798
2026-07-22 20:13:37 | INFO    | campaign | ▶ Раунд 1/5 | язык=Русский | жалобы=Подделка документов
2026-07-22 20:13:37 | INFO    | aiogram.event | Update id=452968900 is handled. Duration 381 ms by bot id=8949896798
2026-07-22 20:13:40 | INFO    | campaign | Аккаунт 19314605827 (1/1) → 1 бот(ов)
2026-07-22 20:13:47 | INFO    | campaign | Peer report ok | 19314605827 → @resellerashabot | illegal_docs | Этот бот занимается мошенничеством — продажей фальшивых удостоверений. Требуется
2026-07-22 20:13:49 | INFO    | campaign | Peer report ok | 19314605827 → @resellerashabot | illegal_docs | Обнаружил, что данный бот занимается продажей нелегальных документов. Требуется 
2026-07-22 20:13:52 | INFO    | campaign | Peer report ok | 19314605827 → @resellerashabot | illegal_docs | Бот занимается незаконной деятельностью — торговлей поддельными документами. Нео
2026-07-22 20:13:55 | INFO    | campaign | Msg report ok | 19314605827 → @resellerashabot msg=2866 | illegal_docs | Обнаружил, что бот занимается фальсификацией документов. Это преступление, его н
2026-07-22 20:13:58 | INFO    | campaign | Msg report ok | 19314605827 → @resellerashabot msg=2866 | illegal_docs | На этом боте предлагают купить поддельные паспорта — это нарушает законодательст
2026-07-22 20:14:02 | INFO    | campaign | Msg report ok | 19314605827 → @resellerashabot msg=2866 | illegal_docs | Хотел бы пожаловаться на этого бота, он занимается распространением фальшивых до
2026-07-22 20:14:04 | INFO    | campaign | ⏸ Раунд 1 готов. Ждём 20 мин до раунда 2
2026-07-22 21:45:49 | INFO    | __main__ | Starting control bot… admins={8569476923}
2026-07-22 21:45:49 | INFO    | aiogram.dispatcher | Start polling
2026-07-22 21:45:49 | INFO    | telethon.network.mtprotosender | Connecting to 149.154.171.5:443/TcpFull...
2026-07-22 21:45:49 | INFO    | aiogram.dispatcher | Run polling for bot @Warningstetestetest_bot id=8949896798 - 'WarningstetestetestBot'
2026-07-22 21:45:49 | INFO    | telethon.network.mtprotosender | Connection to 149.154.171.5:443/TcpFull complete!
2026-07-22 21:45:49 | INFO    | aiogram.event | Update id=452968901 is handled. Duration 300 ms by bot id=8949896798
2026-07-22 21:45:50 | WARNING | monitor | check @resellerashabot failed: Could not find a matching Constructor ID for the TLObject that was supposed to be read with ID 83314fca. See the FAQ for more details. Remaining bytes: b'\xcaO1\x83+@\x00\x02\x10\x00\x00\x00|$\x99`\x01\x00\x00\x00\x95\x83\x00\\V\x000hQ\xd0\x90\xd0\xbd\xd0\xb5\xd0\xba\xd0\xb4\xd0\xbe\xd1\x82\xd1\x8b \xd0\xbf\xd1\x80\xd0\xbe \xd0\xb2\xd0\xbe\xd0\xb4\xd0\xb8\xd1\x82\xd0\xb5\xd0\xbb\xd1\x8c\xd1\x81\xd0\xba\xd0\xbe\xd0\xb5 \xd1\x85\xd0\xb0\xd0\xbc\xd1\x81\xd1\x82\xd0\xb2\xd0\xbe \xd0\xbd\xd0\xb0 \xd0\xb4\xd0\xbe\xd1\x80\xd0\xbe\xd0\xb3\xd0\xb5\x00\x00\x0fresellerashabot\x06\xf7\xd1\x82\x02\x00\x00\x00\xa0\x10k\x1bQ\xe2\tW\x11\x01\x08\x08\xd0\xe3o\x7f;\xf5\xcf\xf8QE\x14\x8bn\xc7\x00\x00\x05\x00\x00\x00\x06\x00\x00\x00\xdc\x9b,Q\x00F\x1c>\xd01\xf9u\x01\xcfnX3K\xcdkU\xb4\x13\x7f'
2026-07-22 21:46:14 | INFO    | aiogram.event | Update id=452968902 is handled. Duration 176 ms by bot id=8949896798
2026-07-22 21:46:26 | INFO    | aiogram.event | Update id=452968903 is handled. Duration 188 ms by bot id=8949896798
2026-07-22 21:46:26 | INFO    | aiogram.dispatcher | Polling stopped
2026-07-22 21:46:26 | INFO    | aiogram.event | Update id=452968904 is not handled. Duration 209 ms by bot id=8949896798
2026-07-22 21:46:26 | ERROR   | aiogram.event | Cause exception while process update id=452968904 by bot id=8949896798
TelegramNetworkError: HTTP Client says - ServerDisconnectedError: Server disconnected
Traceback (most recent call last):
  File "C:\Users\Professional\AppData\Roaming\Python\Python314\site-packages\aiogram\client\session\aiohttp.py", line 167, in make_request
    async with session.post(
               ~~~~~~~~~~~~^
        url,
        ^^^^
        data=form,
        ^^^^^^^^^^
        timeout=self.timeout if timeout is None else timeout,
        ^^^^^^^^^^^^^^^^^^^^^^^^^^^^^^^^^^^^^^^^^^^^^^^^^^^^^
    ) as resp:
    ^
  File "C:\Users\Professional\AppData\Roaming\Python\Python314\site-packages\aiohttp\client.py", line 1510, in __aenter__
    self._resp: _RetType = await self._coro
                           ^^^^^^^^^^^^^^^^
  File "C:\Users\Professional\AppData\Roaming\Python\Python314\site-packages\aiohttp\client.py", line 779, in _request
    resp = await handler(req)
           ^^^^^^^^^^^^^^^^^^
  File "C:\Users\Professional\AppData\Roaming\Python\Python314\site-packages\aiohttp\client.py", line 757, in _connect_and_send_request
    await resp.start(conn)
  File "C:\Users\Professional\AppData\Roaming\Python\Python314\site-packages\aiohttp\client_reqrep.py", line 539, in start
    message, payload = await protocol.read()  # type: ignore[union-attr]
                       ^^^^^^^^^^^^^^^^^^^^^
  File "C:\Users\Professional\AppData\Roaming\Python\Python314\site-packages\aiohttp\streams.py", line 703, in read
    await self._waiter
aiohttp.client_exceptions.ServerDisconnectedError: Server disconnected

The above exception was the direct cause of the following exception:

Traceback (most recent call last):
  File "C:\Users\Professional\AppData\Roaming\Python\Python314\site-packages\aiogram\dispatcher\dispatcher.py", line 320, in _process_update
    response = await self.feed_update(bot, update, **kwargs)
               ^^^^^^^^^^^^^^^^^^^^^^^^^^^^^^^^^^^^^^^^^^^^^
  File "C:\Users\Professional\AppData\Roaming\Python\Python314\site-packages\aiogram\dispatcher\dispatcher.py", line 164, in feed_update
    response = await self.update.wrap_outer_middleware(
               ^^^^^^^^^^^^^^^^^^^^^^^^^^^^^^^^^^^^^^^^
    ...<7 lines>...
    )
    ^
  File "C:\Users\Professional\AppData\Roaming\Python\Python314\site-packages\aiogram\dispatcher\middlewares\error.py", line 27, in __call__
    return await handler(event, data)
           ^^^^^^^^^^^^^^^^^^^^^^^^^^
  File "C:\Users\Professional\AppData\Roaming\Python\Python314\site-packages\aiogram\dispatcher\middlewares\user_context.py", line 58, in __call__
    return await handler(event, data)
           ^^^^^^^^^^^^^^^^^^^^^^^^^^
  File "C:\Users\Professional\AppData\Roaming\Python\Python314\site-packages\aiogram\fsm\middleware.py", line 43, in __call__
    return await handler(event, data)
           ^^^^^^^^^^^^^^^^^^^^^^^^^^
  File "C:\Users\Professional\AppData\Roaming\Python\Python314\site-packages\aiogram\dispatcher\event\telegram.py", line 126, in trigger
    return await wrapped_inner(event, kwargs)
           ^^^^^^^^^^^^^^^^^^^^^^^^^^^^^^^^^^
  File "C:\Users\Professional\AppData\Roaming\Python\Python314\site-packages\aiogram\dispatcher\event\handler.py", line 71, in call
    return await wrapped()
           ^^^^^^^^^^^^^^^
  File "C:\Users\Professional\AppData\Roaming\Python\Python314\site-packages\aiogram\dispatcher\dispatcher.py", line 283, in _listen_update
    return await self.propagate_event(update_type=update_type, event=event, **kwargs)
           ^^^^^^^^^^^^^^^^^^^^^^^^^^^^^^^^^^^^^^^^^^^^^^^^^^^^^^^^^^^^^^^^^^^^^^^^^^
  File "C:\Users\Professional\AppData\Roaming\Python\Python314\site-packages\aiogram\dispatcher\router.py", line 165, in propagate_event
    return await observer.wrap_outer_middleware(_wrapped, event=event, data=kwargs)
           ^^^^^^^^^^^^^^^^^^^^^^^^^^^^^^^^^^^^^^^^^^^^^^^^^^^^^^^^^^^^^^^^^^^^^^^^
  File "C:\Users\Professional\AppData\Roaming\Python\Python314\site-packages\aiogram\dispatcher\router.py", line 157, in _wrapped
    return await self._propagate_event(
           ^^^^^^^^^^^^^^^^^^^^^^^^^^^^
    ...<4 lines>...
    )
    ^
  File "C:\Users\Professional\AppData\Roaming\Python\Python314\site-packages\aiogram\dispatcher\router.py", line 193, in _propagate_event
    response = await router.propagate_event(update_type=update_type, event=event, **kwargs)
               ^^^^^^^^^^^^^^^^^^^^^^^^^^^^^^^^^^^^^^^^^^^^^^^^^^^^^^^^^^^^^^^^^^^^^^^^^^^^
  File "C:\Users\Professional\AppData\Roaming\Python\Python314\site-packages\aiogram\dispatcher\router.py", line 165, in propagate_event
    return await observer.wrap_outer_middleware(_wrapped, event=event, data=kwargs)
           ^^^^^^^^^^^^^^^^^^^^^^^^^^^^^^^^^^^^^^^^^^^^^^^^^^^^^^^^^^^^^^^^^^^^^^^^
  File "C:\Users\Professional\AppData\Roaming\Python\Python314\site-packages\aiogram\dispatcher\router.py", line 157, in _wrapped
    return await self._propagate_event(
           ^^^^^^^^^^^^^^^^^^^^^^^^^^^^
    ...<4 lines>...
    )
    ^
  File "C:\Users\Professional\AppData\Roaming\Python\Python314\site-packages\aiogram\dispatcher\router.py", line 185, in _propagate_event
    response = await observer.trigger(event, **kwargs)
               ^^^^^^^^^^^^^^^^^^^^^^^^^^^^^^^^^^^^^^^
  File "C:\Users\Professional\AppData\Roaming\Python\Python314\site-packages\aiogram\dispatcher\event\telegram.py", line 126, in trigger
    return await wrapped_inner(event, kwargs)
           ^^^^^^^^^^^^^^^^^^^^^^^^^^^^^^^^^^
  File "C:\Users\Professional\AppData\Roaming\Python\Python314\site-packages\aiogram\dispatcher\event\handler.py", line 71, in call
    return await wrapped()
           ^^^^^^^^^^^^^^^
  File "D:\shit\telegrambot\jalobyBot\bot_handlers.py", line 239, in status_handler
    await send_long(message, "\n".join(lines))
  File "D:\shit\telegrambot\jalobyBot\bot_handlers.py", line 148, in send_long
    await message.answer(text[i : i + chunk])
  File "C:\Users\Professional\AppData\Roaming\Python\Python314\site-packages\aiogram\methods\base.py", line 82, in emit
    return await bot(self)
           ^^^^^^^^^^^^^^^
  File "C:\Users\Professional\AppData\Roaming\Python\Python314\site-packages\aiogram\client\bot.py", line 509, in __call__
    return await self.session(self, method, timeout=request_timeout)
           ^^^^^^^^^^^^^^^^^^^^^^^^^^^^^^^^^^^^^^^^^^^^^^^^^^^^^^^^^
  File "C:\Users\Professional\AppData\Roaming\Python\Python314\site-packages\aiogram\client\session\base.py", line 259, in __call__
    return cast(TelegramType, await middleware(bot, method))
                              ^^^^^^^^^^^^^^^^^^^^^^^^^^^^^
  File "C:\Users\Professional\AppData\Roaming\Python\Python314\site-packages\aiogram\client\session\aiohttp.py", line 176, in make_request
    raise TelegramNetworkError(method=method, message=f"{type(e).__name__}: {e}") from e
aiogram.exceptions.TelegramNetworkError: HTTP Client says - ServerDisconnectedError: Server disconnected
2026-07-22 21:46:26 | ERROR   | aiogram.dispatcher | Failed to fetch updates - TelegramNetworkError: HTTP Client says - ServerDisconnectedError: Server disconnected
2026-07-22 21:46:26 | WARNING | aiogram.dispatcher | Sleep for 1.000000 seconds and try again... (tryings = 0, bot id = 8949896798)
2026-07-22 21:46:26 | INFO    | telethon.network.mtprotosender | Disconnecting from 149.154.171.5:443/TcpFull...
2026-07-22 21:46:26 | INFO    | telethon.network.mtprotosender | Disconnection from 149.154.171.5:443/TcpFull complete!
2026-07-22 21:46:26 | INFO    | aiogram.dispatcher | Polling stopped for bot @Warningstetestetest_bot id=8949896798 - 'WarningstetestetestBot'
2026-07-22 21:46:31 | INFO    | __main__ | Starting control bot… admins={8569476923}
2026-07-22 21:46:31 | INFO    | aiogram.dispatcher | Start polling
2026-07-22 21:46:31 | INFO    | telethon.network.mtprotosender | Connecting to 149.154.171.5:443/TcpFull...
2026-07-22 21:46:31 | INFO    | telethon.network.mtprotosender | Connection to 149.154.171.5:443/TcpFull complete!
2026-07-22 21:46:31 | INFO    | aiogram.dispatcher | Run polling for bot @Warningstetestetest_bot id=8949896798 - 'WarningstetestetestBot'
2026-07-22 21:46:39 | INFO    | aiogram.event | Update id=452968905 is handled. Duration 285 ms by bot id=8949896798
2026-07-22 21:46:53 | INFO    | aiogram.event | Update id=452968906 is handled. Duration 204 ms by bot id=8949896798
2026-07-22 21:46:56 | INFO    | aiogram.event | Update id=452968907 is handled. Duration 376 ms by bot id=8949896798
2026-07-22 21:47:01 | INFO    | aiogram.event | Update id=452968908 is handled. Duration 192 ms by bot id=8949896798
2026-07-22 21:47:03 | INFO    | aiogram.event | Update id=452968909 is handled. Duration 356 ms by bot id=8949896798
2026-07-22 21:47:04 | INFO    | campaign | ▶ Раунд 1/5 | язык=Русский | жалобы=Подделка документов
2026-07-22 21:47:05 | INFO    | aiogram.event | Update id=452968910 is handled. Duration 365 ms by bot id=8949896798
2026-07-22 21:47:07 | INFO    | campaign | Аккаунт 19314605827 (1/1) → 1 бот(ов)
2026-07-22 21:47:13 | INFO    | campaign | Peer report ok | 19314605827 → @resellerashabot | illegal_docs | Обнаружил, что бот занимается фальсификацией документов. Это преступление, его н
2026-07-22 21:47:15 | INFO    | campaign | Peer report ok | 19314605827 → @resellerashabot | illegal_docs | Обнаружил на этом боте рекламу поддельных документов. Это серьезное нарушение за
2026-07-22 21:47:17 | INFO    | campaign | Peer report ok | 19314605827 → @resellerashabot | illegal_docs | Этот бот нарушает закон, рекламируя поддельные документы. Прошу принять меры. [Ж
2026-07-22 21:47:20 | INFO    | campaign | Msg report ok | 19314605827 → @resellerashabot msg=2871 | illegal_docs | Этот бот предлагает купить фальшивые паспорта и права — это преступление. Требую
2026-07-22 21:47:23 | INFO    | campaign | Msg report ok | 19314605827 → @resellerashabot msg=2871 | illegal_docs | Этот бот занимается продажей фальшивых документов. Такие действия нарушают закон
2026-07-22 21:47:26 | INFO    | campaign | Msg report ok | 19314605827 → @resellerashabot msg=2871 | illegal_docs | Хотел бы сообщить о незаконной деятельности этого бота — продажа поддельных пасп
2026-07-22 21:47:28 | INFO    | campaign | ⏸ Раунд 1 готов. Ждём 21 мин до раунда 2
2026-07-22 21:47:30 | INFO    | campaign | Остановка кампании…
2026-07-22 21:47:30 | INFO    | aiogram.event | Update id=452968911 is handled. Duration 342 ms by bot id=8949896798
2026-07-22 21:47:31 | INFO    | campaign | ■ Кампания завершена (stopped). Через 12ч придёт контроль удаления целевых ботов.
2026-07-22 21:47:33 | INFO    | aiogram.event | Update id=452968912 is handled. Duration 170 ms by bot id=8949896798
2026-07-22 21:47:39 | INFO    | aiogram.event | Update id=452968913 is handled. Duration 213 ms by bot id=8949896798
2026-07-22 21:47:40 | INFO    | aiogram.event | Update id=452968914 is handled. Duration 386 ms by bot id=8949896798
2026-07-22 21:47:40 | INFO    | aiogram.event | Update id=452968915 is handled. Duration 169 ms by bot id=8949896798
2026-07-22 21:47:51 | INFO    | aiogram.event | Update id=452968916 is handled. Duration 164 ms by bot id=8949896798
2026-07-22 21:47:53 | INFO    | aiogram.dispatcher | Polling stopped
2026-07-22 21:47:53 | ERROR   | aiogram.dispatcher | Failed to fetch updates - TelegramNetworkError: HTTP Client says - ServerDisconnectedError: Server disconnected
2026-07-22 21:47:53 | WARNING | aiogram.dispatcher | Sleep for 1.000000 seconds and try again... (tryings = 0, bot id = 8949896798)
2026-07-22 21:47:53 | INFO    | aiogram.dispatcher | Polling stopped for bot @Warningstetestetest_bot id=8949896798 - 'WarningstetestetestBot'
2026-07-22 21:47:53 | INFO    | telethon.network.mtprotosender | Disconnecting from 149.154.171.5:443/TcpFull...
2026-07-22 21:47:53 | INFO    | telethon.network.mtprotosender | Disconnection from 149.154.171.5:443/TcpFull complete!
2026-07-22 21:50:34 | INFO    | __main__ | Starting control bot… admins={6761476152, 8569476923, 7362573437}
2026-07-22 21:50:34 | INFO    | aiogram.dispatcher | Start polling
2026-07-22 21:50:34 | INFO    | telethon.network.mtprotosender | Connecting to 149.154.171.5:443/TcpFull...
2026-07-22 21:50:34 | INFO    | aiogram.dispatcher | Run polling for bot @Warningstetestetest_bot id=8949896798 - 'WarningstetestetestBot'
2026-07-22 21:50:34 | INFO    | telethon.network.mtprotosender | Connection to 149.154.171.5:443/TcpFull complete!
2026-07-22 21:50:34 | INFO    | aiogram.event | Update id=452968917 is handled. Duration 248 ms by bot id=8949896798
2026-07-22 21:50:41 | INFO    | aiogram.event | Update id=452968918 is handled. Duration 179 ms by bot id=8949896798
2026-07-22 22:00:35 | WARNING | monitor | check @resellerashabot failed: Could not find a matching Constructor ID for the TLObject that was supposed to be read with ID 83314fca. See the FAQ for more details. Remaining bytes: b"\xcaO1\x83+@\x00\x02\x10\x00\x00\x00|$\x99`\x01\x00\x00\x00\x95\x83\x00\\V\x000hQ\xd0\x90\xd0\xbd\xd0\xb5\xd0\xba\xd0\xb4\xd0\xbe\xd1\x82\xd1\x8b \xd0\xbf\xd1\x80\xd0\xbe \xd0\xb2\xd0\xbe\xd0\xb4\xd0\xb8\xd1\x82\xd0\xb5\xd0\xbb\xd1\x8c\xd1\x81\xd0\xba\xd0\xbe\xd0\xb5 \xd1\x85\xd0\xb0\xd0\xbc\xd1\x81\xd1\x82\xd0\xb2\xd0\xbe \xd0\xbd\xd0\xb0 \xd0\xb4\xd0\xbe\xd1\x80\xd0\xbe\xd0\xb3\xd0\xb5\x00\x00\x0fresellerashabot\x06\xf7\xd1\x82\x02\x00\x00\x00\xa0\x10k\x1bQ\xe2\tW\x11\x01\x08\x08\xd0\xe3o\x7f;\xf5\xcf\xf8QE\x14\x8bn\xc7\x00\x00\x05\x00\x00\x00\x06\x00\x00\x00L\xb0\xaf\xa6\xd4W'~\x8a\xe9\x80\xd0XQwJ3\x1a\x84\xd9C\x86\xd9\r"
2026-07-22 22:00:36 | INFO    | aiogram.event | Update id=452968919 is handled. Duration 190 ms by bot id=8949896798
2026-07-22 22:00:52 | INFO    | aiogram.event | Update id=452968920 is handled. Duration 184 ms by bot id=8949896798
2026-07-22 22:00:59 | INFO    | aiogram.event | Update id=452968921 is handled. Duration 164 ms by bot id=8949896798
2026-07-22 22:01:04 | INFO    | aiogram.event | Update id=452968922 is handled. Duration 371 ms by bot id=8949896798
2026-07-22 22:01:37 | INFO    | aiogram.event | Update id=452968923 is handled. Duration 184 ms by bot id=8949896798
2026-07-22 22:05:10 | INFO    | aiogram.event | Update id=452968924 is handled. Duration 173 ms by bot id=8949896798
2026-07-22 22:05:13 | INFO    | aiogram.event | Update id=452968925 is handled. Duration 343 ms by bot id=8949896798
2026-07-22 22:05:20 | INFO    | aiogram.event | Update id=452968926 is handled. Duration 189 ms by bot id=8949896798
2026-07-22 22:05:35 | INFO    | telethon.client.updates | Cannot get difference since the account is not logged in: AuthKeyDuplicatedError
2026-07-22 22:05:35 | INFO    | telethon.network.mtprotosender | Disconnecting from 149.154.171.5:443/TcpFull...
2026-07-22 22:05:35 | INFO    | telethon.network.mtprotosender | Disconnection from 149.154.171.5:443/TcpFull complete!
2026-07-22 22:06:15 | INFO    | aiogram.event | Update id=452968927 is handled. Duration 198 ms by bot id=8949896798
2026-07-22 22:06:18 | INFO    | aiogram.event | Update id=452968928 is handled. Duration 167 ms by bot id=8949896798
2026-07-22 22:06:39 | INFO    | aiogram.event | Update id=452968929 is handled. Duration 191 ms by bot id=8949896798
2026-07-22 22:06:42 | INFO    | aiogram.event | Update id=452968930 is handled. Duration 329 ms by bot id=8949896798
2026-07-22 22:06:47 | INFO    | aiogram.event | Update id=452968931 is handled. Duration 197 ms by bot id=8949896798
2026-07-22 22:06:52 | INFO    | aiogram.event | Update id=452968932 is handled. Duration 170 ms by bot id=8949896798
2026-07-22 22:07:11 | INFO    | aiogram.event | Update id=452968933 is handled. Duration 603 ms by bot id=8949896798
2026-07-22 22:07:20 | INFO    | telethon.network.mtprotosender | Connecting to 149.154.171.5:443/TcpFull...
2026-07-22 22:07:21 | INFO    | telethon.network.mtprotosender | Connection to 149.154.171.5:443/TcpFull complete!
2026-07-22 22:07:21 | INFO    | aiogram.event | Update id=452968934 is handled. Duration 961 ms by bot id=8949896798
2026-07-22 22:07:55 | INFO    | aiogram.event | Update id=452968935 is handled. Duration 192 ms by bot id=8949896798
2026-07-22 22:08:09 | INFO    | aiogram.event | Update id=452968936 is handled. Duration 192 ms by bot id=8949896798
2026-07-22 22:08:30 | INFO    | aiogram.event | Update id=452968937 is handled. Duration 325 ms by bot id=8949896798
2026-07-22 22:08:33 | INFO    | campaign | ▶ Раунд 1/5 | язык=Русский | жалобы=Подделка документов
2026-07-22 22:08:33 | INFO    | aiogram.event | Update id=452968938 is handled. Duration 348 ms by bot id=8949896798
2026-07-22 22:08:33 | INFO    | telethon.network.mtprotosender | Connecting to 149.154.171.5:443/TcpFull...
2026-07-22 22:08:33 | INFO    | telethon.network.mtprotosender | Connection to 149.154.171.5:443/TcpFull complete!
2026-07-22 22:08:34 | ERROR   | accounts | refresh_account 19314605827 failed
Traceback (most recent call last):
  File "D:\shit\telegrambot\jalobyBot\accounts.py", line 237, in refresh_account
    client = await self.get_client(account_id)
             ^^^^^^^^^^^^^^^^^^^^^^^^^^^^^^^^^
  File "D:\shit\telegrambot\jalobyBot\accounts.py", line 208, in get_client
    await client.connect()
  File "C:\Users\Professional\AppData\Roaming\Python\Python314\site-packages\telethon\client\telegrambaseclient.py", line 611, in connect
    await self._sender.send(functions.InvokeWithLayerRequest(LAYER, req))
telethon.errors.rpcerrorlist.AuthKeyDuplicatedError: The authorization key (session file) was used under two different IP addresses simultaneously, and can no longer be used. Use the same session exclusively, or use different sessions (caused by InvokeWithLayerRequest(InitConnectionRequest(GetConfigRequest)))
2026-07-22 22:08:34 | INFO    | campaign | Аккаунт 19314605827 (1/1) → 12 бот(ов)
2026-07-22 22:08:34 | INFO    | telethon.network.mtprotosender | Connecting to 149.154.171.5:443/TcpFull...
2026-07-22 22:08:35 | INFO    | telethon.network.mtprotosender | Connection to 149.154.171.5:443/TcpFull complete!
2026-07-22 22:08:35 | ERROR   | campaign | process resellerashabot via 19314605827
Traceback (most recent call last):
  File "D:\shit\telegrambot\jalobyBot\campaign.py", line 221, in _run
    await self._process_target(
        account_id, username, phrases, lang, category
    )
  File "D:\shit\telegrambot\jalobyBot\campaign.py", line 287, in _process_target
    client = await account_manager.get_client(account_id)
             ^^^^^^^^^^^^^^^^^^^^^^^^^^^^^^^^^^^^^^^^^^^^
  File "D:\shit\telegrambot\jalobyBot\accounts.py", line 208, in get_client
    await client.connect()
  File "C:\Users\Professional\AppData\Roaming\Python\Python314\site-packages\telethon\client\telegrambaseclient.py", line 611, in connect
    await self._sender.send(functions.InvokeWithLayerRequest(LAYER, req))
telethon.errors.rpcerrorlist.AuthKeyDuplicatedError: The authorization key (session file) was used under two different IP addresses simultaneously, and can no longer be used. Use the same session exclusively, or use different sessions (caused by InvokeWithLayerRequest(InitConnectionRequest(GetConfigRequest)))
2026-07-22 22:08:35 | INFO    | campaign | Ошибка 19314605827 → @resellerashabot: The authorization key (session file) was used under two different IP addresses simultaneously, and can no longer be used. Use the same session exclusively, or use different sessions (caused by InvokeWithLayerRequest(InitConnectionRequest(GetConfigRequest)))
2026-07-22 22:08:36 | INFO    | telethon.network.mtprotosender | Connecting to 149.154.171.5:443/TcpFull...
2026-07-22 22:08:36 | INFO    | telethon.network.mtprotosender | Connection to 149.154.171.5:443/TcpFull complete!
2026-07-22 22:08:36 | ERROR   | campaign | process rqbhdg7gv3s0mdfjb0bot via 19314605827
Traceback (most recent call last):
  File "D:\shit\telegrambot\jalobyBot\campaign.py", line 221, in _run
    await self._process_target(
        account_id, username, phrases, lang, category
    )
  File "D:\shit\telegrambot\jalobyBot\campaign.py", line 287, in _process_target
    client = await account_manager.get_client(account_id)
             ^^^^^^^^^^^^^^^^^^^^^^^^^^^^^^^^^^^^^^^^^^^^
  File "D:\shit\telegrambot\jalobyBot\accounts.py", line 208, in get_client
    await client.connect()
  File "C:\Users\Professional\AppData\Roaming\Python\Python314\site-packages\telethon\client\telegrambaseclient.py", line 611, in connect
    await self._sender.send(functions.InvokeWithLayerRequest(LAYER, req))
telethon.errors.rpcerrorlist.AuthKeyDuplicatedError: The authorization key (session file) was used under two different IP addresses simultaneously, and can no longer be used. Use the same session exclusively, or use different sessions (caused by InvokeWithLayerRequest(InitConnectionRequest(GetConfigRequest)))
2026-07-22 22:08:36 | INFO    | campaign | Ошибка 19314605827 → @rqbhdg7gv3s0mdfjb0bot: The authorization key (session file) was used under two different IP addresses simultaneously, and can no longer be used. Use the same session exclusively, or use different sessions (caused by InvokeWithLayerRequest(InitConnectionRequest(GetConfigRequest)))
2026-07-22 22:08:37 | INFO    | telethon.network.mtprotosender | Connecting to 149.154.171.5:443/TcpFull...
2026-07-22 22:08:37 | INFO    | telethon.network.mtprotosender | Connection to 149.154.171.5:443/TcpFull complete!
2026-07-22 22:08:37 | ERROR   | campaign | process ciu638drfyejpulsekbot via 19314605827
Traceback (most recent call last):
  File "D:\shit\telegrambot\jalobyBot\campaign.py", line 221, in _run
    await self._process_target(
        account_id, username, phrases, lang, category
    )
  File "D:\shit\telegrambot\jalobyBot\campaign.py", line 287, in _process_target
    client = await account_manager.get_client(account_id)
             ^^^^^^^^^^^^^^^^^^^^^^^^^^^^^^^^^^^^^^^^^^^^
  File "D:\shit\telegrambot\jalobyBot\accounts.py", line 208, in get_client
    await client.connect()
  File "C:\Users\Professional\AppData\Roaming\Python\Python314\site-packages\telethon\client\telegrambaseclient.py", line 611, in connect
    await self._sender.send(functions.InvokeWithLayerRequest(LAYER, req))
telethon.errors.rpcerrorlist.AuthKeyDuplicatedError: The authorization key (session file) was used under two different IP addresses simultaneously, and can no longer be used. Use the same session exclusively, or use different sessions (caused by InvokeWithLayerRequest(InitConnectionRequest(GetConfigRequest)))
2026-07-22 22:08:37 | INFO    | campaign | Ошибка 19314605827 → @ciu638drfyejpulsekbot: The authorization key (session file) was used under two different IP addresses simultaneously, and can no longer be used. Use the same session exclusively, or use different sessions (caused by InvokeWithLayerRequest(InitConnectionRequest(GetConfigRequest)))
2026-07-22 22:08:38 | INFO    | telethon.network.mtprotosender | Connecting to 149.154.171.5:443/TcpFull...
2026-07-22 22:08:38 | INFO    | telethon.network.mtprotosender | Connection to 149.154.171.5:443/TcpFull complete!
2026-07-22 22:08:38 | ERROR   | campaign | process ay9bf5wwupuac8dmpwbot via 19314605827
Traceback (most recent call last):
  File "D:\shit\telegrambot\jalobyBot\campaign.py", line 221, in _run
    await self._process_target(
        account_id, username, phrases, lang, category
    )
  File "D:\shit\telegrambot\jalobyBot\campaign.py", line 287, in _process_target
    client = await account_manager.get_client(account_id)
             ^^^^^^^^^^^^^^^^^^^^^^^^^^^^^^^^^^^^^^^^^^^^
  File "D:\shit\telegrambot\jalobyBot\accounts.py", line 208, in get_client
    await client.connect()
  File "C:\Users\Professional\AppData\Roaming\Python\Python314\site-packages\telethon\client\telegrambaseclient.py", line 611, in connect
    await self._sender.send(functions.InvokeWithLayerRequest(LAYER, req))
telethon.errors.rpcerrorlist.AuthKeyDuplicatedError: The authorization key (session file) was used under two different IP addresses simultaneously, and can no longer be used. Use the same session exclusively, or use different sessions (caused by InvokeWithLayerRequest(InitConnectionRequest(GetConfigRequest)))
2026-07-22 22:08:38 | INFO    | campaign | Ошибка 19314605827 → @ay9bf5wwupuac8dmpwbot: The authorization key (session file) was used under two different IP addresses simultaneously, and can no longer be used. Use the same session exclusively, or use different sessions (caused by InvokeWithLayerRequest(InitConnectionRequest(GetConfigRequest)))
2026-07-22 22:08:39 | INFO    | telethon.network.mtprotosender | Connecting to 149.154.171.5:443/TcpFull...
2026-07-22 22:08:39 | INFO    | telethon.network.mtprotosender | Connection to 149.154.171.5:443/TcpFull complete!
2026-07-22 22:08:40 | ERROR   | campaign | process lhtulwtgbot via 19314605827
Traceback (most recent call last):
  File "D:\shit\telegrambot\jalobyBot\campaign.py", line 221, in _run
    await self._process_target(
        account_id, username, phrases, lang, category
    )
  File "D:\shit\telegrambot\jalobyBot\campaign.py", line 287, in _process_target
    client = await account_manager.get_client(account_id)
             ^^^^^^^^^^^^^^^^^^^^^^^^^^^^^^^^^^^^^^^^^^^^
  File "D:\shit\telegrambot\jalobyBot\accounts.py", line 208, in get_client
    await client.connect()
  File "C:\Users\Professional\AppData\Roaming\Python\Python314\site-packages\telethon\client\telegrambaseclient.py", line 611, in connect
    await self._sender.send(functions.InvokeWithLayerRequest(LAYER, req))
telethon.errors.rpcerrorlist.AuthKeyDuplicatedError: The authorization key (session file) was used under two different IP addresses simultaneously, and can no longer be used. Use the same session exclusively, or use different sessions (caused by InvokeWithLayerRequest(InitConnectionRequest(GetConfigRequest)))
2026-07-22 22:08:40 | INFO    | campaign | Ошибка 19314605827 → @lhtulwtgbot: The authorization key (session file) was used under two different IP addresses simultaneously, and can no longer be used. Use the same session exclusively, or use different sessions (caused by InvokeWithLayerRequest(InitConnectionRequest(GetConfigRequest)))
2026-07-22 22:08:40 | INFO    | telethon.network.mtprotosender | Connecting to 149.154.171.5:443/TcpFull...
2026-07-22 22:08:40 | INFO    | telethon.network.mtprotosender | Connection to 149.154.171.5:443/TcpFull complete!
2026-07-22 22:08:41 | ERROR   | campaign | process haporenbot via 19314605827
Traceback (most recent call last):
  File "D:\shit\telegrambot\jalobyBot\campaign.py", line 221, in _run
    await self._process_target(
        account_id, username, phrases, lang, category
    )
  File "D:\shit\telegrambot\jalobyBot\campaign.py", line 287, in _process_target
    client = await account_manager.get_client(account_id)
             ^^^^^^^^^^^^^^^^^^^^^^^^^^^^^^^^^^^^^^^^^^^^
  File "D:\shit\telegrambot\jalobyBot\accounts.py", line 208, in get_client
    await client.connect()
  File "C:\Users\Professional\AppData\Roaming\Python\Python314\site-packages\telethon\client\telegrambaseclient.py", line 611, in connect
    await self._sender.send(functions.InvokeWithLayerRequest(LAYER, req))
telethon.errors.rpcerrorlist.AuthKeyDuplicatedError: The authorization key (session file) was used under two different IP addresses simultaneously, and can no longer be used. Use the same session exclusively, or use different sessions (caused by InvokeWithLayerRequest(InitConnectionRequest(GetConfigRequest)))
2026-07-22 22:08:41 | INFO    | campaign | Ошибка 19314605827 → @haporenbot: The authorization key (session file) was used under two different IP addresses simultaneously, and can no longer be used. Use the same session exclusively, or use different sessions (caused by InvokeWithLayerRequest(InitConnectionRequest(GetConfigRequest)))
2026-07-22 22:08:41 | INFO    | telethon.network.mtprotosender | Connecting to 149.154.171.5:443/TcpFull...
2026-07-22 22:08:41 | INFO    | telethon.network.mtprotosender | Connection to 149.154.171.5:443/TcpFull complete!
2026-07-22 22:08:42 | ERROR   | campaign | process timbukturobot via 19314605827
Traceback (most recent call last):
  File "D:\shit\telegrambot\jalobyBot\campaign.py", line 221, in _run
    await self._process_target(
        account_id, username, phrases, lang, category
    )
  File "D:\shit\telegrambot\jalobyBot\campaign.py", line 287, in _process_target
    client = await account_manager.get_client(account_id)
             ^^^^^^^^^^^^^^^^^^^^^^^^^^^^^^^^^^^^^^^^^^^^
  File "D:\shit\telegrambot\jalobyBot\accounts.py", line 208, in get_client
    await client.connect()
  File "C:\Users\Professional\AppData\Roaming\Python\Python314\site-packages\telethon\client\telegrambaseclient.py", line 611, in connect
    await self._sender.send(functions.InvokeWithLayerRequest(LAYER, req))
telethon.errors.rpcerrorlist.AuthKeyDuplicatedError: The authorization key (session file) was used under two different IP addresses simultaneously, and can no longer be used. Use the same session exclusively, or use different sessions (caused by InvokeWithLayerRequest(InitConnectionRequest(GetConfigRequest)))
2026-07-22 22:08:42 | INFO    | campaign | Ошибка 19314605827 → @timbukturobot: The authorization key (session file) was used under two different IP addresses simultaneously, and can no longer be used. Use the same session exclusively, or use different sessions (caused by InvokeWithLayerRequest(InitConnectionRequest(GetConfigRequest)))
2026-07-22 22:08:42 | INFO    | telethon.network.mtprotosender | Connecting to 149.154.171.5:443/TcpFull...
2026-07-22 22:08:43 | INFO    | telethon.network.mtprotosender | Connection to 149.154.171.5:443/TcpFull complete!
2026-07-22 22:08:43 | ERROR   | campaign | process thirtiethrobot via 19314605827
Traceback (most recent call last):
  File "D:\shit\telegrambot\jalobyBot\campaign.py", line 221, in _run
    await self._process_target(
        account_id, username, phrases, lang, category
    )
  File "D:\shit\telegrambot\jalobyBot\campaign.py", line 287, in _process_target
    client = await account_manager.get_client(account_id)
             ^^^^^^^^^^^^^^^^^^^^^^^^^^^^^^^^^^^^^^^^^^^^
  File "D:\shit\telegrambot\jalobyBot\accounts.py", line 208, in get_client
    await client.connect()
  File "C:\Users\Professional\AppData\Roaming\Python\Python314\site-packages\telethon\client\telegrambaseclient.py", line 611, in connect
    await self._sender.send(functions.InvokeWithLayerRequest(LAYER, req))
telethon.errors.rpcerrorlist.AuthKeyDuplicatedError: The authorization key (session file) was used under two different IP addresses simultaneously, and can no longer be used. Use the same session exclusively, or use different sessions (caused by InvokeWithLayerRequest(InitConnectionRequest(GetConfigRequest)))
2026-07-22 22:08:43 | INFO    | campaign | Ошибка 19314605827 → @thirtiethrobot: The authorization key (session file) was used under two different IP addresses simultaneously, and can no longer be used. Use the same session exclusively, or use different sessions (caused by InvokeWithLayerRequest(InitConnectionRequest(GetConfigRequest)))
2026-07-22 22:08:43 | INFO    | telethon.network.mtprotosender | Connecting to 149.154.171.5:443/TcpFull...
2026-07-22 22:08:44 | INFO    | telethon.network.mtprotosender | Connection to 149.154.171.5:443/TcpFull complete!
2026-07-22 22:08:44 | ERROR   | campaign | process onondagarobot via 19314605827
Traceback (most recent call last):
  File "D:\shit\telegrambot\jalobyBot\campaign.py", line 221, in _run
    await self._process_target(
        account_id, username, phrases, lang, category
    )
  File "D:\shit\telegrambot\jalobyBot\campaign.py", line 287, in _process_target
    client = await account_manager.get_client(account_id)
             ^^^^^^^^^^^^^^^^^^^^^^^^^^^^^^^^^^^^^^^^^^^^
  File "D:\shit\telegrambot\jalobyBot\accounts.py", line 208, in get_client
    await client.connect()
  File "C:\Users\Professional\AppData\Roaming\Python\Python314\site-packages\telethon\client\telegrambaseclient.py", line 611, in connect
    await self._sender.send(functions.InvokeWithLayerRequest(LAYER, req))
telethon.errors.rpcerrorlist.AuthKeyDuplicatedError: The authorization key (session file) was used under two different IP addresses simultaneously, and can no longer be used. Use the same session exclusively, or use different sessions (caused by InvokeWithLayerRequest(InitConnectionRequest(GetConfigRequest)))
2026-07-22 22:08:44 | INFO    | campaign | Ошибка 19314605827 → @onondagarobot: The authorization key (session file) was used under two different IP addresses simultaneously, and can no longer be used. Use the same session exclusively, or use different sessions (caused by InvokeWithLayerRequest(InitConnectionRequest(GetConfigRequest)))
2026-07-22 22:08:45 | INFO    | telethon.network.mtprotosender | Connecting to 149.154.171.5:443/TcpFull...
2026-07-22 22:08:45 | INFO    | telethon.network.mtprotosender | Connection to 149.154.171.5:443/TcpFull complete!
2026-07-22 22:08:45 | INFO    | campaign | Остановка кампании…
2026-07-22 22:08:45 | ERROR   | campaign | process trigger1robot via 19314605827
Traceback (most recent call last):
  File "D:\shit\telegrambot\jalobyBot\campaign.py", line 221, in _run
    await self._process_target(
        account_id, username, phrases, lang, category
    )
  File "D:\shit\telegrambot\jalobyBot\campaign.py", line 287, in _process_target
    client = await account_manager.get_client(account_id)
             ^^^^^^^^^^^^^^^^^^^^^^^^^^^^^^^^^^^^^^^^^^^^
  File "D:\shit\telegrambot\jalobyBot\accounts.py", line 208, in get_client
    await client.connect()
  File "C:\Users\Professional\AppData\Roaming\Python\Python314\site-packages\telethon\client\telegrambaseclient.py", line 611, in connect
    await self._sender.send(functions.InvokeWithLayerRequest(LAYER, req))
telethon.errors.rpcerrorlist.AuthKeyDuplicatedError: The authorization key (session file) was used under two different IP addresses simultaneously, and can no longer be used. Use the same session exclusively, or use different sessions (caused by InvokeWithLayerRequest(InitConnectionRequest(GetConfigRequest)))
2026-07-22 22:08:45 | INFO    | campaign | Ошибка 19314605827 → @trigger1robot: The authorization key (session file) was used under two different IP addresses simultaneously, and can no longer be used. Use the same session exclusively, or use different sessions (caused by InvokeWithLayerRequest(InitConnectionRequest(GetConfigRequest)))
2026-07-22 22:08:46 | INFO    | aiogram.event | Update id=452968939 is handled. Duration 734 ms by bot id=8949896798
2026-07-22 22:08:46 | INFO    | campaign | ■ Кампания завершена (stopped). Через 12ч придёт контроль удаления целевых ботов.
2026-07-22 22:09:48 | WARNING | telethon.network.connection.connection | Server closed the connection: 0 bytes read on a total of 8 expected bytes
2026-07-22 22:09:48 | INFO    | telethon.network.mtprotosender | Connection closed while receiving data: 0 bytes read on a total of 8 expected bytes
2026-07-22 22:09:48 | INFO    | telethon.network.mtprotosender | Closing current connection to begin reconnect...
2026-07-22 22:09:48 | INFO    | telethon.network.mtprotosender | Connecting to 149.154.171.5:443/TcpFull...
2026-07-22 22:09:48 | INFO    | telethon.network.mtprotosender | Connection to 149.154.171.5:443/TcpFull complete!
2026-07-22 22:09:49 | WARNING | telethon.network.connection.connection | Server closed the connection: 0 bytes read on a total of 8 expected bytes
2026-07-22 22:09:49 | INFO    | telethon.network.mtprotosender | Connection closed while receiving data: 0 bytes read on a total of 8 expected bytes
2026-07-22 22:09:49 | INFO    | telethon.network.mtprotosender | Closing current connection to begin reconnect...
2026-07-22 22:09:49 | INFO    | telethon.network.mtprotosender | Connecting to 149.154.171.5:443/TcpFull...
2026-07-22 22:09:49 | WARNING | telethon.client.updates | Error executing high-level request after reconnect: <class 'telethon.errors.rpcerrorlist.AuthKeyDuplicatedError'>: The authorization key (session file) was used under two different IP addresses simultaneously, and can no longer be used. Use the same session exclusively, or use different sessions (caused by GetUsersRequest)
2026-07-22 22:09:49 | INFO    | telethon.network.mtprotosender | Connection to 149.154.171.5:443/TcpFull complete!
2026-07-22 22:09:49 | WARNING | telethon.network.connection.connection | Server closed the connection: 0 bytes read on a total of 8 expected bytes
2026-07-22 22:09:49 | INFO    | telethon.network.mtprotosender | Connection closed while receiving data: 0 bytes read on a total of 8 expected bytes
2026-07-22 22:09:49 | INFO    | telethon.network.mtprotosender | Closing current connection to begin reconnect...
2026-07-22 22:09:49 | INFO    | telethon.network.mtprotosender | Connecting to 149.154.171.5:443/TcpFull...
2026-07-22 22:09:49 | WARNING | telethon.client.updates | Error executing high-level request after reconnect: <class 'telethon.errors.rpcerrorlist.AuthKeyDuplicatedError'>: The authorization key (session file) was used under two different IP addresses simultaneously, and can no longer be used. Use the same session exclusively, or use different sessions (caused by GetUsersRequest)
2026-07-22 22:09:49 | INFO    | telethon.network.mtprotosender | Connection to 149.154.171.5:443/TcpFull complete!
2026-07-22 22:09:49 | WARNING | telethon.network.connection.connection | Server closed the connection: 0 bytes read on a total of 8 expected bytes
2026-07-22 22:09:49 | INFO    | telethon.network.mtprotosender | Connection closed while receiving data: 0 bytes read on a total of 8 expected bytes
2026-07-22 22:09:49 | INFO    | telethon.network.mtprotosender | Closing current connection to begin reconnect...
2026-07-22 22:09:49 | INFO    | telethon.network.mtprotosender | Connecting to 149.154.171.5:443/TcpFull...
2026-07-22 22:09:49 | WARNING | telethon.client.updates | Error executing high-level request after reconnect: <class 'telethon.errors.rpcerrorlist.AuthKeyDuplicatedError'>: The authorization key (session file) was used under two different IP addresses simultaneously, and can no longer be used. Use the same session exclusively, or use different sessions (caused by GetUsersRequest)
2026-07-22 22:09:50 | INFO    | telethon.network.mtprotosender | Connection to 149.154.171.5:443/TcpFull complete!
2026-07-22 22:09:50 | WARNING | telethon.network.connection.connection | Server closed the connection: 0 bytes read on a total of 8 expected bytes
2026-07-22 22:09:50 | INFO    | telethon.network.mtprotosender | Connection closed while receiving data: 0 bytes read on a total of 8 expected bytes
2026-07-22 22:09:50 | INFO    | telethon.network.mtprotosender | Closing current connection to begin reconnect...
2026-07-22 22:09:50 | INFO    | telethon.network.mtprotosender | Connecting to 149.154.171.5:443/TcpFull...
2026-07-22 22:09:50 | WARNING | telethon.client.updates | Error executing high-level request after reconnect: <class 'telethon.errors.rpcerrorlist.AuthKeyDuplicatedError'>: The authorization key (session file) was used under two different IP addresses simultaneously, and can no longer be used. Use the same session exclusively, or use different sessions (caused by GetUsersRequest)
2026-07-22 22:09:50 | INFO    | telethon.network.mtprotosender | Connection to 149.154.171.5:443/TcpFull complete!
2026-07-22 22:09:50 | WARNING | telethon.network.connection.connection | Server closed the connection: 0 bytes read on a total of 8 expected bytes
2026-07-22 22:09:50 | INFO    | telethon.network.mtprotosender | Connection closed while receiving data: 0 bytes read on a total of 8 expected bytes
2026-07-22 22:09:50 | INFO    | telethon.network.mtprotosender | Closing current connection to begin reconnect...
2026-07-22 22:09:50 | INFO    | telethon.network.mtprotosender | Connecting to 149.154.171.5:443/TcpFull...
2026-07-22 22:09:50 | WARNING | telethon.client.updates | Error executing high-level request after reconnect: <class 'telethon.errors.rpcerrorlist.AuthKeyDuplicatedError'>: The authorization key (session file) was used under two different IP addresses simultaneously, and can no longer be used. Use the same session exclusively, or use different sessions (caused by GetUsersRequest)
2026-07-22 22:09:50 | INFO    | telethon.network.mtprotosender | Connection to 149.154.171.5:443/TcpFull complete!
2026-07-22 22:09:50 | WARNING | telethon.network.connection.connection | Server closed the connection: 0 bytes read on a total of 8 expected bytes
2026-07-22 22:09:50 | INFO    | telethon.network.mtprotosender | Connection closed while receiving data: 0 bytes read on a total of 8 expected bytes
2026-07-22 22:09:50 | INFO    | telethon.network.mtprotosender | Closing current connection to begin reconnect...
2026-07-22 22:09:50 | INFO    | telethon.network.mtprotosender | Connecting to 149.154.171.5:443/TcpFull...
2026-07-22 22:09:51 | WARNING | telethon.client.updates | Error executing high-level request after reconnect: <class 'telethon.errors.rpcerrorlist.AuthKeyDuplicatedError'>: The authorization key (session file) was used under two different IP addresses simultaneously, and can no longer be used. Use the same session exclusively, or use different sessions (caused by GetUsersRequest)
2026-07-22 22:09:51 | INFO    | telethon.network.mtprotosender | Connection to 149.154.171.5:443/TcpFull complete!
2026-07-22 22:09:51 | WARNING | telethon.network.connection.connection | Server closed the connection: 0 bytes read on a total of 8 expected bytes
2026-07-22 22:09:51 | INFO    | telethon.network.mtprotosender | Connection closed while receiving data: 0 bytes read on a total of 8 expected bytes
2026-07-22 22:09:51 | INFO    | telethon.network.mtprotosender | Closing current connection to begin reconnect...
2026-07-22 22:09:51 | INFO    | telethon.network.mtprotosender | Connecting to 149.154.171.5:443/TcpFull...
2026-07-22 22:09:51 | WARNING | telethon.client.updates | Error executing high-level request after reconnect: <class 'telethon.errors.rpcerrorlist.AuthKeyDuplicatedError'>: The authorization key (session file) was used under two different IP addresses simultaneously, and can no longer be used. Use the same session exclusively, or use different sessions (caused by GetUsersRequest)
2026-07-22 22:09:51 | INFO    | telethon.network.mtprotosender | Connection to 149.154.171.5:443/TcpFull complete!
2026-07-22 22:09:51 | WARNING | telethon.network.connection.connection | Server closed the connection: 0 bytes read on a total of 8 expected bytes
2026-07-22 22:09:51 | INFO    | telethon.network.mtprotosender | Connection closed while receiving data: 0 bytes read on a total of 8 expected bytes
2026-07-22 22:09:51 | INFO    | telethon.network.mtprotosender | Closing current connection to begin reconnect...
2026-07-22 22:09:51 | INFO    | telethon.network.mtprotosender | Connecting to 149.154.171.5:443/TcpFull...
2026-07-22 22:09:51 | WARNING | telethon.client.updates | Error executing high-level request after reconnect: <class 'telethon.errors.rpcerrorlist.AuthKeyDuplicatedError'>: The authorization key (session file) was used under two different IP addresses simultaneously, and can no longer be used. Use the same session exclusively, or use different sessions (caused by GetUsersRequest)
2026-07-22 22:09:51 | INFO    | telethon.network.mtprotosender | Connection to 149.154.171.5:443/TcpFull complete!
2026-07-22 22:09:52 | WARNING | telethon.network.connection.connection | Server closed the connection: 0 bytes read on a total of 8 expected bytes
2026-07-22 22:09:52 | INFO    | telethon.network.mtprotosender | Connection closed while receiving data: 0 bytes read on a total of 8 expected bytes
2026-07-22 22:09:52 | INFO    | telethon.network.mtprotosender | Closing current connection to begin reconnect...
2026-07-22 22:09:52 | INFO    | telethon.network.mtprotosender | Connecting to 149.154.171.5:443/TcpFull...
2026-07-22 22:09:52 | WARNING | telethon.client.updates | Error executing high-level request after reconnect: <class 'telethon.errors.rpcerrorlist.AuthKeyDuplicatedError'>: The authorization key (session file) was used under two different IP addresses simultaneously, and can no longer be used. Use the same session exclusively, or use different sessions (caused by GetUsersRequest)
2026-07-22 22:09:52 | INFO    | telethon.network.mtprotosender | Connection to 149.154.171.5:443/TcpFull complete!
2026-07-22 22:09:52 | WARNING | telethon.network.connection.connection | Server closed the connection: 0 bytes read on a total of 8 expected bytes
2026-07-22 22:09:52 | INFO    | telethon.network.mtprotosender | Connection closed while receiving data: 0 bytes read on a total of 8 expected bytes
2026-07-22 22:09:52 | INFO    | telethon.network.mtprotosender | Closing current connection to begin reconnect...
2026-07-22 22:09:52 | INFO    | telethon.network.mtprotosender | Connecting to 149.154.171.5:443/TcpFull...
2026-07-22 22:09:52 | WARNING | telethon.client.updates | Error executing high-level request after reconnect: <class 'telethon.errors.rpcerrorlist.AuthKeyDuplicatedError'>: The authorization key (session file) was used under two different IP addresses simultaneously, and can no longer be used. Use the same session exclusively, or use different sessions (caused by GetUsersRequest)
2026-07-22 22:09:52 | INFO    | telethon.network.mtprotosender | Connection to 149.154.171.5:443/TcpFull complete!
2026-07-22 22:09:52 | WARNING | telethon.network.connection.connection | Server closed the connection: 0 bytes read on a total of 8 expected bytes
2026-07-22 22:09:52 | INFO    | telethon.network.mtprotosender | Connection closed while receiving data: 0 bytes read on a total of 8 expected bytes
2026-07-22 22:09:52 | INFO    | telethon.network.mtprotosender | Closing current connection to begin reconnect...
2026-07-22 22:09:52 | INFO    | telethon.network.mtprotosender | Connecting to 149.154.171.5:443/TcpFull...
2026-07-22 22:09:52 | WARNING | telethon.client.updates | Error executing high-level request after reconnect: <class 'telethon.errors.rpcerrorlist.AuthKeyDuplicatedError'>: The authorization key (session file) was used under two different IP addresses simultaneously, and can no longer be used. Use the same session exclusively, or use different sessions (caused by GetUsersRequest)
2026-07-22 22:09:53 | INFO    | telethon.network.mtprotosender | Connection to 149.154.171.5:443/TcpFull complete!
2026-07-22 22:09:53 | WARNING | telethon.client.updates | Error executing high-level request after reconnect: <class 'telethon.errors.rpcerrorlist.AuthKeyDuplicatedError'>: The authorization key (session file) was used under two different IP addresses simultaneously, and can no longer be used. Use the same session exclusively, or use different sessions (caused by GetUsersRequest)
2026-07-22 22:11:35 | INFO    | telethon.network.mtprotosender | Connecting to 149.154.171.5:443/TcpFull...
2026-07-22 22:11:35 | INFO    | telethon.network.mtprotosender | Connection to 149.154.171.5:443/TcpFull complete!
2026-07-22 22:11:35 | ERROR   | accounts | refresh_account 19314605827 failed
Traceback (most recent call last):
  File "D:\shit\telegrambot\jalobyBot\accounts.py", line 237, in refresh_account
    client = await self.get_client(account_id)
             ^^^^^^^^^^^^^^^^^^^^^^^^^^^^^^^^^
  File "D:\shit\telegrambot\jalobyBot\accounts.py", line 208, in get_client
    await client.connect()
  File "C:\Users\Professional\AppData\Roaming\Python\Python314\site-packages\telethon\client\telegrambaseclient.py", line 611, in connect
    await self._sender.send(functions.InvokeWithLayerRequest(LAYER, req))
telethon.errors.rpcerrorlist.AuthKeyDuplicatedError: The authorization key (session file) was used under two different IP addresses simultaneously, and can no longer be used. Use the same session exclusively, or use different sessions (caused by InvokeWithLayerRequest(InitConnectionRequest(GetConfigRequest)))
2026-07-22 22:11:36 | INFO    | aiogram.event | Update id=452968940 is handled. Duration 917 ms by bot id=8949896798
2026-07-22 22:11:40 | INFO    | aiogram.event | Update id=452968941 is handled. Duration 168 ms by bot id=8949896798
2026-07-22 22:11:42 | INFO    | aiogram.event | Update id=452968942 is handled. Duration 172 ms by bot id=8949896798
2026-07-22 22:11:45 | INFO    | aiogram.event | Update id=452968943 is handled. Duration 329 ms by bot id=8949896798
2026-07-22 22:16:40 | INFO    | aiogram.dispatcher | Polling stopped
2026-07-22 22:16:40 | ERROR   | aiogram.dispatcher | Failed to fetch updates - TelegramNetworkError: HTTP Client says - ServerDisconnectedError: Server disconnected
2026-07-22 22:16:40 | WARNING | aiogram.dispatcher | Sleep for 1.000000 seconds and try again... (tryings = 0, bot id = 8949896798)
2026-07-22 22:16:40 | INFO    | aiogram.dispatcher | Polling stopped for bot @Warningstetestetest_bot id=8949896798 - 'WarningstetestetestBot'
2026-07-22 22:28:12 | INFO    | __main__ | Starting control bot… admins={6761476152, 8569476923, 7362573437}
2026-07-22 22:28:12 | INFO    | aiogram.dispatcher | Start polling
2026-07-22 22:28:12 | INFO    | aiogram.dispatcher | Run polling for bot @Warningstetestetest_bot id=8949896798 - 'WarningstetestetestBot'
2026-07-22 22:28:54 | INFO    | aiogram.event | Update id=452968944 is handled. Duration 273 ms by bot id=8949896798
2026-07-22 22:28:56 | INFO    | aiogram.event | Update id=452968945 is handled. Duration 327 ms by bot id=8949896798
2026-07-22 22:29:37 | INFO    | telethon.network.mtprotosender | Connecting to 149.154.175.50:443/TcpFull...
2026-07-22 22:29:37 | INFO    | telethon.network.mtprotosender | Connection to 149.154.175.50:443/TcpFull complete!
2026-07-22 22:29:38 | INFO    | telethon.network.mtprotosender | Disconnecting from 149.154.175.50:443/TcpFull...
2026-07-22 22:29:38 | INFO    | telethon.network.mtprotosender | Disconnection from 149.154.175.50:443/TcpFull complete!
2026-07-22 22:29:38 | INFO    | telethon.network.mtprotosender | Connecting to 149.154.175.50:443/TcpFull...
2026-07-22 22:29:38 | INFO    | telethon.network.mtprotosender | Connection to 149.154.175.50:443/TcpFull complete!
2026-07-22 22:29:42 | INFO    | aiogram.event | Update id=452968946 is handled. Duration 5287 ms by bot id=8949896798
2026-07-22 22:29:47 | INFO    | aiogram.event | Update id=452968947 is handled. Duration 171 ms by bot id=8949896798
2026-07-22 22:29:50 | INFO    | aiogram.event | Update id=452968948 is handled. Duration 170 ms by bot id=8949896798
2026-07-22 22:29:52 | INFO    | aiogram.event | Update id=452968949 is handled. Duration 325 ms by bot id=8949896798
2026-07-22 22:30:00 | INFO    | aiogram.event | Update id=452968950 is handled. Duration 168 ms by bot id=8949896798
2026-07-22 22:30:02 | INFO    | aiogram.event | Update id=452968951 is handled. Duration 327 ms by bot id=8949896798
2026-07-22 22:30:06 | INFO    | telethon.network.mtprotosender | Connecting to 149.154.175.50:443/TcpFull...
2026-07-22 22:30:06 | INFO    | telethon.network.mtprotosender | Connection to 149.154.175.50:443/TcpFull complete!
2026-07-22 22:30:07 | INFO    | telethon.network.mtprotosender | Disconnecting from 149.154.175.50:443/TcpFull...
2026-07-22 22:30:07 | INFO    | telethon.network.mtprotosender | Disconnection from 149.154.175.50:443/TcpFull complete!
2026-07-22 22:30:07 | INFO    | telethon.network.mtprotosender | Connecting to 149.154.175.50:443/TcpFull...
2026-07-22 22:30:08 | INFO    | telethon.network.mtprotosender | Connection to 149.154.175.50:443/TcpFull complete!
2026-07-22 22:30:11 | INFO    | aiogram.event | Update id=452968952 is handled. Duration 5317 ms by bot id=8949896798
2026-07-22 22:30:14 | INFO    | aiogram.event | Update id=452968953 is handled. Duration 171 ms by bot id=8949896798
2026-07-22 22:30:16 | INFO    | aiogram.event | Update id=452968954 is handled. Duration 333 ms by bot id=8949896798
2026-07-22 22:30:23 | INFO    | aiogram.event | Update id=452968955 is handled. Duration 169 ms by bot id=8949896798
2026-07-22 22:30:25 | INFO    | aiogram.event | Update id=452968956 is handled. Duration 327 ms by bot id=8949896798
2026-07-22 22:30:29 | INFO    | telethon.network.mtprotosender | Connecting to 149.154.171.5:443/TcpFull...
2026-07-22 22:30:29 | INFO    | telethon.network.mtprotosender | Connection to 149.154.171.5:443/TcpFull complete!
2026-07-22 22:30:30 | ERROR   | accounts | tdata account[0] failed
Traceback (most recent call last):
  File "D:\shit\telegrambot\jalobyBot\accounts.py", line 262, in add_from_tdata
    await client.connect()
  File "C:\Users\Professional\AppData\Roaming\Python\Python314\site-packages\telethon\client\telegrambaseclient.py", line 611, in connect
    await self._sender.send(functions.InvokeWithLayerRequest(LAYER, req))
telethon.errors.rpcerrorlist.AuthKeyDuplicatedError: The authorization key (session file) was used under two different IP addresses simultaneously, and can no longer be used. Use the same session exclusively, or use different sessions (caused by InvokeWithLayerRequest(InitConnectionRequest(GetConfigRequest)))
2026-07-22 22:30:30 | INFO    | telethon.network.mtprotosender | Disconnecting from 149.154.171.5:443/TcpFull...
2026-07-22 22:30:30 | INFO    | telethon.network.mtprotosender | Disconnection from 149.154.171.5:443/TcpFull complete!
2026-07-22 22:30:30 | ERROR   | bot_handlers | tdata import failed
Traceback (most recent call last):
  File "D:\shit\telegrambot\jalobyBot\bot_handlers.py", line 573, in on_tdata_zip
    results = await account_manager.add_from_tdata(tdata_path, passcode=passcode)
              ^^^^^^^^^^^^^^^^^^^^^^^^^^^^^^^^^^^^^^^^^^^^^^^^^^^^^^^^^^^^^^^^^^^
  File "D:\shit\telegrambot\jalobyBot\accounts.py", line 322, in add_from_tdata
    raise ValueError(f"Не удалось добавить аккаунты из tdata: {errors}")
ValueError: Не удалось добавить аккаунты из tdata: Сессия убита: tdata использовалась с другого IP (закройте Desktop и добавьте заново / войдите по номеру). Детали: The authorization key (session file) was used under two different IP addresses simultaneously, and can no longer be used. Use the same session exclusively, or use different sessions (caused by InvokeWithLayerRequest(InitConnectionRequest(GetConfigRequest)))
2026-07-22 22:30:30 | INFO    | aiogram.event | Update id=452968957 is handled. Duration 1163 ms by bot id=8949896798
2026-07-22 22:30:40 | INFO    | aiogram.event | Update id=452968958 is handled. Duration 206 ms by bot id=8949896798
2026-07-22 22:30:42 | INFO    | aiogram.event | Update id=452968959 is handled. Duration 344 ms by bot id=8949896798
2026-07-22 22:31:03 | INFO    | telethon.network.mtprotosender | Connecting to 149.154.175.50:443/TcpFull...
2026-07-22 22:31:03 | INFO    | telethon.network.mtprotosender | Connection to 149.154.175.50:443/TcpFull complete!
2026-07-22 22:31:04 | INFO    | telethon.network.mtprotosender | Disconnecting from 149.154.175.50:443/TcpFull...
2026-07-22 22:31:04 | INFO    | telethon.network.mtprotosender | Disconnection from 149.154.175.50:443/TcpFull complete!
2026-07-22 22:31:04 | INFO    | telethon.network.mtprotosender | Connecting to 149.154.175.50:443/TcpFull...
2026-07-22 22:31:04 | INFO    | telethon.network.mtprotosender | Connection to 149.154.175.50:443/TcpFull complete!
2026-07-22 22:31:07 | INFO    | aiogram.event | Update id=452968960 is handled. Duration 5158 ms by bot id=8949896798
2026-07-22 22:31:13 | INFO    | aiogram.event | Update id=452968961 is handled. Duration 170 ms by bot id=8949896798
2026-07-22 22:31:15 | INFO    | aiogram.event | Update id=452968962 is handled. Duration 326 ms by bot id=8949896798
2026-07-22 22:31:17 | INFO    | aiogram.event | Update id=452968963 is handled. Duration 167 ms by bot id=8949896798
2026-07-22 22:32:01 | INFO    | aiogram.event | Update id=452968964 is handled. Duration 168 ms by bot id=8949896798
2026-07-22 22:32:07 | INFO    | aiogram.event | Update id=452968965 is handled. Duration 327 ms by bot id=8949896798
2026-07-22 22:32:17 | INFO    | aiogram.event | Update id=452968966 is handled. Duration 170 ms by bot id=8949896798
2026-07-22 22:32:33 | INFO    | aiogram.event | Update id=452968967 is handled. Duration 202 ms by bot id=8949896798
2026-07-22 22:33:14 | INFO    | aiogram.event | Update id=452968968 is handled. Duration 469 ms by bot id=8949896798
2026-07-22 22:33:17 | INFO    | telethon.network.mtprotosender | Connecting to 149.154.175.50:443/TcpFull...
2026-07-22 22:33:17 | INFO    | telethon.network.mtprotosender | Connection to 149.154.175.50:443/TcpFull complete!
2026-07-22 22:33:18 | INFO    | telethon.network.mtprotosender | Disconnecting from 149.154.175.50:443/TcpFull...
2026-07-22 22:33:18 | INFO    | telethon.network.mtprotosender | Disconnection from 149.154.175.50:443/TcpFull complete!
2026-07-22 22:33:18 | INFO    | telethon.network.mtprotosender | Connecting to 149.154.175.50:443/TcpFull...
2026-07-22 22:33:18 | INFO    | telethon.network.mtprotosender | Connection to 149.154.175.50:443/TcpFull complete!
2026-07-22 22:33:22 | INFO    | aiogram.event | Update id=452968969 is handled. Duration 5231 ms by bot id=8949896798
2026-07-22 22:33:29 | INFO    | aiogram.event | Update id=452968970 is handled. Duration 166 ms by bot id=8949896798
2026-07-22 22:33:31 | INFO    | aiogram.event | Update id=452968971 is handled. Duration 326 ms by bot id=8949896798
2026-07-22 22:33:36 | INFO    | aiogram.event | Update id=452968972 is handled. Duration 172 ms by bot id=8949896798
2026-07-22 22:33:38 | INFO    | aiogram.event | Update id=452968973 is handled. Duration 327 ms by bot id=8949896798
2026-07-22 22:33:42 | INFO    | telethon.network.mtprotosender | Connecting to 149.154.175.50:443/TcpFull...
2026-07-22 22:33:42 | INFO    | telethon.network.mtprotosender | Connection to 149.154.175.50:443/TcpFull complete!
2026-07-22 22:33:43 | INFO    | telethon.network.mtprotosender | Disconnecting from 149.154.175.50:443/TcpFull...
2026-07-22 22:33:43 | INFO    | telethon.network.mtprotosender | Disconnection from 149.154.175.50:443/TcpFull complete!
2026-07-22 22:33:43 | INFO    | telethon.network.mtprotosender | Connecting to 149.154.175.50:443/TcpFull...
2026-07-22 22:33:43 | INFO    | telethon.network.mtprotosender | Connection to 149.154.175.50:443/TcpFull complete!
2026-07-22 22:33:47 | INFO    | aiogram.event | Update id=452968974 is handled. Duration 5115 ms by bot id=8949896798
2026-07-22 22:33:58 | INFO    | aiogram.event | Update id=452968975 is handled. Duration 171 ms by bot id=8949896798
2026-07-22 22:34:00 | INFO    | aiogram.event | Update id=452968976 is handled. Duration 334 ms by bot id=8949896798
2026-07-22 22:34:02 | INFO    | telethon.network.mtprotosender | Connecting to 149.154.175.50:443/TcpFull...
2026-07-22 22:34:02 | INFO    | telethon.network.mtprotosender | Connection to 149.154.175.50:443/TcpFull complete!
2026-07-22 22:34:03 | INFO    | telethon.network.mtprotosender | Disconnecting from 149.154.175.50:443/TcpFull...
2026-07-22 22:34:03 | INFO    | telethon.network.mtprotosender | Disconnection from 149.154.175.50:443/TcpFull complete!
2026-07-22 22:34:03 | INFO    | telethon.network.mtprotosender | Connecting to 149.154.175.50:443/TcpFull...
2026-07-22 22:34:03 | INFO    | telethon.network.mtprotosender | Connection to 149.154.175.50:443/TcpFull complete!
2026-07-22 22:34:07 | INFO    | aiogram.event | Update id=452968977 is handled. Duration 5145 ms by bot id=8949896798
2026-07-22 22:34:08 | INFO    | aiogram.event | Update id=452968978 is handled. Duration 173 ms by bot id=8949896798
2026-07-22 22:34:10 | INFO    | aiogram.event | Update id=452968979 is handled. Duration 333 ms by bot id=8949896798
2026-07-22 22:34:12 | INFO    | telethon.network.mtprotosender | Connecting to 149.154.175.50:443/TcpFull...
2026-07-22 22:34:12 | INFO    | telethon.network.mtprotosender | Connection to 149.154.175.50:443/TcpFull complete!
2026-07-22 22:34:13 | INFO    | telethon.network.mtprotosender | Disconnecting from 149.154.175.50:443/TcpFull...
2026-07-22 22:34:13 | INFO    | telethon.network.mtprotosender | Disconnection from 149.154.175.50:443/TcpFull complete!
2026-07-22 22:34:13 | INFO    | telethon.network.mtprotosender | Connecting to 149.154.175.50:443/TcpFull...
2026-07-22 22:34:13 | INFO    | telethon.network.mtprotosender | Connection to 149.154.175.50:443/TcpFull complete!
2026-07-22 22:34:17 | INFO    | aiogram.event | Update id=452968980 is handled. Duration 5057 ms by bot id=8949896798
2026-07-22 22:34:25 | INFO    | aiogram.event | Update id=452968981 is handled. Duration 165 ms by bot id=8949896798
2026-07-22 22:34:27 | INFO    | aiogram.event | Update id=452968982 is handled. Duration 420 ms by bot id=8949896798
2026-07-22 22:34:33 | INFO    | telethon.network.mtprotosender | Connecting to 149.154.175.50:443/TcpFull...
2026-07-22 22:34:33 | INFO    | telethon.network.mtprotosender | Connection to 149.154.175.50:443/TcpFull complete!
2026-07-22 22:34:34 | INFO    | telethon.network.mtprotosender | Disconnecting from 149.154.175.50:443/TcpFull...
2026-07-22 22:34:34 | INFO    | telethon.network.mtprotosender | Disconnection from 149.154.175.50:443/TcpFull complete!
2026-07-22 22:34:34 | INFO    | telethon.network.mtprotosender | Connecting to 149.154.175.50:443/TcpFull...
2026-07-22 22:34:34 | INFO    | telethon.network.mtprotosender | Connection to 149.154.175.50:443/TcpFull complete!
2026-07-22 22:34:38 | INFO    | aiogram.event | Update id=452968983 is handled. Duration 5068 ms by bot id=8949896798
2026-07-22 22:34:40 | INFO    | aiogram.event | Update id=452968984 is handled. Duration 167 ms by bot id=8949896798
2026-07-22 22:34:41 | INFO    | aiogram.event | Update id=452968985 is handled. Duration 452 ms by bot id=8949896798
2026-07-22 22:34:44 | INFO    | telethon.network.mtprotosender | Connecting to 149.154.175.50:443/TcpFull...
2026-07-22 22:34:44 | INFO    | telethon.network.mtprotosender | Connection to 149.154.175.50:443/TcpFull complete!
2026-07-22 22:34:45 | INFO    | telethon.network.mtprotosender | Disconnecting from 149.154.175.50:443/TcpFull...
2026-07-22 22:34:45 | INFO    | telethon.network.mtprotosender | Disconnection from 149.154.175.50:443/TcpFull complete!
2026-07-22 22:34:45 | INFO    | telethon.network.mtprotosender | Connecting to 149.154.175.50:443/TcpFull...
2026-07-22 22:34:45 | INFO    | telethon.network.mtprotosender | Connection to 149.154.175.50:443/TcpFull complete!
2026-07-22 22:34:48 | INFO    | aiogram.event | Update id=452968986 is handled. Duration 5043 ms by bot id=8949896798
2026-07-22 22:34:49 | INFO    | aiogram.event | Update id=452968987 is handled. Duration 166 ms by bot id=8949896798
2026-07-22 22:34:51 | INFO    | aiogram.event | Update id=452968988 is handled. Duration 327 ms by bot id=8949896798
2026-07-22 22:36:36 | INFO    | aiogram.event | Update id=452968989 is handled. Duration 182 ms by bot id=8949896798
2026-07-22 22:36:40 | INFO    | aiogram.event | Update id=452968990 is handled. Duration 328 ms by bot id=8949896798
2026-07-22 22:36:44 | INFO    | campaign | ▶ Раунд 1/5 | язык=Русский | жалобы=Подделка документов
2026-07-22 22:36:44 | INFO    | aiogram.event | Update id=452968991 is handled. Duration 321 ms by bot id=8949896798
2026-07-22 22:36:44 | ERROR   | accounts | refresh_account 17315036651 failed
Traceback (most recent call last):
  File "D:\shit\telegrambot\jalobyBot\accounts.py", line 378, in refresh_account
    me = await client.get_me()
         ^^^^^^^^^^^^^^^^^^^^^
  File "C:\Users\Professional\AppData\Roaming\Python\Python314\site-packages\telethon\client\users.py", line 170, in get_me
    me = (await self(
          ^^^^^^^^^^^
        functions.users.GetUsersRequest([types.InputUserSelf()])))[0]
        ^^^^^^^^^^^^^^^^^^^^^^^^^^^^^^^^^^^^^^^^^^^^^^^^^^^^^^^^^
  File "C:\Users\Professional\AppData\Roaming\Python\Python314\site-packages\telethon\client\users.py", line 30, in __call__
    return await self._call(self._sender, request, ordered=ordered)
           ^^^^^^^^^^^^^^^^^^^^^^^^^^^^^^^^^^^^^^^^^^^^^^^^^^^^^^^^
  File "C:\Users\Professional\AppData\Roaming\Python\Python314\site-packages\telethon\client\users.py", line 92, in _call
    result = await future
             ^^^^^^^^^^^^
  File "C:\Users\Professional\AppData\Roaming\Python\Python314\site-packages\telethon\network\mtprotosender.py", line 647, in _handle_rpc_result
    result = state.request.read_result(reader)
  File "C:\Users\Professional\AppData\Roaming\Python\Python314\site-packages\telethon\tl\tlobject.py", line 219, in read_result
    return reader.tgread_object()
           ~~~~~~~~~~~~~~~~~~~~^^
  File "C:\Users\Professional\AppData\Roaming\Python\Python314\site-packages\telethon\extensions\binaryreader.py", line 147, in tgread_object
    return [self.tgread_object() for _ in range(self.read_int())]
            ~~~~~~~~~~~~~~~~~~^^
  File "C:\Users\Professional\AppData\Roaming\Python\Python314\site-packages\telethon\extensions\binaryreader.py", line 156, in tgread_object
    raise error
telethon.errors.common.TypeNotFoundError: Could not find a matching Constructor ID for the TLObject that was supposed to be read with ID 8f97c628. See the FAQ for more details. Remaining bytes: b'(\xc6\x97\x8fW\x04\x00\x02\x00\x00\x00\x00_\x95\xd1\x0c\x02\x00\x00\x00\xbe\xde\x11\x15\xdc\xae\x97o\x07Solomon\tArmstrong\x00\x00\x0b17315036651I9\xb9\xedE\x1caj\x9a\xce\x12\xd6{\xb6\x01b\xe2I\xbd=\xbc\xa4V\x9a\x86\xa6\x98WO\xd9=\xce'
2026-07-22 22:36:44 | INFO    | telethon.network.mtprotosender | Disconnecting from 149.154.175.50:443/TcpFull...
2026-07-22 22:36:44 | INFO    | telethon.network.mtprotosender | Disconnection from 149.154.175.50:443/TcpFull complete!
2026-07-22 22:36:44 | INFO    | campaign | Аккаунт 17315036651 (1/1) → 12 бот(ов)
2026-07-22 22:36:45 | INFO    | telethon.network.mtprotosender | Connecting to 149.154.175.50:443/TcpFull...
2026-07-22 22:36:45 | INFO    | telethon.network.mtprotosender | Connection to 149.154.175.50:443/TcpFull complete!
2026-07-22 22:36:52 | INFO    | campaign | Peer report ok | 17315036651 → @resellerashabot | illegal_docs | Критически важно: Сайт/бот предлагает поддельные документы. Это мошенники. Немед
2026-07-22 22:36:54 | INFO    | campaign | Peer report ok | 17315036651 → @resellerashabot | illegal_docs | Критически важно: Сайт/бот предлагает поддельные документы. Это мошенники. Немед
2026-07-22 22:36:56 | INFO    | campaign | Peer report ok | 17315036651 → @resellerashabot | illegal_docs | Критически важно: Сайт/бот предлагает поддельные документы. Это мошенники. Немед
2026-07-22 22:36:59 | INFO    | campaign | Msg report ok | 17315036651 → @resellerashabot msg=23 | illegal_docs | Критически важно: Сайт/бот предлагает поддельные документы. Это мошенники. Немед
2026-07-22 22:37:01 | INFO    | campaign | Msg report ok | 17315036651 → @resellerashabot msg=23 | illegal_docs | Критически важно: Сайт/бот предлагает поддельные документы. Это мошенники. Немед
2026-07-22 22:37:04 | INFO    | campaign | Msg report ok | 17315036651 → @resellerashabot msg=23 | illegal_docs | Критически важно: Сайт/бот предлагает поддельные документы. Это мошенники. Немед
2026-07-22 22:37:14 | INFO    | campaign | Peer report ok | 17315036651 → @rqbhdg7gv3s0mdfjb0bot | illegal_docs | Критически важно: Сайт/бот предлагает поддельные документы. Это мошенники. Немед
2026-07-22 22:37:16 | INFO    | campaign | Peer report ok | 17315036651 → @rqbhdg7gv3s0mdfjb0bot | illegal_docs | Критически важно: Сайт/бот предлагает поддельные документы. Это мошенники. Немед
2026-07-22 22:37:19 | INFO    | campaign | Peer report ok | 17315036651 → @rqbhdg7gv3s0mdfjb0bot | illegal_docs | Критически важно: Сайт/бот предлагает поддельные документы. Это мошенники. Немед
2026-07-22 22:37:22 | INFO    | campaign | Msg report ok | 17315036651 → @rqbhdg7gv3s0mdfjb0bot msg=27 | illegal_docs | Критически важно: Сайт/бот предлагает поддельные документы. Это мошенники. Немед
2026-07-22 22:37:25 | INFO    | campaign | Msg report ok | 17315036651 → @rqbhdg7gv3s0mdfjb0bot msg=27 | illegal_docs | Критически важно: Сайт/бот предлагает поддельные документы. Это мошенники. Немед
2026-07-22 22:37:27 | INFO    | campaign | Msg report ok | 17315036651 → @rqbhdg7gv3s0mdfjb0bot msg=27 | illegal_docs | Критически важно: Сайт/бот предлагает поддельные документы. Это мошенники. Немед
2026-07-22 22:37:29 | INFO    | campaign | @ciu638drfyejpulsekbot недоступен для 17315036651: Nobody is using this username or the username is unacceptable (caused by ResolveUsernameRequest)
2026-07-22 22:37:36 | INFO    | campaign | Peer report ok | 17315036651 → @ay9bf5wwupuac8dmpwbot | illegal_docs | Критически важно: Сайт/бот предлагает поддельные документы. Это мошенники. Немед
2026-07-22 22:37:38 | INFO    | campaign | Peer report ok | 17315036651 → @ay9bf5wwupuac8dmpwbot | illegal_docs | Критически важно: Сайт/бот предлагает поддельные документы. Это мошенники. Немед
2026-07-22 22:37:40 | INFO    | campaign | Peer report ok | 17315036651 → @ay9bf5wwupuac8dmpwbot | illegal_docs | Критически важно: Сайт/бот предлагает поддельные документы. Это мошенники. Немед
2026-07-22 22:37:43 | INFO    | campaign | Msg report ok | 17315036651 → @ay9bf5wwupuac8dmpwbot msg=31 | illegal_docs | Критически важно: Сайт/бот предлагает поддельные документы. Это мошенники. Немед
2026-07-22 22:37:46 | INFO    | campaign | Msg report ok | 17315036651 → @ay9bf5wwupuac8dmpwbot msg=31 | illegal_docs | Критически важно: Сайт/бот предлагает поддельные документы. Это мошенники. Немед
2026-07-22 22:37:48 | INFO    | campaign | Msg report ok | 17315036651 → @ay9bf5wwupuac8dmpwbot msg=31 | illegal_docs | Критически важно: Сайт/бот предлагает поддельные документы. Это мошенники. Немед
2026-07-22 22:37:56 | INFO    | campaign | Peer report ok | 17315036651 → @lhtulwtgbot | illegal_docs | Критически важно: Сайт/бот предлагает поддельные документы. Это мошенники. Немед
2026-07-22 22:37:59 | INFO    | campaign | Peer report ok | 17315036651 → @lhtulwtgbot | illegal_docs | Критически важно: Сайт/бот предлагает поддельные документы. Это мошенники. Немед
2026-07-22 22:38:01 | INFO    | campaign | Peer report ok | 17315036651 → @lhtulwtgbot | illegal_docs | Критически важно: Сайт/бот предлагает поддельные документы. Это мошенники. Немед
2026-07-22 22:38:03 | INFO    | campaign | Msg report ok | 17315036651 → @lhtulwtgbot msg=35 | illegal_docs | Критически важно: Сайт/бот предлагает поддельные документы. Это мошенники. Немед
2026-07-22 22:38:06 | INFO    | campaign | Msg report ok | 17315036651 → @lhtulwtgbot msg=35 | illegal_docs | Критически важно: Сайт/бот предлагает поддельные документы. Это мошенники. Немед
2026-07-22 22:38:08 | INFO    | campaign | Msg report ok | 17315036651 → @lhtulwtgbot msg=35 | illegal_docs | Критически важно: Сайт/бот предлагает поддельные документы. Это мошенники. Немед
2026-07-22 22:38:12 | WARNING | monitor | check @resellerashabot failed: Could not find a matching Constructor ID for the TLObject that was supposed to be read with ID 83314fca. See the FAQ for more details. Remaining bytes: b'\xcaO1\x83+@\x00\x02\x10\x00\x00\x00|$\x99`\x01\x00\x00\x00\xd1\xc7y\xdcE\x93\xfd\x98Q\xd0\x90\xd0\xbd\xd0\xb5\xd0\xba\xd0\xb4\xd0\xbe\xd1\x82\xd1\x8b \xd0\xbf\xd1\x80\xd0\xbe \xd0\xb2\xd0\xbe\xd0\xb4\xd0\xb8\xd1\x82\xd0\xb5\xd0\xbb\xd1\x8c\xd1\x81\xd0\xba\xd0\xbe\xd0\xb5 \xd1\x85\xd0\xb0\xd0\xbc\xd1\x81\xd1\x82\xd0\xb2\xd0\xbe \xd0\xbd\xd0\xb0 \xd0\xb4\xd0\xbe\xd1\x80\xd0\xbe\xd0\xb3\xd0\xb5\x00\x00\x0fresellerashabot\x06\xf7\xd1\x82\x02\x00\x00\x00\xa0\x10k\x1bQ\xe2\tW\x11\x01\x08\x08\xd0\xe3o\x7f;\xf5\xcf\xf8QE\x14\x8bn\xc7\x00\x00\x05\x00\x00\x00\x06\x00\x00\x00 nd\xbfa\xf0\xb0\x9a\xbf#\xbf\x08\x90l\x08e\x98\xbe\x1e\xca\x96\x8c\xf3\xbe'
2026-07-22 22:38:12 | WARNING | monitor | check @rqbhdg7gv3s0mdfjb0bot failed: Could not find a matching Constructor ID for the TLObject that was supposed to be read with ID 83314fca. See the FAQ for more details. Remaining bytes: b'\xcaO1\x83+@\x00\x02\x10\x00\x00\x00LF\xa2\xd2\x01\x00\x00\x00\x10S\xa7\xc0p\x91\xe30;sdelatak#oformitos#pravaKp#vusi#voditelskoeze#voditelskieax\x15rQBHDG7gv3S0MDfjB0bot\x00\x00\x06\xf7\xd1\x82\x02\x00\x00\x00\xf8\x1ak\x1bM\xec\xe1J\x12\x01\x08\x08\xd0\xe3o\x7f;?\x8e\x7f\xc2\x8a(\xa4[v?\x00\x02\x00\x00\x00\x05\x00\x00\x00\xfb\xf8\xe6\xea\xde\x18\xf6[08\xda\xfa\xa5\xba[#\xe2!\x18\x89\n\xe6\xcc,'
2026-07-22 22:38:13 | INFO    | monitor | Target @ciu638drfyejpulsekbot marked deleted (Nobody is using this username or the username is unacceptable (caused by ResolveUsernameRequest)) via periodic
2026-07-22 22:38:13 | WARNING | monitor | check @ay9bf5wwupuac8dmpwbot failed: Could not find a matching Constructor ID for the TLObject that was supposed to be read with ID 83314fca. See the FAQ for more details. Remaining bytes: b'\xcaO1\x83+@\x00\x02\x10\x10\x00\x00\xc6n\xb5\xcf\x01\x00\x00\x00T\xd4\xc5q\xb2\x14d 3voditelskoeKn#voditelskieJk#pravaNm#udostoverenieKl\x15aY9Bf5WWuPUaC8dMpWbot\x00\x00\x06\xf7\xd1\x82\x02\x00\x00\x00&\x19k\x1b58\xe1J\x12\x01\x08\x08\xd0\xe3o\x7f;?\x8e\x7f\xc2\x8a(\xa4[v?\x00\x02\x00\x00\x00\x05\x00\x00\x00\x83F\x00\x00\xf7:\xf3\xec\tj+\xd8\xee\xd9\x00\x80'
2026-07-22 22:38:13 | WARNING | monitor | check @lhtulwtgbot failed: Could not find a matching Constructor ID for the TLObject that was supposed to be read with ID 83314fca. See the FAQ for more details. Remaining bytes: b'\xcaO1\x83+@\x00\x02\x10\x10\x00\x00\xe29\xcd\xc3\x01\x00\x00\x00\x0eU\xa8\x98\xa1\xfabI3voditelskoeKk#voditelskiePp#pravaCc#udostoverenieSs\x0bLhtuLWtGbot\x06\xf7\xd1\x82\x02\x00\x00\x000\x19k\x1b\xb4\xf9\xf1J\x12\x01\x08\x08\xd0\xe3o\x7f;?\x8e\x7f\xc2\x8a(\xa4[v?\x00\x02\x00\x00\x00\x05\x00\x00\x00yF\x00\x00\xdb\xda\xeb\xda\xd8\x12\x81<\xa4\xf2U\xb9\xa3U\xf3\r\x06\xca\xc1\xf3G(+$'
2026-07-22 22:38:13 | WARNING | monitor | check @haporenbot failed: Could not find a matching Constructor ID for the TLObject that was supposed to be read with ID 83314fca. See the FAQ for more details. Remaining bytes: b'\xcaO1\x83\x0b@\x00\x02\x10\x10\x00\x00\n\xeb\xfd\x02\x02\x00\x00\x00\x81&\x11\x10\x1c\x0fH\x0e1\xd0\x94\xd0\xb8\xd0\xbf\xd0\xbb\xd0\xbe\xd0\xbc\xd0\xb8\xd1\x80\xd0\xbe\xd0\xb2\xd0\xb0\xd0\xbd\xd0\xbd\xd1\x8b\xd0\xb9 \xd1\x81\xd0\xb0\xd0\xbd\xd1\x82\xd0\xb5\xd1\x85\xd0\xbd\xd0\xb8\xd0\xba\x00\x00\nHaporenbot\x00\x04\x00\x00\x00=\x94\x00\x00!hd\x1a\xdc\xcd\xf1\xd1\xbd\xe5\xa4\xb2\xb5\xd3\xcc\xb4'
2026-07-22 22:38:13 | WARNING | monitor | check @timbukturobot failed: Could not find a matching Constructor ID for the TLObject that was supposed to be read with ID 83314fca. See the FAQ for more details. Remaining bytes: b'\xcaO1\x83\x0b@\x00\x02\x10\x10\x00\x00\xe9\x0f\x1f\n\x02\x00\x00\x00]\xe7M\x9d\x90\x0cg\xe3\x14\xd0\xb4\xd0\xb8\xd0\xbf\xd0\xbb\xd0\xbe\xd0\xbc\xd0\xb0\xd1\x82\xd0\xb8\xd1\x8f\x00\x00\x00\rtimbukturobot\x00\x00\x05\x00\x00\x00\x81>\x00\x005\xf1b\xf0\xbfc\x8b|\n\x16\xbf\x88Ezg\xee\xba\x805\x1f\xa5\xca-\xee'
2026-07-22 22:38:13 | WARNING | monitor | check @thirtiethrobot failed: Could not find a matching Constructor ID for the TLObject that was supposed to be read with ID 83314fca. See the FAQ for more details. Remaining bytes: b'\xcaO1\x83\x0b@\x00\x02\x10\x10\x00\x00IY\xde\x17\x02\x00\x00\x00y\xc7\xc3\xa8\x13\xdf\x07\xa5"Kupitasas \xd0\x90\xd1\x82\xd1\x82\xd0\xb5\xd1\x81\xd1\x82\xd0\xb0\xd1\x82\xd1\x8b\xd1\x88\xd0\xbb\xd0\xba\x00\x0ethirtiethrobot\x00\x04\x00\x00\x00\xa86\x00\x00\x86\xfb\x12# \x8b\x1cA\x8c\xa9\xf7l'
2026-07-22 22:38:14 | WARNING | monitor | check @onondagarobot failed: Could not find a matching Constructor ID for the TLObject that was supposed to be read with ID 83314fca. See the FAQ for more details. Remaining bytes: b'\xcaO1\x83\x0b@\x00\x02\x10\x10\x00\x00\xa4\x12\xf9\r\x02\x00\x00\x00\xd7y\xd7\xab\xd4@*\x92"\xd0\x90\xd1\x82\xd1\x82\xd0\xb5\xd1\x81\xd1\x82\xd0\xb0\xd1\x82\xd1\x83\xd0\xb2\xd0\xb0\xd0\xbe kupitasds\x00\ronondagarobot\x00\x00\x03\x00\x00\x00\x92R\x00\x00\xa8\xe2\xf0\xfa87\x19T\xa1\xd7\xc9l'
2026-07-22 22:38:14 | WARNING | monitor | check @trigger1robot failed: Could not find a matching Constructor ID for the TLObject that was supposed to be read with ID 83314fca. See the FAQ for more details. Remaining bytes: b'\xcaO1\x83\x0b@\x00\x02\x10\x00\x00\x00\xf4\x84\xab\x15\x02\x00\x00\x002P\xa3\x15m\xd9\xed\x046\xd0\x90\xd1\x82\xd1\x82\xd0\xb5\xd1\x81\xd1\x82\xd0\xb0\xd1\x82\xd0\xb0\xd1\x80\xd0\xbe\xd0\xb2\xd0\xb0 \xd0\xb8\xd0\xbd\xd0\xb6\xd0\xb5\xd0\xbd\xd0\xb5\xd1\x80\xd0\xb0 Kupitasova\x00\rtrigger1robot\x00\x00\x03\x00\x00\x00\xf7J\xf0\x9f\xadxN>N\xdd\xfc\xd1'
2026-07-22 22:38:14 | WARNING | monitor | check @ubbiijjonbot failed: Could not find a matching Constructor ID for the TLObject that was supposed to be read with ID 83314fca. See the FAQ for more details. Remaining bytes: b"\xcaO1\x83\x0b@\x00\x02\x10\x00\x00\x008\x89\x86\x02\x02\x00\x00\x00\x05r_\xec\x002\xe4w/\xf0\x9f\x93\x95\xd0\x91\xd0\x95\xd0\x97 \xd0\x9f\xd0\xa0\xd0\x95\xd0\x94\xd0\x9e\xd0\x9f\xd0\x9b\xd0\x90\xd0\xa2\xd0\xab\xf0\x9f\x93\x98\xd0\x9a\xd0\xa3\xd0\x9f\xd0\x98\xd0\xa2\xd0\xac\x0cUbbiijjonbot\x00\x00\x00'\x00\x00\x00\x96\xd4\xce\x9e\xa1\xeaC\xc8^[wc\xd93\xb4\xca\xd9\xd9\xf4\x83"
2026-07-22 22:38:14 | WARNING | monitor | check @komran_star failed: Could not find a matching Constructor ID for the TLObject that was supposed to be read with ID fe4478bd. See the FAQ for more details. Remaining bytes: b'\xbdxD\xfed \x00\x00\x8c\x04\x00\x00%\x10\xd9\x9d\x00\x00\x00\x00\xa6a\xe8\xf2-@C\xff\x1c\xd0\x9f\xd1\x80\xd0\xb0\xd0\xb2\xd0\xb0 \xd0\xbd\xd0\xb0 \xd0\xbc\xd0\xb0\xd1\x88\xd0\xb8\xd0\xbd\xd1\x83\x00\x00\x00\x0bkomran_star\x11\x1cn\x1c\x02\x00\x00\x00\xfd\rk\x1b1\x7f\xa8T\x11\x01\x08\x08\xa0\xcc\x8b\x0e\x06\xdd\xcd\xd7\x8eh\xa2\x8a\x06\x7f\x00\x00\x05\x00\x00\x00e\x8bkh\xcfZK\xb5\x01\x00\x00\x00\x0c\x00\x00\x00\x02\x00\x00\x00\x15\xc4\xb5\x1c\x00\x00\x00\x00\x95\xc8Lt\xf1\x14\xbe\xdb\xcf\xf7\x91\x1f\x93\xf9\x93\xda'
2026-07-22 22:38:17 | INFO    | campaign | Peer report ok | 17315036651 → @haporenbot | illegal_docs | Критически важно: Сайт/бот предлагает поддельные документы. Это мошенники. Немед
2026-07-22 22:38:19 | INFO    | campaign | Peer report ok | 17315036651 → @haporenbot | illegal_docs | Критически важно: Сайт/бот предлагает поддельные документы. Это мошенники. Немед
2026-07-22 22:38:22 | INFO    | campaign | Peer report ok | 17315036651 → @haporenbot | illegal_docs | Критически важно: Сайт/бот предлагает поддельные документы. Это мошенники. Немед
2026-07-22 22:38:25 | INFO    | campaign | Msg report ok | 17315036651 → @haporenbot msg=37 | illegal_docs | Критически важно: Сайт/бот предлагает поддельные документы. Это мошенники. Немед
2026-07-22 22:38:25 | INFO    | aiogram.event | Update id=452968992 is handled. Duration 171 ms by bot id=8949896798
2026-07-22 22:38:27 | INFO    | aiogram.event | Update id=452968993 is handled. Duration 350 ms by bot id=8949896798
2026-07-22 22:38:27 | INFO    | campaign | Msg report ok | 17315036651 → @haporenbot msg=37 | illegal_docs | Критически важно: Сайт/бот предлагает поддельные документы. Это мошенники. Немед
2026-07-22 22:38:29 | INFO    | campaign | Msg report ok | 17315036651 → @haporenbot msg=37 | illegal_docs | Критически важно: Сайт/бот предлагает поддельные документы. Это мошенники. Немед
2026-07-22 22:38:31 | INFO    | aiogram.event | Update id=452968994 is handled. Duration 594 ms by bot id=8949896798
2026-07-22 22:38:38 | INFO    | campaign | Peer report ok | 17315036651 → @timbukturobot | illegal_docs | Критически важно: Сайт/бот предлагает поддельные документы. Это мошенники. Немед
2026-07-22 22:38:40 | INFO    | campaign | Peer report ok | 17315036651 → @timbukturobot | illegal_docs | Критически важно: Сайт/бот предлагает поддельные документы. Это мошенники. Немед
2026-07-22 22:38:41 | INFO    | campaign | Peer report ok | 17315036651 → @timbukturobot | illegal_docs | Критически важно: Сайт/бот предлагает поддельные документы. Это мошенники. Немед
2026-07-22 22:38:43 | INFO    | aiogram.event | Update id=452968995 is handled. Duration 166 ms by bot id=8949896798
2026-07-22 22:38:44 | INFO    | campaign | Msg report ok | 17315036651 → @timbukturobot msg=39 | illegal_docs | Критически важно: Сайт/бот предлагает поддельные документы. Это мошенники. Немед
2026-07-22 22:38:47 | INFO    | campaign | Msg report ok | 17315036651 → @timbukturobot msg=39 | illegal_docs | Критически важно: Сайт/бот предлагает поддельные документы. Это мошенники. Немед
2026-07-22 22:38:49 | INFO    | campaign | Msg report ok | 17315036651 → @timbukturobot msg=39 | illegal_docs | Критически важно: Сайт/бот предлагает поддельные документы. Это мошенники. Немед
2026-07-22 22:38:58 | INFO    | campaign | Peer report ok | 17315036651 → @thirtiethrobot | illegal_docs | Критически важно: Сайт/бот предлагает поддельные документы. Это мошенники. Немед
2026-07-22 22:39:00 | INFO    | campaign | Peer report ok | 17315036651 → @thirtiethrobot | illegal_docs | Критически важно: Сайт/бот предлагает поддельные документы. Это мошенники. Немед
2026-07-22 22:39:02 | INFO    | campaign | Peer report ok | 17315036651 → @thirtiethrobot | illegal_docs | Критически важно: Сайт/бот предлагает поддельные документы. Это мошенники. Немед
2026-07-22 22:39:05 | INFO    | campaign | Msg report ok | 17315036651 → @thirtiethrobot msg=41 | illegal_docs | Критически важно: Сайт/бот предлагает поддельные документы. Это мошенники. Немед
2026-07-22 22:39:08 | INFO    | campaign | Msg report ok | 17315036651 → @thirtiethrobot msg=41 | illegal_docs | Критически важно: Сайт/бот предлагает поддельные документы. Это мошенники. Немед
2026-07-22 22:39:10 | INFO    | campaign | Msg report ok | 17315036651 → @thirtiethrobot msg=41 | illegal_docs | Критически важно: Сайт/бот предлагает поддельные документы. Это мошенники. Немед
2026-07-22 22:39:19 | INFO    | campaign | Peer report ok | 17315036651 → @onondagarobot | illegal_docs | Критически важно: Сайт/бот предлагает поддельные документы. Это мошенники. Немед
2026-07-22 22:39:20 | INFO    | campaign | Peer report ok | 17315036651 → @onondagarobot | illegal_docs | Критически важно: Сайт/бот предлагает поддельные документы. Это мошенники. Немед
2026-07-22 22:39:22 | INFO    | campaign | Peer report ok | 17315036651 → @onondagarobot | illegal_docs | Критически важно: Сайт/бот предлагает поддельные документы. Это мошенники. Немед
2026-07-22 22:39:24 | INFO    | campaign | Msg report ok | 17315036651 → @onondagarobot msg=43 | illegal_docs | Критически важно: Сайт/бот предлагает поддельные документы. Это мошенники. Немед
2026-07-22 22:39:27 | INFO    | campaign | Msg report ok | 17315036651 → @onondagarobot msg=43 | illegal_docs | Критически важно: Сайт/бот предлагает поддельные документы. Это мошенники. Немед
2026-07-22 22:39:29 | INFO    | campaign | Msg report ok | 17315036651 → @onondagarobot msg=43 | illegal_docs | Критически важно: Сайт/бот предлагает поддельные документы. Это мошенники. Немед
2026-07-22 22:39:38 | INFO    | campaign | Peer report ok | 17315036651 → @trigger1robot | illegal_docs | Критически важно: Сайт/бот предлагает поддельные документы. Это мошенники. Немед
2026-07-22 22:39:40 | INFO    | campaign | Peer report ok | 17315036651 → @trigger1robot | illegal_docs | Критически важно: Сайт/бот предлагает поддельные документы. Это мошенники. Немед
2026-07-22 22:39:42 | INFO    | campaign | Peer report ok | 17315036651 → @trigger1robot | illegal_docs | Критически важно: Сайт/бот предлагает поддельные документы. Это мошенники. Немед
2026-07-22 22:39:44 | INFO    | campaign | Msg report ok | 17315036651 → @trigger1robot msg=45 | illegal_docs | Критически важно: Сайт/бот предлагает поддельные документы. Это мошенники. Немед
2026-07-22 22:39:47 | INFO    | campaign | Msg report ok | 17315036651 → @trigger1robot msg=45 | illegal_docs | Критически важно: Сайт/бот предлагает поддельные документы. Это мошенники. Немед
2026-07-22 22:39:49 | INFO    | campaign | Msg report ok | 17315036651 → @trigger1robot msg=45 | illegal_docs | Критически важно: Сайт/бот предлагает поддельные документы. Это мошенники. Немед
2026-07-22 22:39:57 | INFO    | campaign | Peer report ok | 17315036651 → @ubbiijjonbot | illegal_docs | Критически важно: Сайт/бот предлагает поддельные документы. Это мошенники. Немед
2026-07-22 22:39:59 | INFO    | campaign | Peer report ok | 17315036651 → @ubbiijjonbot | illegal_docs | Критически важно: Сайт/бот предлагает поддельные документы. Это мошенники. Немед
2026-07-22 22:40:01 | INFO    | campaign | Peer report ok | 17315036651 → @ubbiijjonbot | illegal_docs | Критически важно: Сайт/бот предлагает поддельные документы. Это мошенники. Немед
2026-07-22 22:40:03 | INFO    | campaign | Msg report ok | 17315036651 → @ubbiijjonbot msg=13 | illegal_docs | Критически важно: Сайт/бот предлагает поддельные документы. Это мошенники. Немед
2026-07-22 22:40:05 | INFO    | campaign | Msg report ok | 17315036651 → @ubbiijjonbot msg=13 | illegal_docs | Критически важно: Сайт/бот предлагает поддельные документы. Это мошенники. Немед
2026-07-22 22:40:08 | INFO    | campaign | Msg report ok | 17315036651 → @ubbiijjonbot msg=13 | illegal_docs | Критически важно: Сайт/бот предлагает поддельные документы. Это мошенники. Немед
2026-07-22 22:40:11 | INFO    | campaign | Не удалось написать @komran_star с 17315036651: You can't write in this chat (caused by SendMessageRequest)
2026-07-22 22:40:12 | INFO    | campaign | Peer report ok | 17315036651 → @komran_star | illegal_docs | Критически важно: Сайт/бот предлагает поддельные документы. Это мошенники. Немед
2026-07-22 22:40:14 | INFO    | campaign | Peer report ok | 17315036651 → @komran_star | illegal_docs | Критически важно: Сайт/бот предлагает поддельные документы. Это мошенники. Немед
2026-07-22 22:40:16 | INFO    | campaign | Peer report ok | 17315036651 → @komran_star | illegal_docs | Критически важно: Сайт/бот предлагает поддельные документы. Это мошенники. Немед
2026-07-22 22:40:19 | INFO    | campaign | Msg report ok | 17315036651 → @komran_star msg=560 | illegal_docs | Критически важно: Сайт/бот предлагает поддельные документы. Это мошенники. Немед
2026-07-22 22:40:21 | INFO    | campaign | Msg report ok | 17315036651 → @komran_star msg=560 | illegal_docs | Критически важно: Сайт/бот предлагает поддельные документы. Это мошенники. Немед
2026-07-22 22:40:23 | INFO    | campaign | Msg report ok | 17315036651 → @komran_star msg=560 | illegal_docs | Критически важно: Сайт/бот предлагает поддельные документы. Это мошенники. Немед
2026-07-22 22:40:26 | INFO    | campaign | ⏸ Раунд 1 готов. Ждём 20 мин до раунда 2
2026-07-22 22:44:09 | INFO    | campaign | Остановка кампании…
2026-07-22 22:44:09 | INFO    | campaign | ■ Кампания завершена (stopped). Через 12ч придёт контроль удаления целевых ботов.
2026-07-22 22:44:09 | INFO    | aiogram.event | Update id=452968996 is handled. Duration 729 ms by bot id=8949896798
2026-07-22 22:45:09 | INFO    | telethon.client.updates | Cannot get difference since the account is not logged in: AuthKeyDuplicatedError
2026-07-22 22:45:09 | INFO    | telethon.network.mtprotosender | Disconnecting from 149.154.175.50:443/TcpFull...
2026-07-22 22:45:09 | INFO    | telethon.network.mtprotosender | Disconnection from 149.154.175.50:443/TcpFull complete!
2026-07-22 22:48:14 | INFO    | monitor | Target @resellerashabot marked deleted (The authorization key (session file) was used under two different IP addresses simultaneously, and can no longer be used. Use the same session exclusively, or use different sessions (caused by ResolveUsernameRequest)) via periodic
2026-07-22 22:48:14 | INFO    | monitor | Target @rqbhdg7gv3s0mdfjb0bot marked deleted (The authorization key (session file) was used under two different IP addresses simultaneously, and can no longer be used. Use the same session exclusively, or use different sessions (caused by ResolveUsernameRequest)) via periodic
2026-07-22 22:48:14 | INFO    | monitor | Target @ay9bf5wwupuac8dmpwbot marked deleted (The authorization key (session file) was used under two different IP addresses simultaneously, and can no longer be used. Use the same session exclusively, or use different sessions (caused by ResolveUsernameRequest)) via periodic
2026-07-22 22:48:15 | INFO    | monitor | Target @lhtulwtgbot marked deleted (The authorization key (session file) was used under two different IP addresses simultaneously, and can no longer be used. Use the same session exclusively, or use different sessions (caused by ResolveUsernameRequest)) via periodic
2026-07-22 22:48:15 | INFO    | monitor | Target @haporenbot marked deleted (The authorization key (session file) was used under two different IP addresses simultaneously, and can no longer be used. Use the same session exclusively, or use different sessions (caused by ResolveUsernameRequest)) via periodic
2026-07-22 22:48:15 | INFO    | monitor | Target @timbukturobot marked deleted (The authorization key (session file) was used under two different IP addresses simultaneously, and can no longer be used. Use the same session exclusively, or use different sessions (caused by ResolveUsernameRequest)) via periodic
2026-07-22 22:48:15 | INFO    | monitor | Target @thirtiethrobot marked deleted (The authorization key (session file) was used under two different IP addresses simultaneously, and can no longer be used. Use the same session exclusively, or use different sessions (caused by ResolveUsernameRequest)) via periodic
2026-07-22 22:48:15 | INFO    | monitor | Target @onondagarobot marked deleted (The authorization key (session file) was used under two different IP addresses simultaneously, and can no longer be used. Use the same session exclusively, or use different sessions (caused by ResolveUsernameRequest)) via periodic
2026-07-22 22:48:15 | INFO    | monitor | Target @trigger1robot marked deleted (The authorization key (session file) was used under two different IP addresses simultaneously, and can no longer be used. Use the same session exclusively, or use different sessions (caused by ResolveUsernameRequest)) via periodic
2026-07-22 22:48:16 | INFO    | monitor | Target @ubbiijjonbot marked deleted (The authorization key (session file) was used under two different IP addresses simultaneously, and can no longer be used. Use the same session exclusively, or use different sessions (caused by ResolveUsernameRequest)) via periodic
2026-07-22 22:48:16 | INFO    | monitor | Target @komran_star marked deleted (The authorization key (session file) was used under two different IP addresses simultaneously, and can no longer be used. Use the same session exclusively, or use different sessions (caused by ResolveUsernameRequest)) via periodic
2026-07-22 22:49:04 | INFO    | telethon.client.updates | Cannot get difference since the account is not logged in: AuthKeyDuplicatedError
2026-07-22 22:49:04 | INFO    | telethon.network.mtprotosender | Disconnecting from 149.154.175.50:443/TcpFull...
2026-07-22 22:49:04 | INFO    | telethon.network.mtprotosender | Disconnection from 149.154.175.50:443/TcpFull complete!
2026-07-22 22:49:35 | INFO    | telethon.client.updates | Cannot get difference since the account is not logged in: AuthKeyDuplicatedError
2026-07-22 22:49:35 | INFO    | telethon.network.mtprotosender | Disconnecting from 149.154.175.50:443/TcpFull...
2026-07-22 22:49:35 | INFO    | telethon.network.mtprotosender | Disconnection from 149.154.175.50:443/TcpFull complete!
2026-07-22 22:51:46 | INFO    | telethon.client.updates | Cannot get difference since the account is not logged in: AuthKeyDuplicatedError
2026-07-22 22:51:46 | INFO    | telethon.network.mtprotosender | Disconnecting from 149.154.175.50:443/TcpFull...
2026-07-22 22:51:46 | INFO    | telethon.network.mtprotosender | Disconnection from 149.154.175.50:443/TcpFull complete!
2026-07-22 22:59:40 | INFO    | telethon.client.updates | Cannot get difference since the account is not logged in: AuthKeyDuplicatedError
2026-07-22 22:59:40 | INFO    | telethon.network.mtprotosender | Disconnecting from 149.154.175.50:443/TcpFull...
2026-07-22 22:59:40 | INFO    | telethon.network.mtprotosender | Disconnection from 149.154.175.50:443/TcpFull complete!
2026-07-22 23:08:16 | INFO    | telethon.network.mtprotosender | Connecting to 149.154.175.50:443/TcpFull...
2026-07-22 23:08:16 | INFO    | telethon.network.mtprotosender | Connection to 149.154.175.50:443/TcpFull complete!
2026-07-22 23:08:16 | INFO    | telethon.network.mtprotosender | Connecting to 149.154.175.50:443/TcpFull...
2026-07-22 23:08:16 | INFO    | telethon.network.mtprotosender | Connection to 149.154.175.50:443/TcpFull complete!
2026-07-22 23:09:48 | WARNING | telethon.network.connection.connection | Server closed the connection: 0 bytes read on a total of 8 expected bytes
2026-07-22 23:09:48 | INFO    | telethon.network.mtprotosender | Connection closed while receiving data: 0 bytes read on a total of 8 expected bytes
2026-07-22 23:09:48 | INFO    | telethon.network.mtprotosender | Closing current connection to begin reconnect...
2026-07-22 23:09:48 | INFO    | telethon.network.mtprotosender | Connecting to 149.154.175.50:443/TcpFull...
2026-07-22 23:09:48 | WARNING | telethon.network.connection.connection | Server closed the connection: 0 bytes read on a total of 8 expected bytes
2026-07-22 23:09:48 | INFO    | telethon.network.mtprotosender | Connection closed while receiving data: 0 bytes read on a total of 8 expected bytes
2026-07-22 23:09:48 | INFO    | telethon.network.mtprotosender | Closing current connection to begin reconnect...
2026-07-22 23:09:48 | INFO    | telethon.network.mtprotosender | Connecting to 149.154.175.50:443/TcpFull...
2026-07-22 23:09:48 | INFO    | telethon.network.mtprotosender | Connection to 149.154.175.50:443/TcpFull complete!
2026-07-22 23:09:48 | INFO    | telethon.network.mtprotosender | Connection to 149.154.175.50:443/TcpFull complete!
2026-07-22 23:09:49 | WARNING | telethon.client.updates | Error executing high-level request after reconnect: <class 'telethon.errors.rpcerrorlist.AuthKeyDuplicatedError'>: The authorization key (session file) was used under two different IP addresses simultaneously, and can no longer be used. Use the same session exclusively, or use different sessions (caused by GetUsersRequest)
2026-07-22 23:09:49 | WARNING | telethon.client.updates | Error executing high-level request after reconnect: <class 'telethon.errors.rpcerrorlist.AuthKeyDuplicatedError'>: The authorization key (session file) was used under two different IP addresses simultaneously, and can no longer be used. Use the same session exclusively, or use different sessions (caused by GetUsersRequest)
2026-07-22 23:11:20 | WARNING | telethon.network.connection.connection | Server closed the connection: 0 bytes read on a total of 8 expected bytes
2026-07-22 23:11:20 | INFO    | telethon.network.mtprotosender | Connection closed while receiving data: 0 bytes read on a total of 8 expected bytes
2026-07-22 23:11:20 | INFO    | telethon.network.mtprotosender | Closing current connection to begin reconnect...
2026-07-22 23:11:20 | INFO    | telethon.network.mtprotosender | Connecting to 149.154.175.50:443/TcpFull...
2026-07-22 23:11:20 | WARNING | telethon.network.connection.connection | Server closed the connection: 0 bytes read on a total of 8 expected bytes
2026-07-22 23:11:20 | INFO    | telethon.network.mtprotosender | Connection closed while receiving data: 0 bytes read on a total of 8 expected bytes
2026-07-22 23:11:20 | INFO    | telethon.network.mtprotosender | Closing current connection to begin reconnect...
2026-07-22 23:11:20 | INFO    | telethon.network.mtprotosender | Connecting to 149.154.175.50:443/TcpFull...
2026-07-22 23:11:20 | INFO    | telethon.network.mtprotosender | Connection to 149.154.175.50:443/TcpFull complete!
2026-07-22 23:11:20 | INFO    | telethon.network.mtprotosender | Connection to 149.154.175.50:443/TcpFull complete!
2026-07-22 23:11:21 | WARNING | telethon.client.updates | Error executing high-level request after reconnect: <class 'telethon.errors.rpcerrorlist.AuthKeyDuplicatedError'>: The authorization key (session file) was used under two different IP addresses simultaneously, and can no longer be used. Use the same session exclusively, or use different sessions (caused by GetUsersRequest)
2026-07-22 23:11:21 | WARNING | telethon.client.updates | Error executing high-level request after reconnect: <class 'telethon.errors.rpcerrorlist.AuthKeyDuplicatedError'>: The authorization key (session file) was used under two different IP addresses simultaneously, and can no longer be used. Use the same session exclusively, or use different sessions (caused by GetUsersRequest)
2026-07-22 23:12:52 | WARNING | telethon.network.connection.connection | Server closed the connection: 0 bytes read on a total of 8 expected bytes
2026-07-22 23:12:52 | INFO    | telethon.network.mtprotosender | Connection closed while receiving data: 0 bytes read on a total of 8 expected bytes
2026-07-22 23:12:52 | INFO    | telethon.network.mtprotosender | Closing current connection to begin reconnect...
2026-07-22 23:12:52 | WARNING | telethon.network.connection.connection | Server closed the connection: 0 bytes read on a total of 8 expected bytes
2026-07-22 23:12:52 | INFO    | telethon.network.mtprotosender | Connection closed while receiving data: 0 bytes read on a total of 8 expected bytes
2026-07-22 23:12:52 | INFO    | telethon.network.mtprotosender | Connecting to 149.154.175.50:443/TcpFull...
2026-07-22 23:12:52 | INFO    | telethon.network.mtprotosender | Closing current connection to begin reconnect...
2026-07-22 23:12:52 | INFO    | telethon.network.mtprotosender | Connecting to 149.154.175.50:443/TcpFull...
2026-07-22 23:12:52 | INFO    | telethon.network.mtprotosender | Connection to 149.154.175.50:443/TcpFull complete!
2026-07-22 23:12:52 | INFO    | telethon.network.mtprotosender | Connection to 149.154.175.50:443/TcpFull complete!
2026-07-22 23:12:53 | WARNING | telethon.client.updates | Error executing high-level request after reconnect: <class 'telethon.errors.rpcerrorlist.AuthKeyDuplicatedError'>: The authorization key (session file) was used under two different IP addresses simultaneously, and can no longer be used. Use the same session exclusively, or use different sessions (caused by GetUsersRequest)
2026-07-22 23:12:53 | WARNING | telethon.client.updates | Error executing high-level request after reconnect: <class 'telethon.errors.rpcerrorlist.AuthKeyDuplicatedError'>: The authorization key (session file) was used under two different IP addresses simultaneously, and can no longer be used. Use the same session exclusively, or use different sessions (caused by GetUsersRequest)
2026-07-22 23:14:24 | WARNING | telethon.network.connection.connection | Server closed the connection: 0 bytes read on a total of 8 expected bytes
2026-07-22 23:14:24 | INFO    | telethon.network.mtprotosender | Connection closed while receiving data: 0 bytes read on a total of 8 expected bytes
2026-07-22 23:14:24 | INFO    | telethon.network.mtprotosender | Closing current connection to begin reconnect...
2026-07-22 23:14:24 | INFO    | telethon.network.mtprotosender | Connecting to 149.154.175.50:443/TcpFull...
2026-07-22 23:14:24 | WARNING | telethon.network.connection.connection | Server closed the connection: 0 bytes read on a total of 8 expected bytes
2026-07-22 23:14:24 | INFO    | telethon.network.mtprotosender | Connection closed while receiving data: 0 bytes read on a total of 8 expected bytes
2026-07-22 23:14:24 | INFO    | telethon.network.mtprotosender | Closing current connection to begin reconnect...
2026-07-22 23:14:24 | INFO    | telethon.network.mtprotosender | Connecting to 149.154.175.50:443/TcpFull...
2026-07-22 23:14:24 | INFO    | telethon.network.mtprotosender | Connection to 149.154.175.50:443/TcpFull complete!
2026-07-22 23:14:24 | INFO    | telethon.network.mtprotosender | Connection to 149.154.175.50:443/TcpFull complete!
2026-07-22 23:14:25 | WARNING | telethon.client.updates | Error executing high-level request after reconnect: <class 'telethon.errors.rpcerrorlist.AuthKeyDuplicatedError'>: The authorization key (session file) was used under two different IP addresses simultaneously, and can no longer be used. Use the same session exclusively, or use different sessions (caused by GetUsersRequest)
2026-07-22 23:14:25 | WARNING | telethon.client.updates | Error executing high-level request after reconnect: <class 'telethon.errors.rpcerrorlist.AuthKeyDuplicatedError'>: The authorization key (session file) was used under two different IP addresses simultaneously, and can no longer be used. Use the same session exclusively, or use different sessions (caused by GetUsersRequest)
2026-07-22 23:15:56 | WARNING | telethon.network.connection.connection | Server closed the connection: 0 bytes read on a total of 8 expected bytes
2026-07-22 23:15:56 | INFO    | telethon.network.mtprotosender | Connection closed while receiving data: 0 bytes read on a total of 8 expected bytes
2026-07-22 23:15:56 | INFO    | telethon.network.mtprotosender | Closing current connection to begin reconnect...
2026-07-22 23:15:56 | INFO    | telethon.network.mtprotosender | Connecting to 149.154.175.50:443/TcpFull...
2026-07-22 23:15:56 | WARNING | telethon.network.connection.connection | Server closed the connection: 0 bytes read on a total of 8 expected bytes
2026-07-22 23:15:56 | INFO    | telethon.network.mtprotosender | Connection closed while receiving data: 0 bytes read on a total of 8 expected bytes
2026-07-22 23:15:56 | INFO    | telethon.network.mtprotosender | Closing current connection to begin reconnect...
2026-07-22 23:15:56 | INFO    | telethon.network.mtprotosender | Connecting to 149.154.175.50:443/TcpFull...
2026-07-22 23:15:56 | INFO    | telethon.network.mtprotosender | Connection to 149.154.175.50:443/TcpFull complete!
2026-07-22 23:15:56 | INFO    | telethon.network.mtprotosender | Connection to 149.154.175.50:443/TcpFull complete!
2026-07-22 23:15:57 | WARNING | telethon.client.updates | Error executing high-level request after reconnect: <class 'telethon.errors.rpcerrorlist.AuthKeyDuplicatedError'>: The authorization key (session file) was used under two different IP addresses simultaneously, and can no longer be used. Use the same session exclusively, or use different sessions (caused by GetUsersRequest)
2026-07-22 23:15:57 | WARNING | telethon.client.updates | Error executing high-level request after reconnect: <class 'telethon.errors.rpcerrorlist.AuthKeyDuplicatedError'>: The authorization key (session file) was used under two different IP addresses simultaneously, and can no longer be used. Use the same session exclusively, or use different sessions (caused by GetUsersRequest)
2026-07-22 23:17:28 | WARNING | telethon.network.connection.connection | Server closed the connection: 0 bytes read on a total of 8 expected bytes
2026-07-22 23:17:28 | INFO    | telethon.network.mtprotosender | Connection closed while receiving data: 0 bytes read on a total of 8 expected bytes
2026-07-22 23:17:28 | INFO    | telethon.network.mtprotosender | Closing current connection to begin reconnect...
2026-07-22 23:17:28 | INFO    | telethon.network.mtprotosender | Connecting to 149.154.175.50:443/TcpFull...
2026-07-22 23:17:28 | WARNING | telethon.network.connection.connection | Server closed the connection: 0 bytes read on a total of 8 expected bytes
2026-07-22 23:17:28 | INFO    | telethon.network.mtprotosender | Connection closed while receiving data: 0 bytes read on a total of 8 expected bytes
2026-07-22 23:17:28 | INFO    | telethon.network.mtprotosender | Closing current connection to begin reconnect...
2026-07-22 23:17:28 | INFO    | telethon.network.mtprotosender | Connecting to 149.154.175.50:443/TcpFull...
2026-07-22 23:17:28 | INFO    | telethon.network.mtprotosender | Connection to 149.154.175.50:443/TcpFull complete!
2026-07-22 23:17:28 | INFO    | telethon.network.mtprotosender | Connection to 149.154.175.50:443/TcpFull complete!
2026-07-22 23:17:29 | WARNING | telethon.client.updates | Error executing high-level request after reconnect: <class 'telethon.errors.rpcerrorlist.AuthKeyDuplicatedError'>: The authorization key (session file) was used under two different IP addresses simultaneously, and can no longer be used. Use the same session exclusively, or use different sessions (caused by GetUsersRequest)
2026-07-22 23:17:29 | WARNING | telethon.client.updates | Error executing high-level request after reconnect: <class 'telethon.errors.rpcerrorlist.AuthKeyDuplicatedError'>: The authorization key (session file) was used under two different IP addresses simultaneously, and can no longer be used. Use the same session exclusively, or use different sessions (caused by GetUsersRequest)
2026-07-22 23:18:17 | INFO    | telethon.network.mtprotosender | Connecting to 149.154.175.50:443/TcpFull...
2026-07-22 23:18:17 | INFO    | telethon.network.mtprotosender | Connection to 149.154.175.50:443/TcpFull complete!
2026-07-22 23:18:17 | INFO    | telethon.network.mtprotosender | Connecting to 149.154.175.50:443/TcpFull...
2026-07-22 23:18:17 | INFO    | telethon.network.mtprotosender | Connection to 149.154.175.50:443/TcpFull complete!
2026-07-22 23:19:00 | WARNING | telethon.network.connection.connection | Server closed the connection: 0 bytes read on a total of 8 expected bytes
2026-07-22 23:19:00 | INFO    | telethon.network.mtprotosender | Connection closed while receiving data: 0 bytes read on a total of 8 expected bytes
2026-07-22 23:19:00 | INFO    | telethon.network.mtprotosender | Closing current connection to begin reconnect...
2026-07-22 23:19:00 | INFO    | telethon.network.mtprotosender | Connecting to 149.154.175.50:443/TcpFull...
2026-07-22 23:19:00 | WARNING | telethon.network.connection.connection | Server closed the connection: 0 bytes read on a total of 8 expected bytes
2026-07-22 23:19:00 | INFO    | telethon.network.mtprotosender | Connection closed while receiving data: 0 bytes read on a total of 8 expected bytes
2026-07-22 23:19:00 | INFO    | telethon.network.mtprotosender | Closing current connection to begin reconnect...
2026-07-22 23:19:00 | INFO    | telethon.network.mtprotosender | Connecting to 149.154.175.50:443/TcpFull...
2026-07-22 23:19:00 | INFO    | telethon.network.mtprotosender | Connection to 149.154.175.50:443/TcpFull complete!
2026-07-22 23:19:00 | INFO    | telethon.network.mtprotosender | Connection to 149.154.175.50:443/TcpFull complete!
2026-07-22 23:19:00 | WARNING | telethon.client.updates | Error executing high-level request after reconnect: <class 'telethon.errors.rpcerrorlist.AuthKeyDuplicatedError'>: The authorization key (session file) was used under two different IP addresses simultaneously, and can no longer be used. Use the same session exclusively, or use different sessions (caused by GetUsersRequest)
2026-07-22 23:19:01 | WARNING | telethon.client.updates | Error executing high-level request after reconnect: <class 'telethon.errors.rpcerrorlist.AuthKeyDuplicatedError'>: The authorization key (session file) was used under two different IP addresses simultaneously, and can no longer be used. Use the same session exclusively, or use different sessions (caused by GetUsersRequest)
2026-07-22 23:19:49 | WARNING | telethon.network.connection.connection | Server closed the connection: 0 bytes read on a total of 8 expected bytes
2026-07-22 23:19:49 | INFO    | telethon.network.mtprotosender | Connection closed while receiving data: 0 bytes read on a total of 8 expected bytes
2026-07-22 23:19:49 | INFO    | telethon.network.mtprotosender | Closing current connection to begin reconnect...
2026-07-22 23:19:49 | INFO    | telethon.network.mtprotosender | Connecting to 149.154.175.50:443/TcpFull...
2026-07-22 23:19:49 | WARNING | telethon.network.connection.connection | Server closed the connection: 0 bytes read on a total of 8 expected bytes
2026-07-22 23:19:49 | INFO    | telethon.network.mtprotosender | Connection closed while receiving data: 0 bytes read on a total of 8 expected bytes
2026-07-22 23:19:49 | INFO    | telethon.network.mtprotosender | Closing current connection to begin reconnect...
2026-07-22 23:19:49 | INFO    | telethon.network.mtprotosender | Connecting to 149.154.175.50:443/TcpFull...
2026-07-22 23:19:49 | INFO    | telethon.network.mtprotosender | Connection to 149.154.175.50:443/TcpFull complete!
2026-07-22 23:19:49 | INFO    | telethon.network.mtprotosender | Connection to 149.154.175.50:443/TcpFull complete!
2026-07-22 23:19:50 | WARNING | telethon.client.updates | Error executing high-level request after reconnect: <class 'telethon.errors.rpcerrorlist.AuthKeyDuplicatedError'>: The authorization key (session file) was used under two different IP addresses simultaneously, and can no longer be used. Use the same session exclusively, or use different sessions (caused by GetUsersRequest)
2026-07-22 23:19:50 | WARNING | telethon.client.updates | Error executing high-level request after reconnect: <class 'telethon.errors.rpcerrorlist.AuthKeyDuplicatedError'>: The authorization key (session file) was used under two different IP addresses simultaneously, and can no longer be used. Use the same session exclusively, or use different sessions (caused by GetUsersRequest)
2026-07-22 23:52:50 | INFO    | __main__ | Starting control bot… admins={6761476152, 8569476923, 7362573437}
2026-07-22 23:52:50 | INFO    | aiogram.dispatcher | Start polling
2026-07-22 23:52:50 | INFO    | telethon.network.mtprotosender | Connecting to 149.154.175.50:443/TcpFull...
2026-07-22 23:52:50 | INFO    | telethon.network.mtprotosender | Connection to 149.154.175.50:443/TcpFull complete!
2026-07-22 23:52:50 | INFO    | aiogram.dispatcher | Run polling for bot @Warningstetestetest_bot id=8949896798 - 'WarningstetestetestBot'
2026-07-22 23:52:50 | INFO    | telethon.network.mtprotosender | Connecting to 149.154.175.50:443/TcpFull...
2026-07-22 23:52:50 | INFO    | aiogram.event | Update id=452968997 is handled. Duration 298 ms by bot id=8949896798
2026-07-22 23:52:50 | INFO    | telethon.network.mtprotosender | Connection to 149.154.175.50:443/TcpFull complete!
2026-07-22 23:52:50 | INFO    | telethon.network.mtprotosender | Connecting to 149.154.175.50:443/TcpFull...
2026-07-22 23:52:51 | INFO    | telethon.network.mtprotosender | Connection to 149.154.175.50:443/TcpFull complete!
2026-07-22 23:53:17 | INFO    | aiogram.event | Update id=452968998 is handled. Duration 187 ms by bot id=8949896798
2026-07-22 23:53:21 | INFO    | aiogram.event | Update id=452968999 is handled. Duration 194 ms by bot id=8949896798
2026-07-22 23:53:43 | INFO    | aiogram.event | Update id=452969000 is handled. Duration 182 ms by bot id=8949896798
2026-07-22 23:53:54 | INFO    | aiogram.event | Update id=452969001 is handled. Duration 188 ms by bot id=8949896798
2026-07-22 23:53:56 | INFO    | aiogram.event | Update id=452969002 is handled. Duration 357 ms by bot id=8949896798
2026-07-22 23:54:02 | INFO    | aiogram.event | Update id=452969003 is handled. Duration 178 ms by bot id=8949896798
2026-07-22 23:54:22 | WARNING | telethon.network.connection.connection | Server closed the connection: 0 bytes read on a total of 8 expected bytes
2026-07-22 23:54:22 | INFO    | telethon.network.mtprotosender | Connection closed while receiving data: 0 bytes read on a total of 8 expected bytes
2026-07-22 23:54:22 | INFO    | telethon.network.mtprotosender | Closing current connection to begin reconnect...
2026-07-22 23:54:22 | WARNING | telethon.network.connection.connection | Server closed the connection: 0 bytes read on a total of 8 expected bytes
2026-07-22 23:54:22 | INFO    | telethon.network.mtprotosender | Connecting to 149.154.175.50:443/TcpFull...
2026-07-22 23:54:22 | INFO    | telethon.network.mtprotosender | Connection closed while receiving data: 0 bytes read on a total of 8 expected bytes
2026-07-22 23:54:22 | INFO    | telethon.network.mtprotosender | Closing current connection to begin reconnect...
2026-07-22 23:54:22 | INFO    | telethon.network.mtprotosender | Connecting to 149.154.175.50:443/TcpFull...
2026-07-22 23:54:22 | INFO    | telethon.network.mtprotosender | Connection to 149.154.175.50:443/TcpFull complete!
2026-07-22 23:54:22 | INFO    | telethon.network.mtprotosender | Connection to 149.154.175.50:443/TcpFull complete!
2026-07-22 23:54:22 | WARNING | telethon.client.updates | Error executing high-level request after reconnect: <class 'telethon.errors.rpcerrorlist.AuthKeyDuplicatedError'>: The authorization key (session file) was used under two different IP addresses simultaneously, and can no longer be used. Use the same session exclusively, or use different sessions (caused by GetUsersRequest)
2026-07-22 23:54:22 | WARNING | telethon.client.updates | Error executing high-level request after reconnect: <class 'telethon.errors.rpcerrorlist.AuthKeyDuplicatedError'>: The authorization key (session file) was used under two different IP addresses simultaneously, and can no longer be used. Use the same session exclusively, or use different sessions (caused by GetUsersRequest)
2026-07-22 23:54:35 | INFO    | aiogram.event | Update id=452969004 is handled. Duration 180 ms by bot id=8949896798
2026-07-22 23:54:36 | INFO    | aiogram.event | Update id=452969005 is handled. Duration 351 ms by bot id=8949896798
2026-07-22 23:55:02 | INFO    | aiogram.event | Update id=452969006 is handled. Duration 332 ms by bot id=8949896798
2026-07-22 23:55:16 | INFO    | aiogram.event | Update id=452969007 is handled. Duration 361 ms by bot id=8949896798
2026-07-22 23:55:17 | INFO    | aiogram.event | Update id=452969008 is handled. Duration 345 ms by bot id=8949896798
2026-07-22 23:55:54 | WARNING | telethon.network.connection.connection | Server closed the connection: 0 bytes read on a total of 8 expected bytes
2026-07-22 23:55:54 | INFO    | telethon.network.mtprotosender | Connection closed while receiving data: 0 bytes read on a total of 8 expected bytes
2026-07-22 23:55:54 | INFO    | telethon.network.mtprotosender | Closing current connection to begin reconnect...
2026-07-22 23:55:54 | WARNING | telethon.network.connection.connection | Server closed the connection: 0 bytes read on a total of 8 expected bytes
2026-07-22 23:55:54 | INFO    | telethon.network.mtprotosender | Connection closed while receiving data: 0 bytes read on a total of 8 expected bytes
2026-07-22 23:55:54 | INFO    | telethon.network.mtprotosender | Connecting to 149.154.175.50:443/TcpFull...
2026-07-22 23:55:54 | INFO    | telethon.network.mtprotosender | Closing current connection to begin reconnect...
2026-07-22 23:55:54 | INFO    | telethon.network.mtprotosender | Connecting to 149.154.175.50:443/TcpFull...
2026-07-22 23:55:54 | INFO    | telethon.network.mtprotosender | Connection to 149.154.175.50:443/TcpFull complete!
2026-07-22 23:55:54 | INFO    | telethon.network.mtprotosender | Connection to 149.154.175.50:443/TcpFull complete!
2026-07-22 23:55:54 | WARNING | telethon.client.updates | Error executing high-level request after reconnect: <class 'telethon.errors.rpcerrorlist.AuthKeyDuplicatedError'>: The authorization key (session file) was used under two different IP addresses simultaneously, and can no longer be used. Use the same session exclusively, or use different sessions (caused by GetUsersRequest)
2026-07-22 23:55:54 | WARNING | telethon.client.updates | Error executing high-level request after reconnect: <class 'telethon.errors.rpcerrorlist.AuthKeyDuplicatedError'>: The authorization key (session file) was used under two different IP addresses simultaneously, and can no longer be used. Use the same session exclusively, or use different sessions (caused by GetUsersRequest)
2026-07-22 23:57:26 | WARNING | telethon.network.connection.connection | Server closed the connection: 0 bytes read on a total of 8 expected bytes
2026-07-22 23:57:26 | INFO    | telethon.network.mtprotosender | Connection closed while receiving data: 0 bytes read on a total of 8 expected bytes
2026-07-22 23:57:26 | INFO    | telethon.network.mtprotosender | Closing current connection to begin reconnect...
2026-07-22 23:57:26 | INFO    | telethon.network.mtprotosender | Connecting to 149.154.175.50:443/TcpFull...
2026-07-22 23:57:26 | WARNING | telethon.network.connection.connection | Server closed the connection: 0 bytes read on a total of 8 expected bytes
2026-07-22 23:57:26 | INFO    | telethon.network.mtprotosender | Connection closed while receiving data: 0 bytes read on a total of 8 expected bytes
2026-07-22 23:57:26 | INFO    | telethon.network.mtprotosender | Closing current connection to begin reconnect...
2026-07-22 23:57:26 | INFO    | telethon.network.mtprotosender | Connecting to 149.154.175.50:443/TcpFull...
2026-07-22 23:57:26 | INFO    | telethon.network.mtprotosender | Connection to 149.154.175.50:443/TcpFull complete!
2026-07-22 23:57:26 | INFO    | telethon.network.mtprotosender | Connection to 149.154.175.50:443/TcpFull complete!
2026-07-22 23:57:26 | WARNING | telethon.client.updates | Error executing high-level request after reconnect: <class 'telethon.errors.rpcerrorlist.AuthKeyDuplicatedError'>: The authorization key (session file) was used under two different IP addresses simultaneously, and can no longer be used. Use the same session exclusively, or use different sessions (caused by GetUsersRequest)
2026-07-22 23:57:26 | WARNING | telethon.client.updates | Error executing high-level request after reconnect: <class 'telethon.errors.rpcerrorlist.AuthKeyDuplicatedError'>: The authorization key (session file) was used under two different IP addresses simultaneously, and can no longer be used. Use the same session exclusively, or use different sessions (caused by GetUsersRequest)
2026-07-22 23:57:53 | INFO    | aiogram.event | Update id=452969009 is handled. Duration 185 ms by bot id=8949896798
2026-07-22 23:57:55 | INFO    | aiogram.event | Update id=452969010 is handled. Duration 326 ms by bot id=8949896798
2026-07-22 23:58:00 | INFO    | aiogram.event | Update id=452969011 is handled. Duration 190 ms by bot id=8949896798
2026-07-22 23:58:11 | INFO    | aiogram.event | Update id=452969012 is handled. Duration 182 ms by bot id=8949896798
2026-07-22 23:58:13 | INFO    | aiogram.event | Update id=452969013 is handled. Duration 341 ms by bot id=8949896798
2026-07-22 23:58:14 | INFO    | aiogram.event | Update id=452969014 is handled. Duration 346 ms by bot id=8949896798
2026-07-22 23:58:27 | INFO    | aiogram.event | Update id=452969015 is handled. Duration 178 ms by bot id=8949896798
2026-07-22 23:58:48 | INFO    | aiogram.event | Update id=452969016 is handled. Duration 171 ms by bot id=8949896798
2026-07-22 23:58:50 | INFO    | aiogram.event | Update id=452969017 is handled. Duration 369 ms by bot id=8949896798
2026-07-22 23:58:58 | WARNING | telethon.network.connection.connection | Server closed the connection: 0 bytes read on a total of 8 expected bytes
2026-07-22 23:58:58 | INFO    | telethon.network.mtprotosender | Connection closed while receiving data: 0 bytes read on a total of 8 expected bytes
2026-07-22 23:58:58 | INFO    | telethon.network.mtprotosender | Closing current connection to begin reconnect...
2026-07-22 23:58:58 | INFO    | telethon.network.mtprotosender | Connecting to 149.154.175.50:443/TcpFull...
2026-07-22 23:58:58 | WARNING | telethon.network.connection.connection | Server closed the connection: 0 bytes read on a total of 8 expected bytes
2026-07-22 23:58:58 | INFO    | telethon.network.mtprotosender | Connection closed while receiving data: 0 bytes read on a total of 8 expected bytes
2026-07-22 23:58:58 | INFO    | telethon.network.mtprotosender | Closing current connection to begin reconnect...
2026-07-22 23:58:58 | INFO    | telethon.network.mtprotosender | Connecting to 149.154.175.50:443/TcpFull...
2026-07-22 23:58:58 | INFO    | telethon.network.mtprotosender | Connection to 149.154.175.50:443/TcpFull complete!
2026-07-22 23:58:58 | INFO    | telethon.network.mtprotosender | Connection to 149.154.175.50:443/TcpFull complete!
2026-07-22 23:58:58 | WARNING | telethon.client.updates | Error executing high-level request after reconnect: <class 'telethon.errors.rpcerrorlist.AuthKeyDuplicatedError'>: The authorization key (session file) was used under two different IP addresses simultaneously, and can no longer be used. Use the same session exclusively, or use different sessions (caused by GetUsersRequest)
2026-07-22 23:58:58 | WARNING | telethon.client.updates | Error executing high-level request after reconnect: <class 'telethon.errors.rpcerrorlist.AuthKeyDuplicatedError'>: The authorization key (session file) was used under two different IP addresses simultaneously, and can no longer be used. Use the same session exclusively, or use different sessions (caused by GetUsersRequest)
2026-07-23 00:00:30 | WARNING | telethon.network.connection.connection | Server closed the connection: 0 bytes read on a total of 8 expected bytes
2026-07-23 00:00:30 | INFO    | telethon.network.mtprotosender | Connection closed while receiving data: 0 bytes read on a total of 8 expected bytes
2026-07-23 00:00:30 | INFO    | telethon.network.mtprotosender | Closing current connection to begin reconnect...
2026-07-23 00:00:30 | INFO    | telethon.network.mtprotosender | Connecting to 149.154.175.50:443/TcpFull...
2026-07-23 00:00:30 | WARNING | telethon.network.connection.connection | Server closed the connection: 0 bytes read on a total of 8 expected bytes
2026-07-23 00:00:30 | INFO    | telethon.network.mtprotosender | Connection closed while receiving data: 0 bytes read on a total of 8 expected bytes
2026-07-23 00:00:30 | INFO    | telethon.network.mtprotosender | Closing current connection to begin reconnect...
2026-07-23 00:00:30 | INFO    | telethon.network.mtprotosender | Connecting to 149.154.175.50:443/TcpFull...
2026-07-23 00:00:30 | INFO    | telethon.network.mtprotosender | Connection to 149.154.175.50:443/TcpFull complete!
2026-07-23 00:00:30 | INFO    | telethon.network.mtprotosender | Connection to 149.154.175.50:443/TcpFull complete!
2026-07-23 00:00:30 | WARNING | telethon.client.updates | Error executing high-level request after reconnect: <class 'telethon.errors.rpcerrorlist.AuthKeyDuplicatedError'>: The authorization key (session file) was used under two different IP addresses simultaneously, and can no longer be used. Use the same session exclusively, or use different sessions (caused by GetUsersRequest)
2026-07-23 00:00:30 | WARNING | telethon.client.updates | Error executing high-level request after reconnect: <class 'telethon.errors.rpcerrorlist.AuthKeyDuplicatedError'>: The authorization key (session file) was used under two different IP addresses simultaneously, and can no longer be used. Use the same session exclusively, or use different sessions (caused by GetUsersRequest)
2026-07-23 00:01:44 | INFO    | aiogram.dispatcher | Polling stopped
2026-07-23 00:01:44 | ERROR   | aiogram.dispatcher | Failed to fetch updates - TelegramNetworkError: HTTP Client says - ServerDisconnectedError: Server disconnected
2026-07-23 00:01:44 | WARNING | aiogram.dispatcher | Sleep for 1.000000 seconds and try again... (tryings = 0, bot id = 8949896798)
2026-07-23 00:01:45 | INFO    | telethon.network.mtprotosender | Disconnecting from 149.154.175.50:443/TcpFull...
2026-07-23 00:01:45 | INFO    | telethon.network.mtprotosender | Disconnection from 149.154.175.50:443/TcpFull complete!
2026-07-23 00:01:45 | INFO    | aiogram.dispatcher | Polling stopped for bot @Warningstetestetest_bot id=8949896798 - 'WarningstetestetestBot'
2026-07-23 00:04:58 | INFO    | __main__ | Starting control bot… admins={6761476152, 8569476923, 7362573437}
2026-07-23 00:04:58 | INFO    | aiogram.dispatcher | Start polling
2026-07-23 00:04:58 | INFO    | telethon.network.mtprotosender | Connecting to 149.154.175.50:443/TcpFull...
2026-07-23 00:04:58 | INFO    | aiogram.dispatcher | Run polling for bot @Warningstetestetest_bot id=8949896798 - 'WarningstetestetestBot'
2026-07-23 00:04:58 | INFO    | telethon.network.mtprotosender | Connection to 149.154.175.50:443/TcpFull complete!
2026-07-23 00:04:59 | INFO    | telethon.network.mtprotosender | Connecting to 149.154.175.50:443/TcpFull...
2026-07-23 00:04:59 | INFO    | telethon.network.mtprotosender | Connection to 149.154.175.50:443/TcpFull complete!
2026-07-23 00:04:59 | INFO    | telethon.network.mtprotosender | Connecting to 149.154.175.50:443/TcpFull...
2026-07-23 00:04:59 | INFO    | telethon.network.mtprotosender | Connection to 149.154.175.50:443/TcpFull complete!
2026-07-23 00:05:00 | INFO    | telethon.network.mtprotosender | Connecting to 149.154.175.50:443/TcpFull...
2026-07-23 00:05:00 | INFO    | telethon.network.mtprotosender | Connection to 149.154.175.50:443/TcpFull complete!
2026-07-23 00:05:01 | ERROR   | asyncio | Task was destroyed but it is pending!
task: <Task pending name='Task-12' coro=<Connection._send_loop() done, defined at D:\shit\telegrambot\jalobyBot\.venv\Lib\site-packages\telethon\network\connection\connection.py:316> wait_for=<Future cancelled>>
2026-07-23 00:05:01 | ERROR   | asyncio | Task was destroyed but it is pending!
task: <Task pending name='Task-13' coro=<Connection._recv_loop() running at D:\shit\telegrambot\jalobyBot\.venv\Lib\site-packages\telethon\network\connection\connection.py:361> wait_for=<Future pending cb=[Task.task_wakeup()]>>
2026-07-23 00:05:01 | ERROR   | asyncio | Task was destroyed but it is pending!
task: <Task pending name='Task-14' coro=<MTProtoSender._send_loop() done, defined at D:\shit\telegrambot\jalobyBot\.venv\Lib\site-packages\telethon\network\mtprotosender.py:452> wait_for=<Future pending cb=[Task.task_wakeup()]>>
2026-07-23 00:05:01 | ERROR   | asyncio | Task was destroyed but it is pending!
task: <Task pending name='Task-15' coro=<MTProtoSender._recv_loop() done, defined at D:\shit\telegrambot\jalobyBot\.venv\Lib\site-packages\telethon\network\mtprotosender.py:503> wait_for=<Future cancelled>>
2026-07-23 00:05:01 | ERROR   | asyncio | Task was destroyed but it is pending!
task: <Task pending name='Task-16' coro=<Connection._send_loop() done, defined at D:\shit\telegrambot\jalobyBot\.venv\Lib\site-packages\telethon\network\connection\connection.py:316> wait_for=<Future cancelled>>
2026-07-23 00:05:01 | ERROR   | asyncio | Task was destroyed but it is pending!
task: <Task pending name='Task-17' coro=<Connection._recv_loop() running at D:\shit\telegrambot\jalobyBot\.venv\Lib\site-packages\telethon\network\connection\connection.py:361> wait_for=<Future pending cb=[Task.task_wakeup()]>>
2026-07-23 00:05:01 | ERROR   | asyncio | Task was destroyed but it is pending!
task: <Task pending name='Task-18' coro=<MTProtoSender._send_loop() done, defined at D:\shit\telegrambot\jalobyBot\.venv\Lib\site-packages\telethon\network\mtprotosender.py:452> wait_for=<Future pending cb=[Task.task_wakeup()]>>
2026-07-23 00:05:01 | ERROR   | asyncio | Task was destroyed but it is pending!
task: <Task pending name='Task-19' coro=<MTProtoSender._recv_loop() done, defined at D:\shit\telegrambot\jalobyBot\.venv\Lib\site-packages\telethon\network\mtprotosender.py:503> wait_for=<Future cancelled>>
2026-07-23 00:05:09 | ERROR   | asyncio | Task was destroyed but it is pending!
task: <Task pending name='Task-8' coro=<Connection._send_loop() running at D:\shit\telegrambot\jalobyBot\.venv\Lib\site-packages\telethon\network\connection\connection.py:322> wait_for=<Future pending cb=[Task.task_wakeup()]>>
2026-07-23 00:05:09 | ERROR   | asyncio | Task was destroyed but it is pending!
task: <Task pending name='Task-9' coro=<Connection._recv_loop() running at D:\shit\telegrambot\jalobyBot\.venv\Lib\site-packages\telethon\network\connection\connection.py:341> wait_for=<Future pending cb=[Task.task_wakeup()]>>
2026-07-23 00:05:09 | ERROR   | asyncio | Task was destroyed but it is pending!
task: <Task pending name='Task-10' coro=<MTProtoSender._send_loop() running at D:\shit\telegrambot\jalobyBot\.venv\Lib\site-packages\telethon\network\mtprotosender.py:470> wait_for=<Future pending cb=[Task.task_wakeup()]>>
2026-07-23 00:05:09 | ERROR   | asyncio | Task was destroyed but it is pending!
task: <Task pending name='Task-11' coro=<MTProtoSender._recv_loop() running at D:\shit\telegrambot\jalobyBot\.venv\Lib\site-packages\telethon\network\mtprotosender.py:513> wait_for=<Future pending cb=[Task.task_wakeup()]>>
2026-07-23 00:05:54 | INFO    | aiogram.event | Update id=452969018 is handled. Duration 343 ms by bot id=8949896798
2026-07-23 00:05:56 | INFO    | aiogram.event | Update id=452969019 is handled. Duration 327 ms by bot id=8949896798
2026-07-23 00:06:02 | INFO    | aiogram.event | Update id=452969020 is handled. Duration 375 ms by bot id=8949896798
2026-07-23 00:06:03 | INFO    | aiogram.event | Update id=452969021 is handled. Duration 188 ms by bot id=8949896798
2026-07-23 00:06:11 | INFO    | aiogram.event | Update id=452969022 is handled. Duration 344 ms by bot id=8949896798
2026-07-23 00:06:14 | INFO    | aiogram.event | Update id=452969023 is handled. Duration 186 ms by bot id=8949896798
2026-07-23 00:06:18 | INFO    | aiogram.event | Update id=452969024 is handled. Duration 359 ms by bot id=8949896798
2026-07-23 00:06:56 | INFO    | telethon.network.mtprotosender | Connecting to 149.154.175.50:443/TcpFull...
2026-07-23 00:06:56 | INFO    | telethon.network.mtprotosender | Connection to 149.154.175.50:443/TcpFull complete!
2026-07-23 00:06:56 | ERROR   | accounts | tdata account[0] failed
Traceback (most recent call last):
  File "D:\shit\telegrambot\jalobyBot\accounts.py", line 262, in add_from_tdata
    await client.connect()
  File "D:\shit\telegrambot\jalobyBot\.venv\Lib\site-packages\telethon\client\telegrambaseclient.py", line 611, in connect
    await self._sender.send(functions.InvokeWithLayerRequest(LAYER, req))
telethon.errors.rpcerrorlist.AuthKeyDuplicatedError: The authorization key (session file) was used under two different IP addresses simultaneously, and can no longer be used. Use the same session exclusively, or use different sessions (caused by InvokeWithLayerRequest(InitConnectionRequest(GetConfigRequest)))
2026-07-23 00:06:56 | INFO    | telethon.network.mtprotosender | Disconnecting from 149.154.175.50:443/TcpFull...
2026-07-23 00:06:56 | INFO    | telethon.network.mtprotosender | Disconnection from 149.154.175.50:443/TcpFull complete!
2026-07-23 00:06:56 | ERROR   | bot_handlers | tdata import failed
Traceback (most recent call last):
  File "D:\shit\telegrambot\jalobyBot\bot_handlers.py", line 573, in on_tdata_zip
    results = await account_manager.add_from_tdata(tdata_path, passcode=passcode)
              ^^^^^^^^^^^^^^^^^^^^^^^^^^^^^^^^^^^^^^^^^^^^^^^^^^^^^^^^^^^^^^^^^^^
  File "D:\shit\telegrambot\jalobyBot\accounts.py", line 322, in add_from_tdata
    raise ValueError(f"Не удалось добавить аккаунты из tdata: {errors}")
ValueError: Не удалось добавить аккаунты из tdata: Сессия убита: tdata использовалась с другого IP (закройте Desktop и добавьте заново / войдите по номеру). Детали: The authorization key (session file) was used under two different IP addresses simultaneously, and can no longer be used. Use the same session exclusively, or use different sessions (caused by InvokeWithLayerRequest(InitConnectionRequest(GetConfigRequest)))
2026-07-23 00:06:57 | INFO    | aiogram.event | Update id=452969025 is handled. Duration 1327 ms by bot id=8949896798
2026-07-23 00:07:02 | INFO    | aiogram.event | Update id=452969026 is handled. Duration 155 ms by bot id=8949896798
2026-07-23 00:07:04 | INFO    | aiogram.event | Update id=452969027 is handled. Duration 344 ms by bot id=8949896798
2026-07-23 00:07:07 | INFO    | aiogram.event | Update id=452969028 is handled. Duration 343 ms by bot id=8949896798
2026-07-23 00:07:10 | INFO    | aiogram.event | Update id=452969029 is handled. Duration 171 ms by bot id=8949896798
2026-07-23 00:07:14 | INFO    | aiogram.event | Update id=452969030 is handled. Duration 328 ms by bot id=8949896798
2026-07-23 00:07:22 | INFO    | aiogram.event | Update id=452969031 is handled. Duration 172 ms by bot id=8949896798
2026-07-23 00:07:27 | INFO    | aiogram.event | Update id=452969032 is handled. Duration 172 ms by bot id=8949896798
2026-07-23 00:07:29 | INFO    | aiogram.event | Update id=452969033 is handled. Duration 344 ms by bot id=8949896798
2026-07-23 00:15:01 | INFO    | telethon.network.mtprotosender | Connecting to 149.154.175.50:443/TcpFull...
2026-07-23 00:15:01 | INFO    | telethon.network.mtprotosender | Connection to 149.154.175.50:443/TcpFull complete!
2026-07-23 00:15:02 | INFO    | telethon.network.mtprotosender | Connecting to 149.154.175.50:443/TcpFull...
2026-07-23 00:15:02 | INFO    | telethon.network.mtprotosender | Connection to 149.154.175.50:443/TcpFull complete!
2026-07-23 00:15:02 | INFO    | telethon.network.mtprotosender | Connecting to 149.154.175.50:443/TcpFull...
2026-07-23 00:15:02 | INFO    | telethon.network.mtprotosender | Connection to 149.154.175.50:443/TcpFull complete!
2026-07-23 00:15:03 | WARNING | monitor | check @rqbhdg7gv3s0mdfjb0bot failed: Could not find a matching Constructor ID for the TLObject that was supposed to be read with ID 83314fca. See the FAQ for more details. Remaining bytes: b'\xcaO1\x83+@\x00\x02\x10\x00\x00\x00LF\xa2\xd2\x01\x00\x00\x00\xda YE=\xd4\x9dl;sdelatak#oformitos#pravaKp#vusi#voditelskoeze#voditelskieax\x15rQBHDG7gv3S0MDfjB0bot\x00\x00\x06\xf7\xd1\x82\x02\x00\x00\x00\xf8\x1ak\x1bM\xec\xe1J\x12\x01\x08\x08\xd0\xe3o\x7f;?\x8e\x7f\xc2\x8a(\xa4[v?\x00\x02\x00\x00\x00\x05\x00\x00\x003\xb4d\xbeDLY\xc8\x90\x91SZYshzN\xfb\xf7+\x10RdY'
2026-07-23 00:15:03 | WARNING | monitor | check @ay9bf5wwupuac8dmpwbot failed: Could not find a matching Constructor ID for the TLObject that was supposed to be read with ID 83314fca. See the FAQ for more details. Remaining bytes: b'\xcaO1\x83+@\x00\x02\x10\x10\x00\x00\xc6n\xb5\xcf\x01\x00\x00\x00\xe5}rP\xc3\x1a\xa1\xad3voditelskoeKn#voditelskieJk#pravaNm#udostoverenieKl\x15aY9Bf5WWuPUaC8dMpWbot\x00\x00\x06\xf7\xd1\x82\x02\x00\x00\x00&\x19k\x1b58\xe1J\x12\x01\x08\x08\xd0\xe3o\x7f;?\x8e\x7f\xc2\x8a(\xa4[v?\x00\x02\x00\x00\x00\x05\x00\x00\x00\x83F\x00\x00c\x1d,q\xc9\xb3\xcc\xb8\xa9\xe5_\xa4'
2026-07-23 00:15:03 | WARNING | monitor | check @lhtulwtgbot failed: Could not find a matching Constructor ID for the TLObject that was supposed to be read with ID 83314fca. See the FAQ for more details. Remaining bytes: b'\xcaO1\x83+@\x00\x02\x10\x10\x00\x00\xe29\xcd\xc3\x01\x00\x00\x00\xea5\rE ;\x94\xdd3voditelskoeKk#voditelskiePp#pravaCc#udostoverenieSs\x0bLhtuLWtGbot\x06\xf7\xd1\x82\x02\x00\x00\x000\x19k\x1b\xb4\xf9\xf1J\x12\x01\x08\x08\xd0\xe3o\x7f;?\x8e\x7f\xc2\x8a(\xa4[v?\x00\x02\x00\x00\x00\x05\x00\x00\x00yF\x00\x00\x1bd\xe1\xaf\xd7&\xfc\x03\xc4\xc9\xa3\x1b\x80g\x93\x0e\xe7&RI\x14f\xeb\x8a'
2026-07-23 00:15:03 | ERROR   | asyncio | Task was destroyed but it is pending!
task: <Task pending name='Task-143' coro=<Connection._send_loop() done, defined at D:\shit\telegrambot\jalobyBot\.venv\Lib\site-packages\telethon\network\connection\connection.py:316> wait_for=<Future cancelled>>
2026-07-23 00:15:03 | ERROR   | asyncio | Task was destroyed but it is pending!
task: <Task pending name='Task-144' coro=<Connection._recv_loop() running at D:\shit\telegrambot\jalobyBot\.venv\Lib\site-packages\telethon\network\connection\connection.py:361> wait_for=<Future pending cb=[Task.task_wakeup()]>>
2026-07-23 00:15:03 | ERROR   | asyncio | Task was destroyed but it is pending!
task: <Task pending name='Task-145' coro=<MTProtoSender._send_loop() done, defined at D:\shit\telegrambot\jalobyBot\.venv\Lib\site-packages\telethon\network\mtprotosender.py:452> wait_for=<Future pending cb=[Task.task_wakeup()]>>
2026-07-23 00:15:03 | ERROR   | asyncio | Task was destroyed but it is pending!
task: <Task pending name='Task-146' coro=<MTProtoSender._recv_loop() done, defined at D:\shit\telegrambot\jalobyBot\.venv\Lib\site-packages\telethon\network\mtprotosender.py:503> wait_for=<Future cancelled>>
2026-07-23 00:15:03 | ERROR   | asyncio | Task was destroyed but it is pending!
task: <Task pending name='Task-147' coro=<Connection._send_loop() done, defined at D:\shit\telegrambot\jalobyBot\.venv\Lib\site-packages\telethon\network\connection\connection.py:316> wait_for=<Future cancelled>>
2026-07-23 00:15:03 | ERROR   | asyncio | Task was destroyed but it is pending!
task: <Task pending name='Task-148' coro=<Connection._recv_loop() running at D:\shit\telegrambot\jalobyBot\.venv\Lib\site-packages\telethon\network\connection\connection.py:361> wait_for=<Future pending cb=[Task.task_wakeup()]>>
2026-07-23 00:15:03 | ERROR   | asyncio | Task was destroyed but it is pending!
task: <Task pending name='Task-149' coro=<MTProtoSender._send_loop() done, defined at D:\shit\telegrambot\jalobyBot\.venv\Lib\site-packages\telethon\network\mtprotosender.py:452> wait_for=<Future pending cb=[Task.task_wakeup()]>>
2026-07-23 00:15:03 | ERROR   | asyncio | Task was destroyed but it is pending!
task: <Task pending name='Task-150' coro=<MTProtoSender._recv_loop() done, defined at D:\shit\telegrambot\jalobyBot\.venv\Lib\site-packages\telethon\network\mtprotosender.py:503> wait_for=<Future cancelled>>
2026-07-23 00:15:03 | ERROR   | asyncio | Task was destroyed but it is pending!
task: <Task pending name='Task-151' coro=<Connection._send_loop() done, defined at D:\shit\telegrambot\jalobyBot\.venv\Lib\site-packages\telethon\network\connection\connection.py:316> wait_for=<Future cancelled>>
2026-07-23 00:15:03 | ERROR   | asyncio | Task was destroyed but it is pending!
task: <Task pending name='Task-152' coro=<Connection._recv_loop() running at D:\shit\telegrambot\jalobyBot\.venv\Lib\site-packages\telethon\network\connection\connection.py:361> wait_for=<Future pending cb=[Task.task_wakeup()]>>
2026-07-23 00:15:03 | ERROR   | asyncio | Task was destroyed but it is pending!
task: <Task pending name='Task-153' coro=<MTProtoSender._send_loop() done, defined at D:\shit\telegrambot\jalobyBot\.venv\Lib\site-packages\telethon\network\mtprotosender.py:452> wait_for=<Future pending cb=[Task.task_wakeup()]>>
2026-07-23 00:15:03 | ERROR   | asyncio | Task was destroyed but it is pending!
task: <Task pending name='Task-154' coro=<MTProtoSender._recv_loop() done, defined at D:\shit\telegrambot\jalobyBot\.venv\Lib\site-packages\telethon\network\mtprotosender.py:503> wait_for=<Future cancelled>>
2026-07-23 00:15:03 | WARNING | monitor | check @o3kycz9ibot failed: Could not find a matching Constructor ID for the TLObject that was supposed to be read with ID 83314fca. See the FAQ for more details. Remaining bytes: b'\xcaO1\x83+@\x00\x02\x10\x10\x00\x00\xf8\n\x04\xc8\x01\x00\x00\x00\xe8\xb2 q\xfa(\xd1a3voditelskoekl#voditelskiejm#pravamn#udostovereniejk\x0bO3kyCZ9ibot\x06\xf7\xd1\x82\x02\x00\x00\x00\xb1\x16k\x1b%w\x00K\x12\x01\x08\x08\xd0\xe3o\x7f;?\x8e\x7f\xc2\x8a(\xa4[v?\x00\x02\x00\x00\x00\x05\x00\x00\x00UF\x00\x00\x83\x08\xcbMtr%x?\xed\x0ck\x11>8\xa4wz\xe2\xa8\x9a^\xd0\xc6'
2026-07-23 00:17:03 | INFO    | telethon.client.updates | Cannot get difference since the account is not logged in: AuthKeyDuplicatedError
2026-07-23 00:17:03 | INFO    | telethon.network.mtprotosender | Disconnecting from 149.154.175.50:443/TcpFull...
2026-07-23 00:17:03 | INFO    | telethon.network.mtprotosender | Disconnection from 149.154.175.50:443/TcpFull complete!
2026-07-23 00:25:03 | INFO    | telethon.network.mtprotosender | Connecting to 149.154.175.50:443/TcpFull...
2026-07-23 00:25:03 | INFO    | telethon.network.mtprotosender | Connection to 149.154.175.50:443/TcpFull complete!
2026-07-23 00:25:04 | INFO    | telethon.network.mtprotosender | Connecting to 149.154.175.50:443/TcpFull...
2026-07-23 00:25:04 | INFO    | telethon.network.mtprotosender | Connection to 149.154.175.50:443/TcpFull complete!
2026-07-23 00:25:04 | INFO    | telethon.network.mtprotosender | Connecting to 149.154.175.50:443/TcpFull...
2026-07-23 00:25:04 | INFO    | telethon.network.mtprotosender | Connection to 149.154.175.50:443/TcpFull complete!
2026-07-23 00:25:05 | INFO    | telethon.network.mtprotosender | Connecting to 149.154.175.50:443/TcpFull...
2026-07-23 00:25:05 | INFO    | telethon.network.mtprotosender | Connection to 149.154.175.50:443/TcpFull complete!
2026-07-23 00:25:05 | ERROR   | asyncio | Task was destroyed but it is pending!
task: <Task pending name='Task-216' coro=<Connection._send_loop() done, defined at D:\shit\telegrambot\jalobyBot\.venv\Lib\site-packages\telethon\network\connection\connection.py:316> wait_for=<Future cancelled>>
2026-07-23 00:25:05 | ERROR   | asyncio | Task was destroyed but it is pending!
task: <Task pending name='Task-217' coro=<Connection._recv_loop() running at D:\shit\telegrambot\jalobyBot\.venv\Lib\site-packages\telethon\network\connection\connection.py:361> wait_for=<Future pending cb=[Task.task_wakeup()]>>
2026-07-23 00:25:05 | ERROR   | asyncio | Task was destroyed but it is pending!
task: <Task pending name='Task-218' coro=<MTProtoSender._send_loop() done, defined at D:\shit\telegrambot\jalobyBot\.venv\Lib\site-packages\telethon\network\mtprotosender.py:452> wait_for=<Future pending cb=[Task.task_wakeup()]>>
2026-07-23 00:25:05 | ERROR   | asyncio | Task was destroyed but it is pending!
task: <Task pending name='Task-219' coro=<MTProtoSender._recv_loop() done, defined at D:\shit\telegrambot\jalobyBot\.venv\Lib\site-packages\telethon\network\mtprotosender.py:503> wait_for=<Future cancelled>>
2026-07-23 00:25:05 | ERROR   | asyncio | Task was destroyed but it is pending!
task: <Task pending name='Task-220' coro=<Connection._send_loop() done, defined at D:\shit\telegrambot\jalobyBot\.venv\Lib\site-packages\telethon\network\connection\connection.py:316> wait_for=<Future cancelled>>
2026-07-23 00:25:05 | ERROR   | asyncio | Task was destroyed but it is pending!
task: <Task pending name='Task-221' coro=<Connection._recv_loop() running at D:\shit\telegrambot\jalobyBot\.venv\Lib\site-packages\telethon\network\connection\connection.py:361> wait_for=<Future pending cb=[Task.task_wakeup()]>>
2026-07-23 00:25:05 | ERROR   | asyncio | Task was destroyed but it is pending!
task: <Task pending name='Task-222' coro=<MTProtoSender._send_loop() done, defined at D:\shit\telegrambot\jalobyBot\.venv\Lib\site-packages\telethon\network\mtprotosender.py:452> wait_for=<Future pending cb=[Task.task_wakeup()]>>
2026-07-23 00:25:05 | ERROR   | asyncio | Task was destroyed but it is pending!
task: <Task pending name='Task-223' coro=<MTProtoSender._recv_loop() done, defined at D:\shit\telegrambot\jalobyBot\.venv\Lib\site-packages\telethon\network\mtprotosender.py:503> wait_for=<Future cancelled>>
2026-07-23 00:25:05 | ERROR   | asyncio | Task was destroyed but it is pending!
task: <Task pending name='Task-224' coro=<Connection._send_loop() done, defined at D:\shit\telegrambot\jalobyBot\.venv\Lib\site-packages\telethon\network\connection\connection.py:316> wait_for=<Future cancelled>>
2026-07-23 00:25:05 | ERROR   | asyncio | Task was destroyed but it is pending!
task: <Task pending name='Task-225' coro=<Connection._recv_loop() running at D:\shit\telegrambot\jalobyBot\.venv\Lib\site-packages\telethon\network\connection\connection.py:361> wait_for=<Future pending cb=[Task.task_wakeup()]>>
2026-07-23 00:25:05 | ERROR   | asyncio | Task was destroyed but it is pending!
task: <Task pending name='Task-226' coro=<MTProtoSender._send_loop() done, defined at D:\shit\telegrambot\jalobyBot\.venv\Lib\site-packages\telethon\network\mtprotosender.py:452> wait_for=<Future pending cb=[Task.task_wakeup()]>>
2026-07-23 00:25:05 | ERROR   | asyncio | Task was destroyed but it is pending!
task: <Task pending name='Task-227' coro=<MTProtoSender._recv_loop() done, defined at D:\shit\telegrambot\jalobyBot\.venv\Lib\site-packages\telethon\network\mtprotosender.py:503> wait_for=<Future cancelled>>
2026-07-23 00:25:05 | INFO    | telethon.network.mtprotosender | Connecting to 149.154.175.50:443/TcpFull...
2026-07-23 00:25:05 | INFO    | telethon.network.mtprotosender | Connection to 149.154.175.50:443/TcpFull complete!
2026-07-23 00:25:05 | INFO    | telethon.network.mtprotosender | Connecting to 149.154.175.50:443/TcpFull...
2026-07-23 00:25:06 | INFO    | telethon.network.mtprotosender | Connection to 149.154.175.50:443/TcpFull complete!
2026-07-23 00:26:37 | WARNING | telethon.network.connection.connection | Server closed the connection: 0 bytes read on a total of 8 expected bytes
2026-07-23 00:26:37 | INFO    | telethon.network.mtprotosender | Connection closed while receiving data: 0 bytes read on a total of 8 expected bytes
2026-07-23 00:26:37 | INFO    | telethon.network.mtprotosender | Closing current connection to begin reconnect...
2026-07-23 00:26:37 | INFO    | telethon.network.mtprotosender | Connecting to 149.154.175.50:443/TcpFull...
2026-07-23 00:26:37 | INFO    | telethon.network.mtprotosender | Connection to 149.154.175.50:443/TcpFull complete!
2026-07-23 00:26:37 | WARNING | telethon.client.updates | Error executing high-level request after reconnect: <class 'telethon.errors.rpcerrorlist.AuthKeyDuplicatedError'>: The authorization key (session file) was used under two different IP addresses simultaneously, and can no longer be used. Use the same session exclusively, or use different sessions (caused by GetUsersRequest)
2026-07-23 00:28:09 | WARNING | telethon.network.connection.connection | Server closed the connection: 0 bytes read on a total of 8 expected bytes
2026-07-23 00:28:09 | INFO    | telethon.network.mtprotosender | Connection closed while receiving data: 0 bytes read on a total of 8 expected bytes
2026-07-23 00:28:09 | INFO    | telethon.network.mtprotosender | Closing current connection to begin reconnect...
2026-07-23 00:28:09 | INFO    | telethon.network.mtprotosender | Connecting to 149.154.175.50:443/TcpFull...
2026-07-23 00:28:09 | INFO    | telethon.network.mtprotosender | Connection to 149.154.175.50:443/TcpFull complete!
2026-07-23 00:28:09 | WARNING | telethon.client.updates | Error executing high-level request after reconnect: <class 'telethon.errors.rpcerrorlist.AuthKeyDuplicatedError'>: The authorization key (session file) was used under two different IP addresses simultaneously, and can no longer be used. Use the same session exclusively, or use different sessions (caused by GetUsersRequest)
2026-07-23 00:29:41 | WARNING | telethon.network.connection.connection | Server closed the connection: 0 bytes read on a total of 8 expected bytes
2026-07-23 00:29:41 | INFO    | telethon.network.mtprotosender | Connection closed while receiving data: 0 bytes read on a total of 8 expected bytes
2026-07-23 00:29:41 | INFO    | telethon.network.mtprotosender | Closing current connection to begin reconnect...
2026-07-23 00:29:41 | INFO    | telethon.network.mtprotosender | Connecting to 149.154.175.50:443/TcpFull...
2026-07-23 00:29:41 | INFO    | telethon.network.mtprotosender | Connection to 149.154.175.50:443/TcpFull complete!
2026-07-23 00:29:41 | WARNING | telethon.client.updates | Error executing high-level request after reconnect: <class 'telethon.errors.rpcerrorlist.AuthKeyDuplicatedError'>: The authorization key (session file) was used under two different IP addresses simultaneously, and can no longer be used. Use the same session exclusively, or use different sessions (caused by GetUsersRequest)
2026-07-23 00:31:13 | WARNING | telethon.network.connection.connection | Server closed the connection: 0 bytes read on a total of 8 expected bytes
2026-07-23 00:31:13 | INFO    | telethon.network.mtprotosender | Connection closed while receiving data: 0 bytes read on a total of 8 expected bytes
2026-07-23 00:31:13 | INFO    | telethon.network.mtprotosender | Closing current connection to begin reconnect...
2026-07-23 00:31:13 | INFO    | telethon.network.mtprotosender | Connecting to 149.154.175.50:443/TcpFull...
2026-07-23 00:31:13 | INFO    | telethon.network.mtprotosender | Connection to 149.154.175.50:443/TcpFull complete!
2026-07-23 00:31:13 | WARNING | telethon.client.updates | Error executing high-level request after reconnect: <class 'telethon.errors.rpcerrorlist.AuthKeyDuplicatedError'>: The authorization key (session file) was used under two different IP addresses simultaneously, and can no longer be used. Use the same session exclusively, or use different sessions (caused by GetUsersRequest)
2026-07-23 00:32:45 | WARNING | telethon.network.connection.connection | Server closed the connection: 0 bytes read on a total of 8 expected bytes
2026-07-23 00:32:45 | INFO    | telethon.network.mtprotosender | Connection closed while receiving data: 0 bytes read on a total of 8 expected bytes
2026-07-23 00:32:45 | INFO    | telethon.network.mtprotosender | Closing current connection to begin reconnect...
2026-07-23 00:32:45 | INFO    | telethon.network.mtprotosender | Connecting to 149.154.175.50:443/TcpFull...
2026-07-23 00:32:45 | INFO    | telethon.network.mtprotosender | Connection to 149.154.175.50:443/TcpFull complete!
2026-07-23 00:32:45 | WARNING | telethon.client.updates | Error executing high-level request after reconnect: <class 'telethon.errors.rpcerrorlist.AuthKeyDuplicatedError'>: The authorization key (session file) was used under two different IP addresses simultaneously, and can no longer be used. Use the same session exclusively, or use different sessions (caused by GetUsersRequest)
2026-07-23 00:34:17 | WARNING | telethon.network.connection.connection | Server closed the connection: 0 bytes read on a total of 8 expected bytes
2026-07-23 00:34:17 | INFO    | telethon.network.mtprotosender | Connection closed while receiving data: 0 bytes read on a total of 8 expected bytes
2026-07-23 00:34:17 | INFO    | telethon.network.mtprotosender | Closing current connection to begin reconnect...
2026-07-23 00:34:17 | INFO    | telethon.network.mtprotosender | Connecting to 149.154.175.50:443/TcpFull...
2026-07-23 00:34:17 | INFO    | telethon.network.mtprotosender | Connection to 149.154.175.50:443/TcpFull complete!
2026-07-23 00:34:17 | WARNING | telethon.client.updates | Error executing high-level request after reconnect: <class 'telethon.errors.rpcerrorlist.AuthKeyDuplicatedError'>: The authorization key (session file) was used under two different IP addresses simultaneously, and can no longer be used. Use the same session exclusively, or use different sessions (caused by GetUsersRequest)
2026-07-23 00:35:07 | INFO    | telethon.network.mtprotosender | Connecting to 149.154.175.50:443/TcpFull...
2026-07-23 00:35:07 | INFO    | telethon.network.mtprotosender | Connection to 149.154.175.50:443/TcpFull complete!
2026-07-23 00:35:07 | INFO    | telethon.network.mtprotosender | Connecting to 149.154.175.50:443/TcpFull...
2026-07-23 00:35:08 | INFO    | telethon.network.mtprotosender | Connection to 149.154.175.50:443/TcpFull complete!
2026-07-23 00:35:08 | INFO    | telethon.network.mtprotosender | Connecting to 149.154.175.50:443/TcpFull...
2026-07-23 00:35:08 | INFO    | telethon.network.mtprotosender | Connection to 149.154.175.50:443/TcpFull complete!
2026-07-23 00:35:08 | ERROR   | asyncio | Task was destroyed but it is pending!
task: <Task pending name='Task-338' coro=<Connection._send_loop() done, defined at D:\shit\telegrambot\jalobyBot\.venv\Lib\site-packages\telethon\network\connection\connection.py:316> wait_for=<Future cancelled>>
2026-07-23 00:35:08 | ERROR   | asyncio | Task was destroyed but it is pending!
task: <Task pending name='Task-339' coro=<Connection._recv_loop() running at D:\shit\telegrambot\jalobyBot\.venv\Lib\site-packages\telethon\network\connection\connection.py:361> wait_for=<Future pending cb=[Task.task_wakeup()]>>
2026-07-23 00:35:08 | ERROR   | asyncio | Task was destroyed but it is pending!
task: <Task pending name='Task-340' coro=<MTProtoSender._send_loop() done, defined at D:\shit\telegrambot\jalobyBot\.venv\Lib\site-packages\telethon\network\mtprotosender.py:452> wait_for=<Future pending cb=[Task.task_wakeup()]>>
2026-07-23 00:35:08 | ERROR   | asyncio | Task was destroyed but it is pending!
task: <Task pending name='Task-341' coro=<MTProtoSender._recv_loop() done, defined at D:\shit\telegrambot\jalobyBot\.venv\Lib\site-packages\telethon\network\mtprotosender.py:503> wait_for=<Future cancelled>>
2026-07-23 00:35:08 | ERROR   | asyncio | Task was destroyed but it is pending!
task: <Task pending name='Task-342' coro=<Connection._send_loop() done, defined at D:\shit\telegrambot\jalobyBot\.venv\Lib\site-packages\telethon\network\connection\connection.py:316> wait_for=<Future cancelled>>
2026-07-23 00:35:08 | ERROR   | asyncio | Task was destroyed but it is pending!
task: <Task pending name='Task-343' coro=<Connection._recv_loop() running at D:\shit\telegrambot\jalobyBot\.venv\Lib\site-packages\telethon\network\connection\connection.py:361> wait_for=<Future pending cb=[Task.task_wakeup()]>>
2026-07-23 00:35:08 | ERROR   | asyncio | Task was destroyed but it is pending!
task: <Task pending name='Task-344' coro=<MTProtoSender._send_loop() done, defined at D:\shit\telegrambot\jalobyBot\.venv\Lib\site-packages\telethon\network\mtprotosender.py:452> wait_for=<Future pending cb=[Task.task_wakeup()]>>
2026-07-23 00:35:08 | ERROR   | asyncio | Task was destroyed but it is pending!
task: <Task pending name='Task-345' coro=<MTProtoSender._recv_loop() done, defined at D:\shit\telegrambot\jalobyBot\.venv\Lib\site-packages\telethon\network\mtprotosender.py:503> wait_for=<Future cancelled>>
2026-07-23 00:35:08 | INFO    | telethon.network.mtprotosender | Connecting to 149.154.175.50:443/TcpFull...
2026-07-23 00:35:08 | INFO    | telethon.network.mtprotosender | Connection to 149.154.175.50:443/TcpFull complete!
2026-07-23 00:35:09 | INFO    | telethon.network.mtprotosender | Connecting to 149.154.175.50:443/TcpFull...
2026-07-23 00:35:09 | INFO    | telethon.network.mtprotosender | Connection to 149.154.175.50:443/TcpFull complete!
2026-07-23 00:35:09 | WARNING | monitor | check @rqbhdg7gv3s0mdfjb0bot failed: Could not find a matching Constructor ID for the TLObject that was supposed to be read with ID 83314fca. See the FAQ for more details. Remaining bytes: b'\xcaO1\x83+@\x00\x02\x10\x00\x00\x00LF\xa2\xd2\x01\x00\x00\x00\x9a\xaa9\xaf\x11N\xd0\xcd;sdelatak#oformitos#pravaKp#vusi#voditelskoeze#voditelskieax\x15rQBHDG7gv3S0MDfjB0bot\x00\x00\x06\xf7\xd1\x82\x02\x00\x00\x00\xf8\x1ak\x1bM\xec\xe1J\x12\x01\x08\x08\xd0\xe3o\x7f;?\x8e\x7f\xc2\x8a(\xa4[v?\x00\x02\x00\x00\x00\x05\x00\x00\x00\x9c\xeb \xb8\x94\xa4\xa7\xe5\xc6S\xe6\xda\x80rD)?9\x7f\xc5"\xcf\xd2\\'
2026-07-23 00:35:10 | WARNING | monitor | check @ay9bf5wwupuac8dmpwbot failed: Could not find a matching Constructor ID for the TLObject that was supposed to be read with ID 83314fca. See the FAQ for more details. Remaining bytes: b'\xcaO1\x83+@\x00\x02\x10\x10\x00\x00\xc6n\xb5\xcf\x01\x00\x00\x00\xa1K\xd0\xe8j\xf6\xc4\xcb3voditelskoeKn#voditelskieJk#pravaNm#udostoverenieKl\x15aY9Bf5WWuPUaC8dMpWbot\x00\x00\x06\xf7\xd1\x82\x02\x00\x00\x00&\x19k\x1b58\xe1J\x12\x01\x08\x08\xd0\xe3o\x7f;?\x8e\x7f\xc2\x8a(\xa4[v?\x00\x02\x00\x00\x00\x05\x00\x00\x00\x83F\x00\x00\xda\x83\xdc\r\x98T\xf0\xdaE\xbcC\x95'
2026-07-23 00:35:10 | WARNING | monitor | check @lhtulwtgbot failed: Could not find a matching Constructor ID for the TLObject that was supposed to be read with ID 83314fca. See the FAQ for more details. Remaining bytes: b'\xcaO1\x83+@\x00\x02\x10\x10\x00\x00\xe29\xcd\xc3\x01\x00\x00\x00O\xeb+Ed\xceDX3voditelskoeKk#voditelskiePp#pravaCc#udostoverenieSs\x0bLhtuLWtGbot\x06\xf7\xd1\x82\x02\x00\x00\x000\x19k\x1b\xb4\xf9\xf1J\x12\x01\x08\x08\xd0\xe3o\x7f;?\x8e\x7f\xc2\x8a(\xa4[v?\x00\x02\x00\x00\x00\x05\x00\x00\x00yF\x00\x00\x96\xafV>\x7f\xe5Q\x8dg\xfb\x1a\x86\xb8\x13\xcen\x7f\x97\x08=\x11\xc5\xa6\x05'
2026-07-23 00:35:10 | WARNING | monitor | check @o3kycz9ibot failed: Could not find a matching Constructor ID for the TLObject that was supposed to be read with ID 83314fca. See the FAQ for more details. Remaining bytes: b'\xcaO1\x83+@\x00\x02\x10\x10\x00\x00\xf8\n\x04\xc8\x01\x00\x00\x00\xd8xk\x00~\x07\xa0\x803voditelskoekl#voditelskiejm#pravamn#udostovereniejk\x0bO3kyCZ9ibot\x06\xf7\xd1\x82\x02\x00\x00\x00\xb1\x16k\x1b%w\x00K\x12\x01\x08\x08\xd0\xe3o\x7f;?\x8e\x7f\xc2\x8a(\xa4[v?\x00\x02\x00\x00\x00\x05\x00\x00\x00UF\x00\x00>\xd4\xd3\xd6b\x17\x97\xc3\xc3\xbal\xb4>\xef\xe6\x9a!\r\xa5\x17\x01{9['
2026-07-23 00:35:49 | WARNING | telethon.network.connection.connection | Server closed the connection: 0 bytes read on a total of 8 expected bytes
2026-07-23 00:35:49 | INFO    | telethon.network.mtprotosender | Connection closed while receiving data: 0 bytes read on a total of 8 expected bytes
2026-07-23 00:35:49 | INFO    | telethon.network.mtprotosender | Closing current connection to begin reconnect...
2026-07-23 00:35:49 | INFO    | telethon.network.mtprotosender | Connecting to 149.154.175.50:443/TcpFull...
2026-07-23 00:35:49 | INFO    | telethon.network.mtprotosender | Connection to 149.154.175.50:443/TcpFull complete!
2026-07-23 00:35:49 | WARNING | telethon.client.updates | Error executing high-level request after reconnect: <class 'telethon.errors.rpcerrorlist.AuthKeyDuplicatedError'>: The authorization key (session file) was used under two different IP addresses simultaneously, and can no longer be used. Use the same session exclusively, or use different sessions (caused by GetUsersRequest)
2026-07-23 00:36:40 | WARNING | telethon.network.connection.connection | Server closed the connection: 0 bytes read on a total of 8 expected bytes
2026-07-23 00:36:40 | INFO    | telethon.network.mtprotosender | Connection closed while receiving data: 0 bytes read on a total of 8 expected bytes
2026-07-23 00:36:40 | INFO    | telethon.network.mtprotosender | Closing current connection to begin reconnect...
2026-07-23 00:36:40 | INFO    | telethon.network.mtprotosender | Connecting to 149.154.175.50:443/TcpFull...
2026-07-23 00:36:40 | WARNING | telethon.network.connection.connection | Server closed the connection: 0 bytes read on a total of 8 expected bytes
2026-07-23 00:36:40 | INFO    | telethon.network.mtprotosender | Connection closed while receiving data: 0 bytes read on a total of 8 expected bytes
2026-07-23 00:36:40 | INFO    | telethon.network.mtprotosender | Closing current connection to begin reconnect...
2026-07-23 00:36:40 | INFO    | telethon.network.mtprotosender | Connecting to 149.154.175.50:443/TcpFull...
2026-07-23 00:36:40 | INFO    | telethon.network.mtprotosender | Connection to 149.154.175.50:443/TcpFull complete!
2026-07-23 00:36:40 | INFO    | telethon.network.mtprotosender | Connection to 149.154.175.50:443/TcpFull complete!
2026-07-23 00:36:40 | WARNING | telethon.client.updates | Error executing high-level request after reconnect: <class 'telethon.errors.rpcerrorlist.AuthKeyDuplicatedError'>: The authorization key (session file) was used under two different IP addresses simultaneously, and can no longer be used. Use the same session exclusively, or use different sessions (caused by GetUsersRequest)
2026-07-23 00:36:40 | WARNING | telethon.client.updates | Error executing high-level request after reconnect: <class 'telethon.errors.rpcerrorlist.AuthKeyDuplicatedError'>: The authorization key (session file) was used under two different IP addresses simultaneously, and can no longer be used. Use the same session exclusively, or use different sessions (caused by GetUsersRequest)
2026-07-23 00:36:41 | WARNING | telethon.network.connection.connection | Server closed the connection: 0 bytes read on a total of 8 expected bytes
2026-07-23 00:36:41 | INFO    | telethon.network.mtprotosender | Connection closed while receiving data: 0 bytes read on a total of 8 expected bytes
2026-07-23 00:36:41 | INFO    | telethon.network.mtprotosender | Closing current connection to begin reconnect...
2026-07-23 00:36:41 | INFO    | telethon.network.mtprotosender | Connecting to 149.154.175.50:443/TcpFull...
2026-07-23 00:36:41 | INFO    | telethon.network.mtprotosender | Connection to 149.154.175.50:443/TcpFull complete!
2026-07-23 00:36:41 | WARNING | telethon.client.updates | Error executing high-level request after reconnect: <class 'telethon.errors.rpcerrorlist.AuthKeyDuplicatedError'>: The authorization key (session file) was used under two different IP addresses simultaneously, and can no longer be used. Use the same session exclusively, or use different sessions (caused by GetUsersRequest)
2026-07-23 00:37:21 | WARNING | telethon.network.connection.connection | Server closed the connection: 0 bytes read on a total of 8 expected bytes
2026-07-23 00:37:21 | INFO    | telethon.network.mtprotosender | Connection closed while receiving data: 0 bytes read on a total of 8 expected bytes
2026-07-23 00:37:21 | INFO    | telethon.network.mtprotosender | Closing current connection to begin reconnect...
2026-07-23 00:37:21 | INFO    | telethon.network.mtprotosender | Connecting to 149.154.175.50:443/TcpFull...
2026-07-23 00:37:21 | INFO    | telethon.network.mtprotosender | Connection to 149.154.175.50:443/TcpFull complete!
2026-07-23 00:37:21 | WARNING | telethon.client.updates | Error executing high-level request after reconnect: <class 'telethon.errors.rpcerrorlist.AuthKeyDuplicatedError'>: The authorization key (session file) was used under two different IP addresses simultaneously, and can no longer be used. Use the same session exclusively, or use different sessions (caused by GetUsersRequest)
2026-07-23 00:38:12 | WARNING | telethon.network.connection.connection | Server closed the connection: 0 bytes read on a total of 8 expected bytes
2026-07-23 00:38:12 | INFO    | telethon.network.mtprotosender | Connection closed while receiving data: 0 bytes read on a total of 8 expected bytes
2026-07-23 00:38:12 | INFO    | telethon.network.mtprotosender | Closing current connection to begin reconnect...
2026-07-23 00:38:12 | INFO    | telethon.network.mtprotosender | Connecting to 149.154.175.50:443/TcpFull...
2026-07-23 00:38:12 | WARNING | telethon.network.connection.connection | Server closed the connection: 0 bytes read on a total of 8 expected bytes
2026-07-23 00:38:12 | INFO    | telethon.network.mtprotosender | Connection closed while receiving data: 0 bytes read on a total of 8 expected bytes
2026-07-23 00:38:12 | INFO    | telethon.network.mtprotosender | Closing current connection to begin reconnect...
2026-07-23 00:38:12 | ERROR   | asyncio | Task was destroyed but it is pending!
task: <Task pending name='Task-386' coro=<Connection._send_loop() done, defined at D:\shit\telegrambot\jalobyBot\.venv\Lib\site-packages\telethon\network\connection\connection.py:316> wait_for=<Future cancelled>>
2026-07-23 00:38:12 | ERROR   | asyncio | Task was destroyed but it is pending!
task: <Task pending name='Task-387' coro=<Connection._recv_loop() running at D:\shit\telegrambot\jalobyBot\.venv\Lib\site-packages\telethon\network\connection\connection.py:361> wait_for=<Future pending cb=[Task.task_wakeup()]>>
2026-07-23 00:38:12 | ERROR   | asyncio | Task was destroyed but it is pending!
task: <Task pending name='Task-388' coro=<MTProtoSender._send_loop() done, defined at D:\shit\telegrambot\jalobyBot\.venv\Lib\site-packages\telethon\network\mtprotosender.py:452> wait_for=<Future pending cb=[Task.task_wakeup()]>>
2026-07-23 00:38:12 | ERROR   | asyncio | Task was destroyed but it is pending!
task: <Task pending name='Task-389' coro=<MTProtoSender._recv_loop() done, defined at D:\shit\telegrambot\jalobyBot\.venv\Lib\site-packages\telethon\network\mtprotosender.py:503> wait_for=<Future cancelled>>
2026-07-23 00:38:12 | INFO    | telethon.network.mtprotosender | Connecting to 149.154.175.50:443/TcpFull...
2026-07-23 00:38:12 | INFO    | telethon.network.mtprotosender | Connection to 149.154.175.50:443/TcpFull complete!
2026-07-23 00:38:12 | INFO    | telethon.network.mtprotosender | Connection to 149.154.175.50:443/TcpFull complete!
2026-07-23 00:38:12 | WARNING | telethon.client.updates | Error executing high-level request after reconnect: <class 'telethon.errors.rpcerrorlist.AuthKeyDuplicatedError'>: The authorization key (session file) was used under two different IP addresses simultaneously, and can no longer be used. Use the same session exclusively, or use different sessions (caused by GetUsersRequest)
2026-07-23 00:38:12 | WARNING | telethon.client.updates | Error executing high-level request after reconnect: <class 'telethon.errors.rpcerrorlist.AuthKeyDuplicatedError'>: The authorization key (session file) was used under two different IP addresses simultaneously, and can no longer be used. Use the same session exclusively, or use different sessions (caused by GetUsersRequest)
2026-07-23 00:38:53 | WARNING | telethon.network.connection.connection | Server closed the connection: 0 bytes read on a total of 8 expected bytes
2026-07-23 00:38:53 | INFO    | telethon.network.mtprotosender | Connection closed while receiving data: 0 bytes read on a total of 8 expected bytes
2026-07-23 00:38:53 | INFO    | telethon.network.mtprotosender | Closing current connection to begin reconnect...
2026-07-23 00:38:53 | INFO    | telethon.network.mtprotosender | Connecting to 149.154.175.50:443/TcpFull...
2026-07-23 00:38:53 | INFO    | telethon.network.mtprotosender | Connection to 149.154.175.50:443/TcpFull complete!
2026-07-23 00:38:53 | WARNING | telethon.client.updates | Error executing high-level request after reconnect: <class 'telethon.errors.rpcerrorlist.AuthKeyDuplicatedError'>: The authorization key (session file) was used under two different IP addresses simultaneously, and can no longer be used. Use the same session exclusively, or use different sessions (caused by GetUsersRequest)
2026-07-23 00:39:44 | WARNING | telethon.network.connection.connection | Server closed the connection: 0 bytes read on a total of 8 expected bytes
2026-07-23 00:39:44 | INFO    | telethon.network.mtprotosender | Connection closed while receiving data: 0 bytes read on a total of 8 expected bytes
2026-07-23 00:39:44 | INFO    | telethon.network.mtprotosender | Closing current connection to begin reconnect...
2026-07-23 00:39:44 | INFO    | telethon.network.mtprotosender | Connecting to 149.154.175.50:443/TcpFull...
2026-07-23 00:39:44 | WARNING | telethon.network.connection.connection | Server closed the connection: 0 bytes read on a total of 8 expected bytes
2026-07-23 00:39:44 | INFO    | telethon.network.mtprotosender | Connection closed while receiving data: 0 bytes read on a total of 8 expected bytes
2026-07-23 00:39:44 | INFO    | telethon.network.mtprotosender | Closing current connection to begin reconnect...
2026-07-23 00:39:44 | INFO    | telethon.network.mtprotosender | Connecting to 149.154.175.50:443/TcpFull...
2026-07-23 00:39:44 | INFO    | telethon.network.mtprotosender | Connection to 149.154.175.50:443/TcpFull complete!
2026-07-23 00:39:44 | INFO    | telethon.network.mtprotosender | Connection to 149.154.175.50:443/TcpFull complete!
2026-07-23 00:39:44 | WARNING | telethon.client.updates | Error executing high-level request after reconnect: <class 'telethon.errors.rpcerrorlist.AuthKeyDuplicatedError'>: The authorization key (session file) was used under two different IP addresses simultaneously, and can no longer be used. Use the same session exclusively, or use different sessions (caused by GetUsersRequest)
2026-07-23 00:39:44 | WARNING | telethon.client.updates | Error executing high-level request after reconnect: <class 'telethon.errors.rpcerrorlist.AuthKeyDuplicatedError'>: The authorization key (session file) was used under two different IP addresses simultaneously, and can no longer be used. Use the same session exclusively, or use different sessions (caused by GetUsersRequest)
2026-07-23 00:40:25 | WARNING | telethon.network.connection.connection | Server closed the connection: 0 bytes read on a total of 8 expected bytes
2026-07-23 00:40:25 | INFO    | telethon.network.mtprotosender | Connection closed while receiving data: 0 bytes read on a total of 8 expected bytes
2026-07-23 00:40:25 | INFO    | telethon.network.mtprotosender | Closing current connection to begin reconnect...
2026-07-23 00:40:25 | INFO    | telethon.network.mtprotosender | Connecting to 149.154.175.50:443/TcpFull...
2026-07-23 00:40:25 | INFO    | telethon.network.mtprotosender | Connection to 149.154.175.50:443/TcpFull complete!
2026-07-23 00:40:25 | WARNING | telethon.client.updates | Error executing high-level request after reconnect: <class 'telethon.errors.rpcerrorlist.AuthKeyDuplicatedError'>: The authorization key (session file) was used under two different IP addresses simultaneously, and can no longer be used. Use the same session exclusively, or use different sessions (caused by GetUsersRequest)
2026-07-23 00:41:16 | WARNING | telethon.network.connection.connection | Server closed the connection: 0 bytes read on a total of 8 expected bytes
2026-07-23 00:41:16 | INFO    | telethon.network.mtprotosender | Connection closed while receiving data: 0 bytes read on a total of 8 expected bytes
2026-07-23 00:41:16 | INFO    | telethon.network.mtprotosender | Closing current connection to begin reconnect...
2026-07-23 00:41:16 | INFO    | telethon.network.mtprotosender | Connecting to 149.154.175.50:443/TcpFull...
2026-07-23 00:41:16 | WARNING | telethon.network.connection.connection | Server closed the connection: 0 bytes read on a total of 8 expected bytes
2026-07-23 00:41:16 | INFO    | telethon.network.mtprotosender | Connection closed while receiving data: 0 bytes read on a total of 8 expected bytes
2026-07-23 00:41:16 | INFO    | telethon.network.mtprotosender | Closing current connection to begin reconnect...
2026-07-23 00:41:16 | INFO    | telethon.network.mtprotosender | Connecting to 149.154.175.50:443/TcpFull...
2026-07-23 00:41:16 | INFO    | telethon.network.mtprotosender | Connection to 149.154.175.50:443/TcpFull complete!
2026-07-23 00:41:16 | INFO    | telethon.network.mtprotosender | Connection to 149.154.175.50:443/TcpFull complete!
2026-07-23 00:41:16 | WARNING | telethon.client.updates | Error executing high-level request after reconnect: <class 'telethon.errors.rpcerrorlist.AuthKeyDuplicatedError'>: The authorization key (session file) was used under two different IP addresses simultaneously, and can no longer be used. Use the same session exclusively, or use different sessions (caused by GetUsersRequest)
2026-07-23 00:41:16 | WARNING | telethon.client.updates | Error executing high-level request after reconnect: <class 'telethon.errors.rpcerrorlist.AuthKeyDuplicatedError'>: The authorization key (session file) was used under two different IP addresses simultaneously, and can no longer be used. Use the same session exclusively, or use different sessions (caused by GetUsersRequest)
2026-07-23 00:41:57 | WARNING | telethon.network.connection.connection | Server closed the connection: 0 bytes read on a total of 8 expected bytes
2026-07-23 00:41:57 | INFO    | telethon.network.mtprotosender | Connection closed while receiving data: 0 bytes read on a total of 8 expected bytes
2026-07-23 00:41:57 | INFO    | telethon.network.mtprotosender | Closing current connection to begin reconnect...
2026-07-23 00:41:57 | INFO    | telethon.network.mtprotosender | Connecting to 149.154.175.50:443/TcpFull...
2026-07-23 00:41:57 | INFO    | telethon.network.mtprotosender | Connection to 149.154.175.50:443/TcpFull complete!
2026-07-23 00:41:57 | WARNING | telethon.client.updates | Error executing high-level request after reconnect: <class 'telethon.errors.rpcerrorlist.AuthKeyDuplicatedError'>: The authorization key (session file) was used under two different IP addresses simultaneously, and can no longer be used. Use the same session exclusively, or use different sessions (caused by GetUsersRequest)
2026-07-23 00:42:48 | WARNING | telethon.network.connection.connection | Server closed the connection: 0 bytes read on a total of 8 expected bytes
2026-07-23 00:42:48 | INFO    | telethon.network.mtprotosender | Connection closed while receiving data: 0 bytes read on a total of 8 expected bytes
2026-07-23 00:42:48 | INFO    | telethon.network.mtprotosender | Closing current connection to begin reconnect...
2026-07-23 00:42:48 | INFO    | telethon.network.mtprotosender | Connecting to 149.154.175.50:443/TcpFull...
2026-07-23 00:42:48 | WARNING | telethon.network.connection.connection | Server closed the connection: 0 bytes read on a total of 8 expected bytes
2026-07-23 00:42:48 | INFO    | telethon.network.mtprotosender | Connection closed while receiving data: 0 bytes read on a total of 8 expected bytes
2026-07-23 00:42:48 | INFO    | telethon.network.mtprotosender | Closing current connection to begin reconnect...
2026-07-23 00:42:48 | INFO    | telethon.network.mtprotosender | Connecting to 149.154.175.50:443/TcpFull...
2026-07-23 00:42:48 | INFO    | telethon.network.mtprotosender | Connection to 149.154.175.50:443/TcpFull complete!
2026-07-23 00:42:48 | INFO    | telethon.network.mtprotosender | Connection to 149.154.175.50:443/TcpFull complete!
2026-07-23 00:42:48 | WARNING | telethon.client.updates | Error executing high-level request after reconnect: <class 'telethon.errors.rpcerrorlist.AuthKeyDuplicatedError'>: The authorization key (session file) was used under two different IP addresses simultaneously, and can no longer be used. Use the same session exclusively, or use different sessions (caused by GetUsersRequest)
2026-07-23 00:42:48 | WARNING | telethon.client.updates | Error executing high-level request after reconnect: <class 'telethon.errors.rpcerrorlist.AuthKeyDuplicatedError'>: The authorization key (session file) was used under two different IP addresses simultaneously, and can no longer be used. Use the same session exclusively, or use different sessions (caused by GetUsersRequest)
2026-07-23 00:43:29 | WARNING | telethon.network.connection.connection | Server closed the connection: 0 bytes read on a total of 8 expected bytes
2026-07-23 00:43:29 | INFO    | telethon.network.mtprotosender | Connection closed while receiving data: 0 bytes read on a total of 8 expected bytes
2026-07-23 00:43:29 | INFO    | telethon.network.mtprotosender | Closing current connection to begin reconnect...
2026-07-23 00:43:29 | INFO    | telethon.network.mtprotosender | Connecting to 149.154.175.50:443/TcpFull...
2026-07-23 00:43:29 | INFO    | telethon.network.mtprotosender | Connection to 149.154.175.50:443/TcpFull complete!
2026-07-23 00:43:29 | WARNING | telethon.client.updates | Error executing high-level request after reconnect: <class 'telethon.errors.rpcerrorlist.AuthKeyDuplicatedError'>: The authorization key (session file) was used under two different IP addresses simultaneously, and can no longer be used. Use the same session exclusively, or use different sessions (caused by GetUsersRequest)
2026-07-23 00:44:20 | WARNING | telethon.network.connection.connection | Server closed the connection: 0 bytes read on a total of 8 expected bytes
2026-07-23 00:44:20 | INFO    | telethon.network.mtprotosender | Connection closed while receiving data: 0 bytes read on a total of 8 expected bytes
2026-07-23 00:44:20 | INFO    | telethon.network.mtprotosender | Closing current connection to begin reconnect...
2026-07-23 00:44:20 | INFO    | telethon.network.mtprotosender | Connecting to 149.154.175.50:443/TcpFull...
2026-07-23 00:44:20 | WARNING | telethon.network.connection.connection | Server closed the connection: 0 bytes read on a total of 8 expected bytes
2026-07-23 00:44:20 | INFO    | telethon.network.mtprotosender | Connection closed while receiving data: 0 bytes read on a total of 8 expected bytes
2026-07-23 00:44:20 | INFO    | telethon.network.mtprotosender | Closing current connection to begin reconnect...
2026-07-23 00:44:20 | INFO    | telethon.network.mtprotosender | Connecting to 149.154.175.50:443/TcpFull...
2026-07-23 00:44:20 | INFO    | telethon.network.mtprotosender | Connection to 149.154.175.50:443/TcpFull complete!
2026-07-23 00:44:20 | INFO    | telethon.network.mtprotosender | Connection to 149.154.175.50:443/TcpFull complete!
2026-07-23 00:44:20 | WARNING | telethon.client.updates | Error executing high-level request after reconnect: <class 'telethon.errors.rpcerrorlist.AuthKeyDuplicatedError'>: The authorization key (session file) was used under two different IP addresses simultaneously, and can no longer be used. Use the same session exclusively, or use different sessions (caused by GetUsersRequest)
2026-07-23 00:44:20 | WARNING | telethon.client.updates | Error executing high-level request after reconnect: <class 'telethon.errors.rpcerrorlist.AuthKeyDuplicatedError'>: The authorization key (session file) was used under two different IP addresses simultaneously, and can no longer be used. Use the same session exclusively, or use different sessions (caused by GetUsersRequest)
2026-07-23 00:45:01 | WARNING | telethon.network.connection.connection | Server closed the connection: 0 bytes read on a total of 8 expected bytes
2026-07-23 00:45:01 | INFO    | telethon.network.mtprotosender | Connection closed while receiving data: 0 bytes read on a total of 8 expected bytes
2026-07-23 00:45:01 | INFO    | telethon.network.mtprotosender | Closing current connection to begin reconnect...
2026-07-23 00:45:01 | INFO    | telethon.network.mtprotosender | Connecting to 149.154.175.50:443/TcpFull...
2026-07-23 00:45:01 | INFO    | telethon.network.mtprotosender | Connection to 149.154.175.50:443/TcpFull complete!
2026-07-23 00:45:01 | WARNING | telethon.client.updates | Error executing high-level request after reconnect: <class 'telethon.errors.rpcerrorlist.AuthKeyDuplicatedError'>: The authorization key (session file) was used under two different IP addresses simultaneously, and can no longer be used. Use the same session exclusively, or use different sessions (caused by GetUsersRequest)
2026-07-23 00:45:10 | INFO    | telethon.network.mtprotosender | Connecting to 149.154.175.50:443/TcpFull...
2026-07-23 00:45:10 | INFO    | telethon.network.mtprotosender | Connection to 149.154.175.50:443/TcpFull complete!
2026-07-23 00:45:10 | INFO    | telethon.network.mtprotosender | Connecting to 149.154.175.50:443/TcpFull...
2026-07-23 00:45:10 | INFO    | telethon.network.mtprotosender | Connection to 149.154.175.50:443/TcpFull complete!
2026-07-23 00:45:11 | INFO    | telethon.network.mtprotosender | Connecting to 149.154.175.50:443/TcpFull...
2026-07-23 00:45:11 | INFO    | telethon.network.mtprotosender | Connection to 149.154.175.50:443/TcpFull complete!
2026-07-23 00:45:11 | INFO    | telethon.network.mtprotosender | Connecting to 149.154.175.50:443/TcpFull...
2026-07-23 00:45:11 | ERROR   | asyncio | Task was destroyed but it is pending!
task: <Task pending name='Task-538' coro=<Connection._send_loop() done, defined at D:\shit\telegrambot\jalobyBot\.venv\Lib\site-packages\telethon\network\connection\connection.py:316> wait_for=<Future cancelled>>
2026-07-23 00:45:11 | ERROR   | asyncio | Task was destroyed but it is pending!
task: <Task pending name='Task-539' coro=<Connection._recv_loop() running at D:\shit\telegrambot\jalobyBot\.venv\Lib\site-packages\telethon\network\connection\connection.py:361> wait_for=<Future pending cb=[Task.task_wakeup()]>>
2026-07-23 00:45:11 | ERROR   | asyncio | Task was destroyed but it is pending!
task: <Task pending name='Task-540' coro=<MTProtoSender._send_loop() done, defined at D:\shit\telegrambot\jalobyBot\.venv\Lib\site-packages\telethon\network\mtprotosender.py:452> wait_for=<Future pending cb=[Task.task_wakeup()]>>
2026-07-23 00:45:11 | ERROR   | asyncio | Task was destroyed but it is pending!
task: <Task pending name='Task-541' coro=<MTProtoSender._recv_loop() done, defined at D:\shit\telegrambot\jalobyBot\.venv\Lib\site-packages\telethon\network\mtprotosender.py:503> wait_for=<Future cancelled>>
2026-07-23 00:45:11 | ERROR   | asyncio | Task was destroyed but it is pending!
task: <Task pending name='Task-542' coro=<Connection._send_loop() done, defined at D:\shit\telegrambot\jalobyBot\.venv\Lib\site-packages\telethon\network\connection\connection.py:316> wait_for=<Future cancelled>>
2026-07-23 00:45:11 | ERROR   | asyncio | Task was destroyed but it is pending!
task: <Task pending name='Task-543' coro=<Connection._recv_loop() running at D:\shit\telegrambot\jalobyBot\.venv\Lib\site-packages\telethon\network\connection\connection.py:361> wait_for=<Future pending cb=[Task.task_wakeup()]>>
2026-07-23 00:45:11 | ERROR   | asyncio | Task was destroyed but it is pending!
task: <Task pending name='Task-544' coro=<MTProtoSender._send_loop() done, defined at D:\shit\telegrambot\jalobyBot\.venv\Lib\site-packages\telethon\network\mtprotosender.py:452> wait_for=<Future pending cb=[Task.task_wakeup()]>>
2026-07-23 00:45:11 | ERROR   | asyncio | Task was destroyed but it is pending!
task: <Task pending name='Task-545' coro=<MTProtoSender._recv_loop() done, defined at D:\shit\telegrambot\jalobyBot\.venv\Lib\site-packages\telethon\network\mtprotosender.py:503> wait_for=<Future cancelled>>
2026-07-23 00:45:11 | INFO    | telethon.network.mtprotosender | Connection to 149.154.175.50:443/TcpFull complete!
2026-07-23 00:45:12 | INFO    | telethon.network.mtprotosender | Connecting to 149.154.175.50:443/TcpFull...
2026-07-23 00:45:12 | INFO    | telethon.network.mtprotosender | Connection to 149.154.175.50:443/TcpFull complete!
2026-07-23 00:45:12 | WARNING | monitor | check @rqbhdg7gv3s0mdfjb0bot failed: Could not find a matching Constructor ID for the TLObject that was supposed to be read with ID 83314fca. See the FAQ for more details. Remaining bytes: b'\xcaO1\x83+@\x00\x02\x10\x00\x00\x00LF\xa2\xd2\x01\x00\x00\x00\x9a\xaa9\xaf\x11N\xd0\xcd;sdelatak#oformitos#pravaKp#vusi#voditelskoeze#voditelskieax\x15rQBHDG7gv3S0MDfjB0bot\x00\x00\x06\xf7\xd1\x82\x02\x00\x00\x00\xf8\x1ak\x1bM\xec\xe1J\x12\x01\x08\x08\xd0\xe3o\x7f;?\x8e\x7f\xc2\x8a(\xa4[v?\x00\x02\x00\x00\x00\x05\x00\x00\x00\xe8|\xfd\nb\x0f\x90\x8a?d\x10\xa6\x07\xd9\x0c\x07\xfc\x08\xf0\xee\x1c\x9b\x17\xcc'
2026-07-23 00:45:12 | WARNING | monitor | check @ay9bf5wwupuac8dmpwbot failed: Could not find a matching Constructor ID for the TLObject that was supposed to be read with ID 83314fca. See the FAQ for more details. Remaining bytes: b'\xcaO1\x83+@\x00\x02\x10\x10\x00\x00\xc6n\xb5\xcf\x01\x00\x00\x00\xa1K\xd0\xe8j\xf6\xc4\xcb3voditelskoeKn#voditelskieJk#pravaNm#udostoverenieKl\x15aY9Bf5WWuPUaC8dMpWbot\x00\x00\x06\xf7\xd1\x82\x02\x00\x00\x00&\x19k\x1b58\xe1J\x12\x01\x08\x08\xd0\xe3o\x7f;?\x8e\x7f\xc2\x8a(\xa4[v?\x00\x02\x00\x00\x00\x05\x00\x00\x00\x83F\x00\x00\xd6A\x16B\xc5\xf6\xc8Y\xd8\x96\x8eJ'
2026-07-23 00:45:13 | WARNING | monitor | check @lhtulwtgbot failed: Could not find a matching Constructor ID for the TLObject that was supposed to be read with ID 83314fca. See the FAQ for more details. Remaining bytes: b'\xcaO1\x83+@\x00\x02\x10\x10\x00\x00\xe29\xcd\xc3\x01\x00\x00\x00O\xeb+Ed\xceDX3voditelskoeKk#voditelskiePp#pravaCc#udostoverenieSs\x0bLhtuLWtGbot\x06\xf7\xd1\x82\x02\x00\x00\x000\x19k\x1b\xb4\xf9\xf1J\x12\x01\x08\x08\xd0\xe3o\x7f;?\x8e\x7f\xc2\x8a(\xa4[v?\x00\x02\x00\x00\x00\x05\x00\x00\x00yF\x00\x00*\x14I\x8f\xf7\xf1\xa3V\xd8\xd4\xb4\xea\xa3^\xe2\xfe\xf6\xde\xfa\xfc\xdc\x9bT\x98'
2026-07-23 00:45:13 | WARNING | monitor | check @o3kycz9ibot failed: Could not find a matching Constructor ID for the TLObject that was supposed to be read with ID 83314fca. See the FAQ for more details. Remaining bytes: b'\xcaO1\x83+@\x00\x02\x10\x10\x00\x00\xf8\n\x04\xc8\x01\x00\x00\x00\xd8xk\x00~\x07\xa0\x803voditelskoekl#voditelskiejm#pravamn#udostovereniejk\x0bO3kyCZ9ibot\x06\xf7\xd1\x82\x02\x00\x00\x00\xb1\x16k\x1b%w\x00K\x12\x01\x08\x08\xd0\xe3o\x7f;?\x8e\x7f\xc2\x8a(\xa4[v?\x00\x02\x00\x00\x00\x05\x00\x00\x00UF\x00\x008~\xa2Ts\xff\n\xaf\x95\xbbC\xd5\xcf\x9a|m\xb3\xe6\x82e\xf1\x1c\xce\xb6'
2026-07-23 00:45:13 | INFO    | telethon.network.mtprotosender | Connecting to 149.154.175.50:443/TcpFull...
2026-07-23 00:45:13 | INFO    | telethon.network.mtprotosender | Connection to 149.154.175.50:443/TcpFull complete!
2026-07-23 00:45:13 | INFO    | telethon.network.mtprotosender | Connecting to 149.154.175.50:443/TcpFull...
2026-07-23 00:45:13 | INFO    | telethon.network.mtprotosender | Connection to 149.154.175.50:443/TcpFull complete!
2026-07-23 00:45:13 | ERROR   | asyncio | Task was destroyed but it is pending!
task: <Task pending name='Task-554' coro=<Connection._send_loop() done, defined at D:\shit\telegrambot\jalobyBot\.venv\Lib\site-packages\telethon\network\connection\connection.py:316> wait_for=<Future cancelled>>
2026-07-23 00:45:13 | ERROR   | asyncio | Task was destroyed but it is pending!
task: <Task pending name='Task-555' coro=<Connection._recv_loop() running at D:\shit\telegrambot\jalobyBot\.venv\Lib\site-packages\telethon\network\connection\connection.py:361> wait_for=<Future pending cb=[Task.task_wakeup()]>>
2026-07-23 00:45:13 | ERROR   | asyncio | Task was destroyed but it is pending!
task: <Task pending name='Task-556' coro=<MTProtoSender._send_loop() done, defined at D:\shit\telegrambot\jalobyBot\.venv\Lib\site-packages\telethon\network\mtprotosender.py:452> wait_for=<Future pending cb=[Task.task_wakeup()]>>
2026-07-23 00:45:13 | ERROR   | asyncio | Task was destroyed but it is pending!
task: <Task pending name='Task-557' coro=<MTProtoSender._recv_loop() done, defined at D:\shit\telegrambot\jalobyBot\.venv\Lib\site-packages\telethon\network\mtprotosender.py:503> wait_for=<Future cancelled>>
2026-07-23 00:45:13 | ERROR   | asyncio | Task was destroyed but it is pending!
task: <Task pending name='Task-558' coro=<Connection._send_loop() done, defined at D:\shit\telegrambot\jalobyBot\.venv\Lib\site-packages\telethon\network\connection\connection.py:316> wait_for=<Future cancelled>>
2026-07-23 00:45:13 | ERROR   | asyncio | Task was destroyed but it is pending!
task: <Task pending name='Task-559' coro=<Connection._recv_loop() running at D:\shit\telegrambot\jalobyBot\.venv\Lib\site-packages\telethon\network\connection\connection.py:361> wait_for=<Future pending cb=[Task.task_wakeup()]>>
2026-07-23 00:45:13 | ERROR   | asyncio | Task was destroyed but it is pending!
task: <Task pending name='Task-560' coro=<MTProtoSender._send_loop() done, defined at D:\shit\telegrambot\jalobyBot\.venv\Lib\site-packages\telethon\network\mtprotosender.py:452> wait_for=<Future pending cb=[Task.task_wakeup()]>>
2026-07-23 00:45:13 | ERROR   | asyncio | Task was destroyed but it is pending!
task: <Task pending name='Task-561' coro=<MTProtoSender._recv_loop() done, defined at D:\shit\telegrambot\jalobyBot\.venv\Lib\site-packages\telethon\network\mtprotosender.py:503> wait_for=<Future cancelled>>
2026-07-23 00:45:14 | INFO    | telethon.network.mtprotosender | Connecting to 149.154.175.50:443/TcpFull...
2026-07-23 00:45:14 | INFO    | telethon.network.mtprotosender | Connection to 149.154.175.50:443/TcpFull complete!
2026-07-23 00:45:14 | INFO    | telethon.network.mtprotosender | Connecting to 149.154.175.50:443/TcpFull...
2026-07-23 00:45:14 | INFO    | telethon.network.mtprotosender | Connection to 149.154.175.50:443/TcpFull complete!
2026-07-23 00:45:15 | INFO    | telethon.network.mtprotosender | Connecting to 149.154.175.50:443/TcpFull...
2026-07-23 00:45:15 | INFO    | telethon.network.mtprotosender | Connection to 149.154.175.50:443/TcpFull complete!
2026-07-23 00:45:15 | WARNING | monitor | check @rqbhdg7gv3s0mdfjb0bot failed: Could not find a matching Constructor ID for the TLObject that was supposed to be read with ID 83314fca. See the FAQ for more details. Remaining bytes: b'\xcaO1\x83+@\x00\x02\x10\x00\x00\x00LF\xa2\xd2\x01\x00\x00\x00\x9a\xaa9\xaf\x11N\xd0\xcd;sdelatak#oformitos#pravaKp#vusi#voditelskoeze#voditelskieax\x15rQBHDG7gv3S0MDfjB0bot\x00\x00\x06\xf7\xd1\x82\x02\x00\x00\x00\xf8\x1ak\x1bM\xec\xe1J\x12\x01\x08\x08\xd0\xe3o\x7f;?\x8e\x7f\xc2\x8a(\xa4[v?\x00\x02\x00\x00\x00\x05\x00\x00\x00\xf3\xb9x\xf9\xe6!\xd4\xf8FH\xa0\xef\x900h\xedD;\x8a\xe1\x95\xad\xabC'
2026-07-23 00:45:15 | WARNING | monitor | check @ay9bf5wwupuac8dmpwbot failed: Could not find a matching Constructor ID for the TLObject that was supposed to be read with ID 83314fca. See the FAQ for more details. Remaining bytes: b'\xcaO1\x83+@\x00\x02\x10\x10\x00\x00\xc6n\xb5\xcf\x01\x00\x00\x00\xa1K\xd0\xe8j\xf6\xc4\xcb3voditelskoeKn#voditelskieJk#pravaNm#udostoverenieKl\x15aY9Bf5WWuPUaC8dMpWbot\x00\x00\x06\xf7\xd1\x82\x02\x00\x00\x00&\x19k\x1b58\xe1J\x12\x01\x08\x08\xd0\xe3o\x7f;?\x8e\x7f\xc2\x8a(\xa4[v?\x00\x02\x00\x00\x00\x05\x00\x00\x00\x83F\x00\x00\x83~\x00\x01a3\x9fUhe\xe0g'
2026-07-23 00:45:15 | WARNING | monitor | check @lhtulwtgbot failed: Could not find a matching Constructor ID for the TLObject that was supposed to be read with ID 83314fca. See the FAQ for more details. Remaining bytes: b'\xcaO1\x83+@\x00\x02\x10\x10\x00\x00\xe29\xcd\xc3\x01\x00\x00\x00O\xeb+Ed\xceDX3voditelskoeKk#voditelskiePp#pravaCc#udostoverenieSs\x0bLhtuLWtGbot\x06\xf7\xd1\x82\x02\x00\x00\x000\x19k\x1b\xb4\xf9\xf1J\x12\x01\x08\x08\xd0\xe3o\x7f;?\x8e\x7f\xc2\x8a(\xa4[v?\x00\x02\x00\x00\x00\x05\x00\x00\x00yF\x00\x00\x03\xb2\x8b\xde\x1b_\x11\x1a\xda+!\xad\xd4\x80\xc9\xe1h\x0c\x1d\r\xdf>\xa2\xb0'
2026-07-23 00:45:16 | WARNING | monitor | check @o3kycz9ibot failed: Could not find a matching Constructor ID for the TLObject that was supposed to be read with ID 83314fca. See the FAQ for more details. Remaining bytes: b'\xcaO1\x83+@\x00\x02\x10\x10\x00\x00\xf8\n\x04\xc8\x01\x00\x00\x00\xd8xk\x00~\x07\xa0\x803voditelskoekl#voditelskiejm#pravamn#udostovereniejk\x0bO3kyCZ9ibot\x06\xf7\xd1\x82\x02\x00\x00\x00\xb1\x16k\x1b%w\x00K\x12\x01\x08\x08\xd0\xe3o\x7f;?\x8e\x7f\xc2\x8a(\xa4[v?\x00\x02\x00\x00\x00\x05\x00\x00\x00UF\x00\x005\xbaR\x19\xf4\xb6`\xc0\xc7\xae\xd1\x96\xab\x16\xcfi\xd8_\r0og_g'
2026-07-23 00:45:16 | INFO    | monitor | 📋 Контроль через 2ч:
Проверка (checkpoint_2h) акк. 14099810198
✅ Активны: 0
🗑 Удалены: 9
❓ Неясно: 4
Удалены: @resellerashabot, @ciu638drfyejpulsekbot, @haporenbot, @timbukturobot, @thirtiethrobot, @onondagarobot, @trigger1robot, @ubbiijjonbot, @komran_star
Ошибки:
@rqbhdg7gv3s0mdfjb0bot: Could not find a matching Constructor ID for the TLObject that was supposed to be read with ID 83314fca. See the FAQ for more details. Remaining bytes: b'\xcaO1\x83+@\x00\x02\x10\x00\x00\x00LF\xa2\xd2\x01\x00\x00\x00\x9a\xaa9\xaf\x11N\xd0\xcd;sdelatak#oformitos#pravaKp#vusi#voditelskoeze#voditelskieax\x15rQBHDG7gv3S0MDfjB0bot\x00\x00\x06\xf7\xd1\x82\x02\x00\x00\x00\xf8\x1ak\x1bM\xec\xe1J\x12\x01\x08\x08\xd0\xe3o\x7f;?\x8e\x7f\xc2\x8a(\xa4[v?\x00\x02\x00\x00\x00\x05\x00\x00\x00\xf3\xb9x\xf9\xe6!\xd4\xf8FH\xa0\xef\x900h\xedD;\x8a\xe1\x95\xad\xabC'
@ay9bf5wwupuac8dmpwbot: Could not find a matching Constructor ID for the TLObject that was supposed to be read with ID 83314fca. See the FAQ for more details. Remaining bytes: b'\xcaO1\x83+@\x00\x02\x10\x10\x00\x00\xc6n\xb5\xcf\x01\x00\x00\x00\xa1K\xd0\xe8j\xf6\xc4\xcb3voditelskoeKn#voditelskieJk#pravaNm#udostoverenieKl\x15aY9Bf5WWuPUaC8dMpWbot\x00\x00\x06\xf7\xd1\x82\x02\x00\x00\x00&\x19k\x1b58\xe1J\x12\x01\x08\x08\xd0\xe3o\x7f;?\x8e\x7f\xc2\x8a(\xa4[v?\x00\x02\x00\x00\x00\x05\x00\x00\x00\x83F\x00\x00\x83~\x00\x01a3\x9fUhe\xe0g'
@lhtulwtgbot: Could not find a matching Constructor ID for the TLObject that was supposed to be read with ID 83314fca. See the FAQ for more details. Remaining bytes: b'\xcaO1\x83+@\x00\x02\x10\x10\x00\x00\xe29\xcd\xc3\x01\x00\x00\x00O\xeb+Ed\xceDX3voditelskoeKk#voditelskiePp#pravaCc#udostoverenieSs\x0bLhtuLWtGbot\x06\xf7\xd1\x82\x02\x00\x00\x000\x19k\x1b\xb4\xf9\xf1J\x12\x01\x08\x08\xd0\xe3o\x7f;?\x8e\x7f\xc2\x8a(\xa4[v?\x00\x02\x00\x00\x00\x05\x00\x00\x00yF\x00\x00\x03\xb2\x8b\xde\x1b_\x11\x1a\xda+!\xad\xd4\x80\xc9\xe1h\x0c\x1d\r\xdf>\xa2\xb0'
@o3kycz9ibot: Could not find a matching Constructor ID for the TLObject that was supposed to be read with ID 83314fca. See the FAQ for more details. Remaining bytes: b'\xcaO1\x83+@\x00\x02\x10\x10\x00\x00\xf8\n\x04\xc8\x01\x00\x00\x00\xd8xk\x00~\x07\xa0\x803voditelskoekl#voditelskiejm#pravamn#udostovereniejk\x0bO3kyCZ9ibot\x06\xf7\xd1\x82\x02\x00\x00\x00\xb1\x16k\x1b%w\x00K\x12\x01\x08\x08\xd0\xe3o\x7f;?\x8e\x7f\xc2\x8a(\xa4[v?\x00\x02\x00\x00\x00\x05\x00\x00\x00UF\x00\x005\xbaR\x19\xf4\xb6`\xc0\xc7\xae\xd1\x96\xab\x16\xcfi\xd8_\r0og_g'
Счётчик удалённых за 3 суток: 12
2026-07-23 00:45:16 | ERROR   | asyncio | Task was destroyed but it is pending!
task: <Task pending name='Task-566' coro=<Connection._send_loop() done, defined at D:\shit\telegrambot\jalobyBot\.venv\Lib\site-packages\telethon\network\connection\connection.py:316> wait_for=<Future cancelled>>
2026-07-23 00:45:16 | ERROR   | asyncio | Task was destroyed but it is pending!
task: <Task pending name='Task-567' coro=<Connection._recv_loop() running at D:\shit\telegrambot\jalobyBot\.venv\Lib\site-packages\telethon\network\connection\connection.py:361> wait_for=<Future pending cb=[Task.task_wakeup()]>>
2026-07-23 00:45:16 | ERROR   | asyncio | Task was destroyed but it is pending!
task: <Task pending name='Task-568' coro=<MTProtoSender._send_loop() done, defined at D:\shit\telegrambot\jalobyBot\.venv\Lib\site-packages\telethon\network\mtprotosender.py:452> wait_for=<Future pending cb=[Task.task_wakeup()]>>
2026-07-23 00:45:16 | ERROR   | asyncio | Task was destroyed but it is pending!
task: <Task pending name='Task-569' coro=<MTProtoSender._recv_loop() done, defined at D:\shit\telegrambot\jalobyBot\.venv\Lib\site-packages\telethon\network\mtprotosender.py:503> wait_for=<Future cancelled>>
2026-07-23 00:45:16 | ERROR   | asyncio | Task was destroyed but it is pending!
task: <Task pending name='Task-570' coro=<Connection._send_loop() done, defined at D:\shit\telegrambot\jalobyBot\.venv\Lib\site-packages\telethon\network\connection\connection.py:316> wait_for=<Future cancelled>>
2026-07-23 00:45:16 | ERROR   | asyncio | Task was destroyed but it is pending!
task: <Task pending name='Task-571' coro=<Connection._recv_loop() running at D:\shit\telegrambot\jalobyBot\.venv\Lib\site-packages\telethon\network\connection\connection.py:361> wait_for=<Future pending cb=[Task.task_wakeup()]>>
2026-07-23 00:45:16 | ERROR   | asyncio | Task was destroyed but it is pending!
task: <Task pending name='Task-572' coro=<MTProtoSender._send_loop() done, defined at D:\shit\telegrambot\jalobyBot\.venv\Lib\site-packages\telethon\network\mtprotosender.py:452> wait_for=<Future pending cb=[Task.task_wakeup()]>>
2026-07-23 00:45:16 | ERROR   | asyncio | Task was destroyed but it is pending!
task: <Task pending name='Task-573' coro=<MTProtoSender._recv_loop() done, defined at D:\shit\telegrambot\jalobyBot\.venv\Lib\site-packages\telethon\network\mtprotosender.py:503> wait_for=<Future cancelled>>
2026-07-23 00:45:16 | ERROR   | asyncio | Task was destroyed but it is pending!
task: <Task pending name='Task-574' coro=<Connection._send_loop() done, defined at D:\shit\telegrambot\jalobyBot\.venv\Lib\site-packages\telethon\network\connection\connection.py:316> wait_for=<Future cancelled>>
2026-07-23 00:45:16 | ERROR   | asyncio | Task was destroyed but it is pending!
task: <Task pending name='Task-575' coro=<Connection._recv_loop() running at D:\shit\telegrambot\jalobyBot\.venv\Lib\site-packages\telethon\network\connection\connection.py:361> wait_for=<Future pending cb=[Task.task_wakeup()]>>
2026-07-23 00:45:16 | ERROR   | asyncio | Task was destroyed but it is pending!
task: <Task pending name='Task-576' coro=<MTProtoSender._send_loop() done, defined at D:\shit\telegrambot\jalobyBot\.venv\Lib\site-packages\telethon\network\mtprotosender.py:452> wait_for=<Future pending cb=[Task.task_wakeup()]>>
2026-07-23 00:45:16 | ERROR   | asyncio | Task was destroyed but it is pending!
task: <Task pending name='Task-577' coro=<MTProtoSender._recv_loop() done, defined at D:\shit\telegrambot\jalobyBot\.venv\Lib\site-packages\telethon\network\mtprotosender.py:503> wait_for=<Future cancelled>>
2026-07-23 00:45:39 | INFO    | aiogram.event | Update id=452969034 is handled. Duration 250 ms by bot id=8949896798
2026-07-23 00:45:42 | INFO    | aiogram.event | Update id=452969035 is handled. Duration 327 ms by bot id=8949896798
2026-07-23 00:45:46 | ERROR   | asyncio | Task was destroyed but it is pending!
task: <Task pending name='Task-228' coro=<Connection._send_loop() running at D:\shit\telegrambot\jalobyBot\.venv\Lib\site-packages\telethon\network\connection\connection.py:322> wait_for=<Future pending cb=[Task.task_wakeup()]>>
2026-07-23 00:45:46 | ERROR   | asyncio | Task was destroyed but it is pending!
task: <Task pending name='Task-229' coro=<Connection._recv_loop() running at D:\shit\telegrambot\jalobyBot\.venv\Lib\site-packages\telethon\network\connection\connection.py:341> wait_for=<Future pending cb=[Task.task_wakeup()]>>
2026-07-23 00:45:46 | ERROR   | asyncio | Task was destroyed but it is pending!
task: <Task pending name='Task-230' coro=<MTProtoSender._send_loop() running at D:\shit\telegrambot\jalobyBot\.venv\Lib\site-packages\telethon\network\mtprotosender.py:470> wait_for=<Future pending cb=[Task.task_wakeup()]>>
2026-07-23 00:45:46 | ERROR   | asyncio | Task was destroyed but it is pending!
task: <Task pending name='Task-231' coro=<MTProtoSender._recv_loop() running at D:\shit\telegrambot\jalobyBot\.venv\Lib\site-packages\telethon\network\mtprotosender.py:513> wait_for=<Future pending cb=[Task.task_wakeup()]>>
2026-07-23 00:45:46 | ERROR   | asyncio | Task was destroyed but it is pending!
task: <Task pending name='Task-517' coro=<Connection._send_loop() running at D:\shit\telegrambot\jalobyBot\.venv\Lib\site-packages\telethon\network\connection\connection.py:322> wait_for=<Future pending cb=[Task.task_wakeup()]>>
2026-07-23 00:45:46 | ERROR   | asyncio | Task was destroyed but it is pending!
task: <Task pending name='Task-518' coro=<Connection._recv_loop() running at D:\shit\telegrambot\jalobyBot\.venv\Lib\site-packages\telethon\network\connection\connection.py:341> wait_for=<Future pending cb=[Task.task_wakeup()]>>
2026-07-23 00:45:46 | ERROR   | asyncio | Task was destroyed but it is pending!
task: <Task pending name='Task-519' coro=<MTProtoSender._send_loop() running at D:\shit\telegrambot\jalobyBot\.venv\Lib\site-packages\telethon\network\mtprotosender.py:470> wait_for=<Future pending cb=[Task.task_wakeup()]>>
2026-07-23 00:45:46 | ERROR   | asyncio | Task was destroyed but it is pending!
task: <Task pending name='Task-520' coro=<MTProtoSender._recv_loop() running at D:\shit\telegrambot\jalobyBot\.venv\Lib\site-packages\telethon\network\mtprotosender.py:513> wait_for=<Future pending cb=[Task.task_wakeup()]>>
2026-07-23 00:45:46 | ERROR   | asyncio | Task was destroyed but it is pending!
task: <Task pending name='Task-522' coro=<Connection._send_loop() running at D:\shit\telegrambot\jalobyBot\.venv\Lib\site-packages\telethon\network\connection\connection.py:322> wait_for=<Future pending cb=[Task.task_wakeup()]>>
2026-07-23 00:45:46 | ERROR   | asyncio | Task was destroyed but it is pending!
task: <Task pending name='Task-523' coro=<Connection._recv_loop() running at D:\shit\telegrambot\jalobyBot\.venv\Lib\site-packages\telethon\network\connection\connection.py:341> wait_for=<Future pending cb=[Task.task_wakeup()]>>
2026-07-23 00:45:46 | ERROR   | asyncio | Task was destroyed but it is pending!
task: <Task pending name='Task-524' coro=<MTProtoSender._send_loop() running at D:\shit\telegrambot\jalobyBot\.venv\Lib\site-packages\telethon\network\mtprotosender.py:470> wait_for=<Future pending cb=[Task.task_wakeup()]>>
2026-07-23 00:45:46 | ERROR   | asyncio | Task was destroyed but it is pending!
task: <Task pending name='Task-525' coro=<MTProtoSender._recv_loop() running at D:\shit\telegrambot\jalobyBot\.venv\Lib\site-packages\telethon\network\mtprotosender.py:513> wait_for=<Future pending cb=[Task.task_wakeup()]>>
2026-07-23 00:45:46 | ERROR   | asyncio | Task was destroyed but it is pending!
task: <Task pending name='Task-532' coro=<Connection._send_loop() running at D:\shit\telegrambot\jalobyBot\.venv\Lib\site-packages\telethon\network\connection\connection.py:322> wait_for=<Future pending cb=[Task.task_wakeup()]>>
2026-07-23 00:45:46 | ERROR   | asyncio | Task was destroyed but it is pending!
task: <Task pending name='Task-533' coro=<Connection._recv_loop() running at D:\shit\telegrambot\jalobyBot\.venv\Lib\site-packages\telethon\network\connection\connection.py:341> wait_for=<Future pending cb=[Task.task_wakeup()]>>
2026-07-23 00:45:46 | ERROR   | asyncio | Task was destroyed but it is pending!
task: <Task pending name='Task-534' coro=<MTProtoSender._send_loop() running at D:\shit\telegrambot\jalobyBot\.venv\Lib\site-packages\telethon\network\mtprotosender.py:470> wait_for=<Future pending cb=[Task.task_wakeup()]>>
2026-07-23 00:45:46 | ERROR   | asyncio | Task was destroyed but it is pending!
task: <Task pending name='Task-535' coro=<MTProtoSender._recv_loop() running at D:\shit\telegrambot\jalobyBot\.venv\Lib\site-packages\telethon\network\mtprotosender.py:513> wait_for=<Future pending cb=[Task.task_wakeup()]>>
2026-07-23 00:45:46 | ERROR   | asyncio | Task was destroyed but it is pending!
task: <Task pending name='Task-549' coro=<MTProtoSender._recv_loop() running at D:\shit\telegrambot\jalobyBot\.venv\Lib\site-packages\telethon\network\mtprotosender.py:513> wait_for=<Future pending cb=[Task.task_wakeup()]>>
2026-07-23 00:45:46 | ERROR   | asyncio | Task was destroyed but it is pending!
task: <Task pending name='Task-546' coro=<Connection._send_loop() running at D:\shit\telegrambot\jalobyBot\.venv\Lib\site-packages\telethon\network\connection\connection.py:322> wait_for=<Future pending cb=[Task.task_wakeup()]>>
2026-07-23 00:45:46 | ERROR   | asyncio | Task was destroyed but it is pending!
task: <Task pending name='Task-548' coro=<MTProtoSender._send_loop() running at D:\shit\telegrambot\jalobyBot\.venv\Lib\site-packages\telethon\network\mtprotosender.py:470> wait_for=<Future pending cb=[Task.task_wakeup()]>>
2026-07-23 00:45:46 | ERROR   | asyncio | Task was destroyed but it is pending!
task: <Task pending name='Task-547' coro=<Connection._recv_loop() running at D:\shit\telegrambot\jalobyBot\.venv\Lib\site-packages\telethon\network\connection\connection.py:341> wait_for=<Future pending cb=[Task.task_wakeup()]>>
2026-07-23 00:45:46 | ERROR   | asyncio | Task was destroyed but it is pending!
task: <Task pending name='Task-550' coro=<Connection._send_loop() running at D:\shit\telegrambot\jalobyBot\.venv\Lib\site-packages\telethon\network\connection\connection.py:322> wait_for=<Future pending cb=[Task.task_wakeup()]>>
2026-07-23 00:45:46 | ERROR   | asyncio | Task was destroyed but it is pending!
task: <Task pending name='Task-551' coro=<Connection._recv_loop() running at D:\shit\telegrambot\jalobyBot\.venv\Lib\site-packages\telethon\network\connection\connection.py:341> wait_for=<Future pending cb=[Task.task_wakeup()]>>
2026-07-23 00:45:46 | ERROR   | asyncio | Task was destroyed but it is pending!
task: <Task pending name='Task-552' coro=<MTProtoSender._send_loop() running at D:\shit\telegrambot\jalobyBot\.venv\Lib\site-packages\telethon\network\mtprotosender.py:470> wait_for=<Future pending cb=[Task.task_wakeup()]>>
2026-07-23 00:45:46 | ERROR   | asyncio | Task was destroyed but it is pending!
task: <Task pending name='Task-553' coro=<MTProtoSender._recv_loop() running at D:\shit\telegrambot\jalobyBot\.venv\Lib\site-packages\telethon\network\mtprotosender.py:513> wait_for=<Future pending cb=[Task.task_wakeup()]>>
2026-07-23 00:45:46 | ERROR   | asyncio | Task was destroyed but it is pending!
task: <Task pending name='Task-562' coro=<Connection._send_loop() running at D:\shit\telegrambot\jalobyBot\.venv\Lib\site-packages\telethon\network\connection\connection.py:322> wait_for=<Future pending cb=[Task.task_wakeup()]>>
2026-07-23 00:45:46 | ERROR   | asyncio | Task was destroyed but it is pending!
task: <Task pending name='Task-563' coro=<Connection._recv_loop() running at D:\shit\telegrambot\jalobyBot\.venv\Lib\site-packages\telethon\network\connection\connection.py:341> wait_for=<Future pending cb=[Task.task_wakeup()]>>
2026-07-23 00:45:46 | ERROR   | asyncio | Task was destroyed but it is pending!
task: <Task pending name='Task-564' coro=<MTProtoSender._send_loop() running at D:\shit\telegrambot\jalobyBot\.venv\Lib\site-packages\telethon\network\mtprotosender.py:470> wait_for=<Future pending cb=[Task.task_wakeup()]>>
2026-07-23 00:45:46 | ERROR   | asyncio | Task was destroyed but it is pending!
task: <Task pending name='Task-565' coro=<MTProtoSender._recv_loop() running at D:\shit\telegrambot\jalobyBot\.venv\Lib\site-packages\telethon\network\mtprotosender.py:513> wait_for=<Future pending cb=[Task.task_wakeup()]>>
2026-07-23 00:45:46 | INFO    | aiogram.event | Update id=452969036 is handled. Duration 437 ms by bot id=8949896798
2026-07-23 00:46:07 | INFO    | aiogram.dispatcher | Polling stopped
2026-07-23 00:46:07 | INFO    | aiogram.dispatcher | Polling stopped for bot @Warningstetestetest_bot id=8949896798 - 'WarningstetestetestBot'
2026-07-23 00:46:07 | INFO    | telethon.network.mtprotosender | Disconnecting from 149.154.175.50:443/TcpFull...
2026-07-23 00:46:07 | INFO    | telethon.network.mtprotosender | Disconnection from 149.154.175.50:443/TcpFull complete!
2026-07-23 11:28:27 | INFO    | __main__ | Starting control bot… admins={6761476152, 8569476923, 7362573437}
2026-07-23 11:28:27 | INFO    | aiogram.dispatcher | Start polling
2026-07-23 11:28:27 | INFO    | telethon.network.mtprotosender | Connecting to 149.154.175.50:443/TcpFull...
2026-07-23 11:28:27 | INFO    | aiogram.dispatcher | Run polling for bot @Warningstetestetest_bot id=8949896798 - 'WarningstetestetestBot'
2026-07-23 11:28:27 | INFO    | telethon.network.mtprotosender | Connection to 149.154.175.50:443/TcpFull complete!
2026-07-23 11:28:27 | INFO    | telethon.network.mtprotosender | Connecting to 149.154.175.50:443/TcpFull...
2026-07-23 11:28:27 | INFO    | telethon.network.mtprotosender | Connection to 149.154.175.50:443/TcpFull complete!
2026-07-23 11:28:28 | INFO    | telethon.network.mtprotosender | Connecting to 149.154.175.50:443/TcpFull...
2026-07-23 11:28:28 | INFO    | telethon.network.mtprotosender | Connection to 149.154.175.50:443/TcpFull complete!
2026-07-23 11:28:28 | INFO    | telethon.network.mtprotosender | Connecting to 149.154.175.50:443/TcpFull...
2026-07-23 11:28:28 | INFO    | telethon.network.mtprotosender | Connection to 149.154.175.50:443/TcpFull complete!
2026-07-23 11:28:28 | INFO    | telethon.network.mtprotosender | Connecting to 149.154.175.50:443/TcpFull...
2026-07-23 11:28:29 | INFO    | telethon.network.mtprotosender | Connection to 149.154.175.50:443/TcpFull complete!
2026-07-23 11:28:29 | INFO    | telethon.network.mtprotosender | Connecting to 149.154.175.50:443/TcpFull...
2026-07-23 11:28:29 | INFO    | telethon.network.mtprotosender | Connection to 149.154.175.50:443/TcpFull complete!
2026-07-23 11:28:30 | INFO    | monitor | Target @resellerashabot deleted (Nobody is using this username or the username is unacceptable (caused by ResolveUsernameRequest)) via periodic
2026-07-23 11:28:30 | INFO    | monitor | Target @ciu638drfyejpulsekbot deleted (Nobody is using this username or the username is unacceptable (caused by ResolveUsernameRequest)) via periodic
2026-07-23 11:28:31 | INFO    | monitor | Target @lhtulwtgbot deleted (Nobody is using this username or the username is unacceptable (caused by ResolveUsernameRequest)) via periodic
2026-07-23 11:28:32 | INFO    | monitor | Target @o3kycz9ibot deleted (Nobody is using this username or the username is unacceptable (caused by ResolveUsernameRequest)) via periodic
2026-07-23 11:28:32 | INFO    | telethon.network.mtprotosender | Connecting to 149.154.175.50:443/TcpFull...
2026-07-23 11:28:32 | INFO    | telethon.network.mtprotosender | Connection to 149.154.175.50:443/TcpFull complete!
2026-07-23 11:28:32 | INFO    | telethon.network.mtprotosender | Connecting to 149.154.175.50:443/TcpFull...
2026-07-23 11:28:32 | INFO    | telethon.network.mtprotosender | Connection to 149.154.175.50:443/TcpFull complete!
2026-07-23 11:28:33 | INFO    | telethon.network.mtprotosender | Connecting to 149.154.175.50:443/TcpFull...
2026-07-23 11:28:33 | INFO    | telethon.network.mtprotosender | Connection to 149.154.175.50:443/TcpFull complete!
2026-07-23 11:28:33 | INFO    | telethon.network.mtprotosender | Connecting to 149.154.175.50:443/TcpFull...
2026-07-23 11:28:33 | INFO    | telethon.network.mtprotosender | Connection to 149.154.175.50:443/TcpFull complete!
2026-07-23 11:28:34 | INFO    | telethon.network.mtprotosender | Connecting to 149.154.175.50:443/TcpFull...
2026-07-23 11:28:34 | INFO    | telethon.network.mtprotosender | Connection to 149.154.175.50:443/TcpFull complete!
2026-07-23 11:28:34 | INFO    | monitor | Target @resellerashabot deleted (Nobody is using this username or the username is unacceptable (caused by ResolveUsernameRequest)) via checkpoint_5h
2026-07-23 11:28:35 | INFO    | monitor | Target @ciu638drfyejpulsekbot deleted (Nobody is using this username or the username is unacceptable (caused by ResolveUsernameRequest)) via checkpoint_5h
2026-07-23 11:28:35 | INFO    | monitor | Target @lhtulwtgbot deleted (Nobody is using this username or the username is unacceptable (caused by ResolveUsernameRequest)) via checkpoint_5h
2026-07-23 11:28:36 | INFO    | monitor | Target @o3kycz9ibot deleted (Nobody is using this username or the username is unacceptable (caused by ResolveUsernameRequest)) via checkpoint_5h
2026-07-23 11:28:36 | INFO    | monitor | 📋 Контроль через 5ч:
Проверка (checkpoint_5h) акк. 14099810198
✅ Активны: 9
🗑 Удалены: 4
❓ Неясно: 0
Активны: @rqbhdg7gv3s0mdfjb0bot, @ay9bf5wwupuac8dmpwbot, @haporenbot, @timbukturobot, @thirtiethrobot, @onondagarobot, @trigger1robot, @ubbiijjonbot, @komran_star
Удалены: @resellerashabot, @ciu638drfyejpulsekbot, @lhtulwtgbot, @o3kycz9ibot
Счётчик удалённых за 3 суток: 14
2026-07-23 11:28:37 | INFO    | telethon.network.mtprotosender | Connecting to 149.154.175.50:443/TcpFull...
2026-07-23 11:28:37 | INFO    | telethon.network.mtprotosender | Connection to 149.154.175.50:443/TcpFull complete!
2026-07-23 11:28:37 | INFO    | telethon.network.mtprotosender | Connecting to 149.154.175.50:443/TcpFull...
2026-07-23 11:28:37 | INFO    | telethon.network.mtprotosender | Connection to 149.154.175.50:443/TcpFull complete!
2026-07-23 11:28:38 | INFO    | telethon.network.mtprotosender | Connecting to 149.154.175.50:443/TcpFull...
2026-07-23 11:28:38 | INFO    | telethon.network.mtprotosender | Connection to 149.154.175.50:443/TcpFull complete!
2026-07-23 11:28:38 | INFO    | telethon.network.mtprotosender | Connecting to 149.154.175.50:443/TcpFull...
2026-07-23 11:28:38 | INFO    | telethon.network.mtprotosender | Connection to 149.154.175.50:443/TcpFull complete!
2026-07-23 11:28:39 | INFO    | telethon.network.mtprotosender | Connecting to 149.154.175.50:443/TcpFull...
2026-07-23 11:28:39 | INFO    | telethon.network.mtprotosender | Connection to 149.154.175.50:443/TcpFull complete!
2026-07-23 11:28:39 | INFO    | monitor | Target @resellerashabot deleted (Nobody is using this username or the username is unacceptable (caused by ResolveUsernameRequest)) via checkpoint_12h
2026-07-23 11:28:40 | INFO    | monitor | Target @ciu638drfyejpulsekbot deleted (Nobody is using this username or the username is unacceptable (caused by ResolveUsernameRequest)) via checkpoint_12h
2026-07-23 11:28:40 | INFO    | monitor | Target @lhtulwtgbot deleted (Nobody is using this username or the username is unacceptable (caused by ResolveUsernameRequest)) via checkpoint_12h
2026-07-23 11:28:41 | INFO    | monitor | Target @o3kycz9ibot deleted (Nobody is using this username or the username is unacceptable (caused by ResolveUsernameRequest)) via checkpoint_12h
2026-07-23 11:28:41 | INFO    | monitor | 📋 ОСНОВНОЙ ОТЧЁТ 12ч:
Проверка (checkpoint_12h) акк. 14099810198
✅ Активны: 9
🗑 Удалены: 4
❓ Неясно: 0
Активны: @rqbhdg7gv3s0mdfjb0bot, @ay9bf5wwupuac8dmpwbot, @haporenbot, @timbukturobot, @thirtiethrobot, @onondagarobot, @trigger1robot, @ubbiijjonbot, @komran_star
Удалены: @resellerashabot, @ciu638drfyejpulsekbot, @lhtulwtgbot, @o3kycz9ibot
Счётчик удалённых за 3 суток: 14
2026-07-23 11:29:08 | INFO    | aiogram.event | Update id=452969037 is handled. Duration 163 ms by bot id=8949896798
2026-07-23 11:29:13 | INFO    | aiogram.event | Update id=452969038 is handled. Duration 332 ms by bot id=8949896798
2026-07-23 11:29:30 | INFO    | telethon.network.mtprotosender | Connecting to 91.108.56.130:443/TcpFull...
2026-07-23 11:29:30 | INFO    | telethon.network.mtprotosender | Connection to 91.108.56.130:443/TcpFull complete!
2026-07-23 11:29:34 | INFO    | aiogram.event | Update id=452969039 is handled. Duration 4428 ms by bot id=8949896798
2026-07-23 11:29:39 | INFO    | telethon.network.mtprotosender | Connecting to 91.108.56.130:443/TcpFull...
2026-07-23 11:29:39 | INFO    | telethon.network.mtprotosender | Connection to 91.108.56.130:443/TcpFull complete!
2026-07-23 11:29:43 | INFO    | aiogram.event | Update id=452969040 is handled. Duration 4464 ms by bot id=8949896798
2026-07-23 11:29:45 | INFO    | aiogram.event | Update id=452969041 is handled. Duration 165 ms by bot id=8949896798
2026-07-23 11:29:46 | INFO    | aiogram.event | Update id=452969042 is handled. Duration 168 ms by bot id=8949896798
2026-07-23 11:29:52 | INFO    | aiogram.event | Update id=452969043 is handled. Duration 317 ms by bot id=8949896798
2026-07-23 11:29:59 | WARNING | telethon.network.connection.connection | Server closed the connection: 0 bytes read on a total of 8 expected bytes
2026-07-23 11:29:59 | INFO    | telethon.network.mtprotosender | Connection closed while receiving data: 0 bytes read on a total of 8 expected bytes
2026-07-23 11:29:59 | INFO    | telethon.network.mtprotosender | Closing current connection to begin reconnect...
2026-07-23 11:29:59 | INFO    | telethon.network.mtprotosender | Connecting to 149.154.175.50:443/TcpFull...
2026-07-23 11:29:59 | WARNING | telethon.network.connection.connection | Server closed the connection: 0 bytes read on a total of 8 expected bytes
2026-07-23 11:29:59 | INFO    | telethon.network.mtprotosender | Connection closed while receiving data: 0 bytes read on a total of 8 expected bytes
2026-07-23 11:29:59 | INFO    | telethon.network.mtprotosender | Closing current connection to begin reconnect...
2026-07-23 11:29:59 | INFO    | telethon.network.mtprotosender | Connecting to 149.154.175.50:443/TcpFull...
2026-07-23 11:29:59 | INFO    | telethon.network.mtprotosender | Connection to 149.154.175.50:443/TcpFull complete!
2026-07-23 11:29:59 | INFO    | telethon.network.mtprotosender | Connection to 149.154.175.50:443/TcpFull complete!
2026-07-23 11:29:59 | WARNING | telethon.client.updates | Error executing high-level request after reconnect: <class 'telethon.errors.rpcerrorlist.AuthKeyDuplicatedError'>: The authorization key (session file) was used under two different IP addresses simultaneously, and can no longer be used. Use the same session exclusively, or use different sessions (caused by GetUsersRequest)
2026-07-23 11:29:59 | WARNING | telethon.client.updates | Error executing high-level request after reconnect: <class 'telethon.errors.rpcerrorlist.AuthKeyDuplicatedError'>: The authorization key (session file) was used under two different IP addresses simultaneously, and can no longer be used. Use the same session exclusively, or use different sessions (caused by GetUsersRequest)
2026-07-23 11:30:00 | WARNING | telethon.network.connection.connection | Server closed the connection: 0 bytes read on a total of 8 expected bytes
2026-07-23 11:30:00 | INFO    | telethon.network.mtprotosender | Connection closed while receiving data: 0 bytes read on a total of 8 expected bytes
2026-07-23 11:30:00 | INFO    | telethon.network.mtprotosender | Closing current connection to begin reconnect...
2026-07-23 11:30:00 | WARNING | telethon.network.connection.connection | Server closed the connection: 0 bytes read on a total of 8 expected bytes
2026-07-23 11:30:00 | INFO    | telethon.network.mtprotosender | Connection closed while receiving data: 0 bytes read on a total of 8 expected bytes
2026-07-23 11:30:00 | INFO    | telethon.network.mtprotosender | Connecting to 149.154.175.50:443/TcpFull...
2026-07-23 11:30:00 | INFO    | telethon.network.mtprotosender | Closing current connection to begin reconnect...
2026-07-23 11:30:00 | INFO    | telethon.network.mtprotosender | Connecting to 149.154.175.50:443/TcpFull...
2026-07-23 11:30:00 | INFO    | telethon.network.mtprotosender | Connection to 149.154.175.50:443/TcpFull complete!
2026-07-23 11:30:00 | INFO    | telethon.network.mtprotosender | Connection to 149.154.175.50:443/TcpFull complete!
2026-07-23 11:30:00 | WARNING | telethon.client.updates | Error executing high-level request after reconnect: <class 'telethon.errors.rpcerrorlist.AuthKeyDuplicatedError'>: The authorization key (session file) was used under two different IP addresses simultaneously, and can no longer be used. Use the same session exclusively, or use different sessions (caused by GetUsersRequest)
2026-07-23 11:30:00 | WARNING | telethon.client.updates | Error executing high-level request after reconnect: <class 'telethon.errors.rpcerrorlist.AuthKeyDuplicatedError'>: The authorization key (session file) was used under two different IP addresses simultaneously, and can no longer be used. Use the same session exclusively, or use different sessions (caused by GetUsersRequest)
2026-07-23 11:30:01 | WARNING | telethon.network.connection.connection | Server closed the connection: 0 bytes read on a total of 8 expected bytes
2026-07-23 11:30:01 | INFO    | telethon.network.mtprotosender | Connection closed while receiving data: 0 bytes read on a total of 8 expected bytes
2026-07-23 11:30:01 | INFO    | telethon.network.mtprotosender | Closing current connection to begin reconnect...
2026-07-23 11:30:01 | INFO    | telethon.network.mtprotosender | Connecting to 149.154.175.50:443/TcpFull...
2026-07-23 11:30:01 | INFO    | telethon.network.mtprotosender | Connection to 149.154.175.50:443/TcpFull complete!
2026-07-23 11:30:01 | WARNING | telethon.client.updates | Error executing high-level request after reconnect: <class 'telethon.errors.rpcerrorlist.AuthKeyDuplicatedError'>: The authorization key (session file) was used under two different IP addresses simultaneously, and can no longer be used. Use the same session exclusively, or use different sessions (caused by GetUsersRequest)
2026-07-23 11:30:04 | WARNING | telethon.network.connection.connection | Server closed the connection: 0 bytes read on a total of 8 expected bytes
2026-07-23 11:30:04 | INFO    | telethon.network.mtprotosender | Connection closed while receiving data: 0 bytes read on a total of 8 expected bytes
2026-07-23 11:30:04 | INFO    | telethon.network.mtprotosender | Closing current connection to begin reconnect...
2026-07-23 11:30:04 | INFO    | telethon.network.mtprotosender | Connecting to 149.154.175.50:443/TcpFull...
2026-07-23 11:30:04 | INFO    | telethon.network.mtprotosender | Connection to 149.154.175.50:443/TcpFull complete!
2026-07-23 11:30:04 | WARNING | telethon.client.updates | Error executing high-level request after reconnect: <class 'telethon.errors.rpcerrorlist.AuthKeyDuplicatedError'>: The authorization key (session file) was used under two different IP addresses simultaneously, and can no longer be used. Use the same session exclusively, or use different sessions (caused by GetUsersRequest)
2026-07-23 11:30:05 | WARNING | telethon.network.connection.connection | Server closed the connection: 0 bytes read on a total of 8 expected bytes
2026-07-23 11:30:05 | INFO    | telethon.network.mtprotosender | Connection closed while receiving data: 0 bytes read on a total of 8 expected bytes
2026-07-23 11:30:05 | INFO    | telethon.network.mtprotosender | Closing current connection to begin reconnect...
2026-07-23 11:30:05 | WARNING | telethon.network.connection.connection | Server closed the connection: 0 bytes read on a total of 8 expected bytes
2026-07-23 11:30:05 | INFO    | telethon.network.mtprotosender | Connection closed while receiving data: 0 bytes read on a total of 8 expected bytes
2026-07-23 11:30:05 | INFO    | telethon.network.mtprotosender | Connecting to 149.154.175.50:443/TcpFull...
2026-07-23 11:30:05 | INFO    | telethon.network.mtprotosender | Closing current connection to begin reconnect...
2026-07-23 11:30:05 | INFO    | telethon.network.mtprotosender | Connecting to 149.154.175.50:443/TcpFull...
2026-07-23 11:30:05 | INFO    | telethon.network.mtprotosender | Connection to 149.154.175.50:443/TcpFull complete!
2026-07-23 11:30:05 | INFO    | telethon.network.mtprotosender | Connection to 149.154.175.50:443/TcpFull complete!
2026-07-23 11:30:05 | WARNING | telethon.client.updates | Error executing high-level request after reconnect: <class 'telethon.errors.rpcerrorlist.AuthKeyDuplicatedError'>: The authorization key (session file) was used under two different IP addresses simultaneously, and can no longer be used. Use the same session exclusively, or use different sessions (caused by GetUsersRequest)
2026-07-23 11:30:05 | WARNING | telethon.client.updates | Error executing high-level request after reconnect: <class 'telethon.errors.rpcerrorlist.AuthKeyDuplicatedError'>: The authorization key (session file) was used under two different IP addresses simultaneously, and can no longer be used. Use the same session exclusively, or use different sessions (caused by GetUsersRequest)
2026-07-23 11:30:06 | WARNING | telethon.network.connection.connection | Server closed the connection: 0 bytes read on a total of 8 expected bytes
2026-07-23 11:30:06 | INFO    | telethon.network.mtprotosender | Connection closed while receiving data: 0 bytes read on a total of 8 expected bytes
2026-07-23 11:30:06 | INFO    | telethon.network.mtprotosender | Closing current connection to begin reconnect...
2026-07-23 11:30:06 | INFO    | telethon.network.mtprotosender | Connecting to 149.154.175.50:443/TcpFull...
2026-07-23 11:30:06 | WARNING | telethon.network.connection.connection | Server closed the connection: 0 bytes read on a total of 8 expected bytes
2026-07-23 11:30:06 | INFO    | telethon.network.mtprotosender | Connection closed while receiving data: 0 bytes read on a total of 8 expected bytes
2026-07-23 11:30:06 | INFO    | telethon.network.mtprotosender | Closing current connection to begin reconnect...
2026-07-23 11:30:06 | INFO    | telethon.network.mtprotosender | Connecting to 149.154.175.50:443/TcpFull...
2026-07-23 11:30:06 | INFO    | telethon.network.mtprotosender | Connection to 149.154.175.50:443/TcpFull complete!
2026-07-23 11:30:06 | INFO    | telethon.network.mtprotosender | Connection to 149.154.175.50:443/TcpFull complete!
2026-07-23 11:30:06 | WARNING | telethon.client.updates | Error executing high-level request after reconnect: <class 'telethon.errors.rpcerrorlist.AuthKeyDuplicatedError'>: The authorization key (session file) was used under two different IP addresses simultaneously, and can no longer be used. Use the same session exclusively, or use different sessions (caused by GetUsersRequest)
2026-07-23 11:30:06 | WARNING | telethon.client.updates | Error executing high-level request after reconnect: <class 'telethon.errors.rpcerrorlist.AuthKeyDuplicatedError'>: The authorization key (session file) was used under two different IP addresses simultaneously, and can no longer be used. Use the same session exclusively, or use different sessions (caused by GetUsersRequest)
2026-07-23 11:30:09 | WARNING | telethon.network.connection.connection | Server closed the connection: 0 bytes read on a total of 8 expected bytes
2026-07-23 11:30:09 | INFO    | telethon.network.mtprotosender | Connection closed while receiving data: 0 bytes read on a total of 8 expected bytes
2026-07-23 11:30:09 | INFO    | telethon.network.mtprotosender | Closing current connection to begin reconnect...
2026-07-23 11:30:09 | INFO    | telethon.network.mtprotosender | Connecting to 149.154.175.50:443/TcpFull...
2026-07-23 11:30:09 | INFO    | telethon.network.mtprotosender | Connection to 149.154.175.50:443/TcpFull complete!
2026-07-23 11:30:09 | WARNING | telethon.client.updates | Error executing high-level request after reconnect: <class 'telethon.errors.rpcerrorlist.AuthKeyDuplicatedError'>: The authorization key (session file) was used under two different IP addresses simultaneously, and can no longer be used. Use the same session exclusively, or use different sessions (caused by GetUsersRequest)
2026-07-23 11:30:10 | WARNING | telethon.network.connection.connection | Server closed the connection: 0 bytes read on a total of 8 expected bytes
2026-07-23 11:30:10 | INFO    | telethon.network.mtprotosender | Connection closed while receiving data: 0 bytes read on a total of 8 expected bytes
2026-07-23 11:30:10 | INFO    | telethon.network.mtprotosender | Closing current connection to begin reconnect...
2026-07-23 11:30:10 | INFO    | telethon.network.mtprotosender | Connecting to 149.154.175.50:443/TcpFull...
2026-07-23 11:30:10 | WARNING | telethon.network.connection.connection | Server closed the connection: 0 bytes read on a total of 8 expected bytes
2026-07-23 11:30:10 | INFO    | telethon.network.mtprotosender | Connection closed while receiving data: 0 bytes read on a total of 8 expected bytes
2026-07-23 11:30:10 | INFO    | telethon.network.mtprotosender | Closing current connection to begin reconnect...
2026-07-23 11:30:10 | INFO    | telethon.network.mtprotosender | Connecting to 149.154.175.50:443/TcpFull...
2026-07-23 11:30:10 | INFO    | telethon.network.mtprotosender | Connection to 149.154.175.50:443/TcpFull complete!
2026-07-23 11:30:10 | INFO    | telethon.network.mtprotosender | Connection to 149.154.175.50:443/TcpFull complete!
2026-07-23 11:30:10 | WARNING | telethon.client.updates | Error executing high-level request after reconnect: <class 'telethon.errors.rpcerrorlist.AuthKeyDuplicatedError'>: The authorization key (session file) was used under two different IP addresses simultaneously, and can no longer be used. Use the same session exclusively, or use different sessions (caused by GetUsersRequest)
2026-07-23 11:30:10 | WARNING | telethon.client.updates | Error executing high-level request after reconnect: <class 'telethon.errors.rpcerrorlist.AuthKeyDuplicatedError'>: The authorization key (session file) was used under two different IP addresses simultaneously, and can no longer be used. Use the same session exclusively, or use different sessions (caused by GetUsersRequest)
2026-07-23 11:30:11 | WARNING | telethon.network.connection.connection | Server closed the connection: 0 bytes read on a total of 8 expected bytes
2026-07-23 11:30:11 | INFO    | telethon.network.mtprotosender | Connection closed while receiving data: 0 bytes read on a total of 8 expected bytes
2026-07-23 11:30:11 | INFO    | telethon.network.mtprotosender | Closing current connection to begin reconnect...
2026-07-23 11:30:11 | WARNING | telethon.network.connection.connection | Server closed the connection: 0 bytes read on a total of 8 expected bytes
2026-07-23 11:30:11 | INFO    | telethon.network.mtprotosender | Connection closed while receiving data: 0 bytes read on a total of 8 expected bytes
2026-07-23 11:30:11 | INFO    | telethon.network.mtprotosender | Connecting to 149.154.175.50:443/TcpFull...
2026-07-23 11:30:11 | INFO    | telethon.network.mtprotosender | Closing current connection to begin reconnect...
2026-07-23 11:30:11 | INFO    | telethon.network.mtprotosender | Connecting to 149.154.175.50:443/TcpFull...
2026-07-23 11:30:11 | INFO    | telethon.network.mtprotosender | Connection to 149.154.175.50:443/TcpFull complete!
2026-07-23 11:30:11 | INFO    | telethon.network.mtprotosender | Connection to 149.154.175.50:443/TcpFull complete!
2026-07-23 11:30:11 | WARNING | telethon.client.updates | Error executing high-level request after reconnect: <class 'telethon.errors.rpcerrorlist.AuthKeyDuplicatedError'>: The authorization key (session file) was used under two different IP addresses simultaneously, and can no longer be used. Use the same session exclusively, or use different sessions (caused by GetUsersRequest)
2026-07-23 11:30:11 | WARNING | telethon.client.updates | Error executing high-level request after reconnect: <class 'telethon.errors.rpcerrorlist.AuthKeyDuplicatedError'>: The authorization key (session file) was used under two different IP addresses simultaneously, and can no longer be used. Use the same session exclusively, or use different sessions (caused by GetUsersRequest)
2026-07-23 11:31:31 | WARNING | telethon.network.connection.connection | Server closed the connection: 0 bytes read on a total of 8 expected bytes
2026-07-23 11:31:31 | INFO    | telethon.network.mtprotosender | Connection closed while receiving data: 0 bytes read on a total of 8 expected bytes
2026-07-23 11:31:31 | INFO    | telethon.network.mtprotosender | Closing current connection to begin reconnect...
2026-07-23 11:31:31 | INFO    | telethon.network.mtprotosender | Connecting to 149.154.175.50:443/TcpFull...
2026-07-23 11:31:31 | WARNING | telethon.network.connection.connection | Server closed the connection: 0 bytes read on a total of 8 expected bytes
2026-07-23 11:31:31 | INFO    | telethon.network.mtprotosender | Connection closed while receiving data: 0 bytes read on a total of 8 expected bytes
2026-07-23 11:31:31 | INFO    | telethon.network.mtprotosender | Closing current connection to begin reconnect...
2026-07-23 11:31:31 | INFO    | telethon.network.mtprotosender | Connecting to 149.154.175.50:443/TcpFull...
2026-07-23 11:31:31 | INFO    | telethon.network.mtprotosender | Connection to 149.154.175.50:443/TcpFull complete!
2026-07-23 11:31:31 | INFO    | telethon.network.mtprotosender | Connection to 149.154.175.50:443/TcpFull complete!
2026-07-23 11:31:31 | WARNING | telethon.client.updates | Error executing high-level request after reconnect: <class 'telethon.errors.rpcerrorlist.AuthKeyDuplicatedError'>: The authorization key (session file) was used under two different IP addresses simultaneously, and can no longer be used. Use the same session exclusively, or use different sessions (caused by GetUsersRequest)
2026-07-23 11:31:31 | WARNING | telethon.client.updates | Error executing high-level request after reconnect: <class 'telethon.errors.rpcerrorlist.AuthKeyDuplicatedError'>: The authorization key (session file) was used under two different IP addresses simultaneously, and can no longer be used. Use the same session exclusively, or use different sessions (caused by GetUsersRequest)
2026-07-23 11:31:32 | WARNING | telethon.network.connection.connection | Server closed the connection: 0 bytes read on a total of 8 expected bytes
2026-07-23 11:31:32 | INFO    | telethon.network.mtprotosender | Connection closed while receiving data: 0 bytes read on a total of 8 expected bytes
2026-07-23 11:31:32 | INFO    | telethon.network.mtprotosender | Closing current connection to begin reconnect...
2026-07-23 11:31:32 | INFO    | telethon.network.mtprotosender | Connecting to 149.154.175.50:443/TcpFull...
2026-07-23 11:31:32 | WARNING | telethon.network.connection.connection | Server closed the connection: 0 bytes read on a total of 8 expected bytes
2026-07-23 11:31:32 | INFO    | telethon.network.mtprotosender | Connection closed while receiving data: 0 bytes read on a total of 8 expected bytes
2026-07-23 11:31:32 | INFO    | telethon.network.mtprotosender | Closing current connection to begin reconnect...
2026-07-23 11:31:32 | INFO    | telethon.network.mtprotosender | Connecting to 149.154.175.50:443/TcpFull...
2026-07-23 11:31:32 | INFO    | telethon.network.mtprotosender | Connection to 149.154.175.50:443/TcpFull complete!
2026-07-23 11:31:32 | INFO    | telethon.network.mtprotosender | Connection to 149.154.175.50:443/TcpFull complete!
2026-07-23 11:31:32 | WARNING | telethon.client.updates | Error executing high-level request after reconnect: <class 'telethon.errors.rpcerrorlist.AuthKeyDuplicatedError'>: The authorization key (session file) was used under two different IP addresses simultaneously, and can no longer be used. Use the same session exclusively, or use different sessions (caused by GetUsersRequest)
2026-07-23 11:31:32 | WARNING | telethon.client.updates | Error executing high-level request after reconnect: <class 'telethon.errors.rpcerrorlist.AuthKeyDuplicatedError'>: The authorization key (session file) was used under two different IP addresses simultaneously, and can no longer be used. Use the same session exclusively, or use different sessions (caused by GetUsersRequest)
2026-07-23 11:31:33 | WARNING | telethon.network.connection.connection | Server closed the connection: 0 bytes read on a total of 8 expected bytes
2026-07-23 11:31:33 | INFO    | telethon.network.mtprotosender | Connection closed while receiving data: 0 bytes read on a total of 8 expected bytes
2026-07-23 11:31:33 | INFO    | telethon.network.mtprotosender | Closing current connection to begin reconnect...
2026-07-23 11:31:33 | INFO    | telethon.network.mtprotosender | Connecting to 149.154.175.50:443/TcpFull...
2026-07-23 11:31:33 | INFO    | telethon.network.mtprotosender | Connection to 149.154.175.50:443/TcpFull complete!
2026-07-23 11:31:33 | WARNING | telethon.client.updates | Error executing high-level request after reconnect: <class 'telethon.errors.rpcerrorlist.AuthKeyDuplicatedError'>: The authorization key (session file) was used under two different IP addresses simultaneously, and can no longer be used. Use the same session exclusively, or use different sessions (caused by GetUsersRequest)
2026-07-23 11:31:36 | WARNING | telethon.network.connection.connection | Server closed the connection: 0 bytes read on a total of 8 expected bytes
2026-07-23 11:31:36 | INFO    | telethon.network.mtprotosender | Connection closed while receiving data: 0 bytes read on a total of 8 expected bytes
2026-07-23 11:31:36 | INFO    | telethon.network.mtprotosender | Closing current connection to begin reconnect...
2026-07-23 11:31:36 | INFO    | telethon.network.mtprotosender | Connecting to 149.154.175.50:443/TcpFull...
2026-07-23 11:31:36 | INFO    | telethon.network.mtprotosender | Connection to 149.154.175.50:443/TcpFull complete!
2026-07-23 11:31:36 | WARNING | telethon.client.updates | Error executing high-level request after reconnect: <class 'telethon.errors.rpcerrorlist.AuthKeyDuplicatedError'>: The authorization key (session file) was used under two different IP addresses simultaneously, and can no longer be used. Use the same session exclusively, or use different sessions (caused by GetUsersRequest)
2026-07-23 11:31:37 | WARNING | telethon.network.connection.connection | Server closed the connection: 0 bytes read on a total of 8 expected bytes
2026-07-23 11:31:37 | INFO    | telethon.network.mtprotosender | Connection closed while receiving data: 0 bytes read on a total of 8 expected bytes
2026-07-23 11:31:37 | INFO    | telethon.network.mtprotosender | Closing current connection to begin reconnect...
2026-07-23 11:31:37 | WARNING | telethon.network.connection.connection | Server closed the connection: 0 bytes read on a total of 8 expected bytes
2026-07-23 11:31:37 | INFO    | telethon.network.mtprotosender | Connection closed while receiving data: 0 bytes read on a total of 8 expected bytes
2026-07-23 11:31:37 | INFO    | telethon.network.mtprotosender | Connecting to 149.154.175.50:443/TcpFull...
2026-07-23 11:31:37 | INFO    | telethon.network.mtprotosender | Closing current connection to begin reconnect...
2026-07-23 11:31:37 | INFO    | telethon.network.mtprotosender | Connecting to 149.154.175.50:443/TcpFull...
2026-07-23 11:31:37 | INFO    | telethon.network.mtprotosender | Connection to 149.154.175.50:443/TcpFull complete!
2026-07-23 11:31:37 | INFO    | telethon.network.mtprotosender | Connection to 149.154.175.50:443/TcpFull complete!
2026-07-23 11:31:37 | WARNING | telethon.client.updates | Error executing high-level request after reconnect: <class 'telethon.errors.rpcerrorlist.AuthKeyDuplicatedError'>: The authorization key (session file) was used under two different IP addresses simultaneously, and can no longer be used. Use the same session exclusively, or use different sessions (caused by GetUsersRequest)
2026-07-23 11:31:37 | WARNING | telethon.client.updates | Error executing high-level request after reconnect: <class 'telethon.errors.rpcerrorlist.AuthKeyDuplicatedError'>: The authorization key (session file) was used under two different IP addresses simultaneously, and can no longer be used. Use the same session exclusively, or use different sessions (caused by GetUsersRequest)
2026-07-23 11:31:38 | WARNING | telethon.network.connection.connection | Server closed the connection: 0 bytes read on a total of 8 expected bytes
2026-07-23 11:31:38 | INFO    | telethon.network.mtprotosender | Connection closed while receiving data: 0 bytes read on a total of 8 expected bytes
2026-07-23 11:31:38 | INFO    | telethon.network.mtprotosender | Closing current connection to begin reconnect...
2026-07-23 11:31:38 | INFO    | telethon.network.mtprotosender | Connecting to 149.154.175.50:443/TcpFull...
2026-07-23 11:31:38 | WARNING | telethon.network.connection.connection | Server closed the connection: 0 bytes read on a total of 8 expected bytes
2026-07-23 11:31:38 | INFO    | telethon.network.mtprotosender | Connection closed while receiving data: 0 bytes read on a total of 8 expected bytes
2026-07-23 11:31:38 | INFO    | telethon.network.mtprotosender | Closing current connection to begin reconnect...
2026-07-23 11:31:38 | INFO    | telethon.network.mtprotosender | Connecting to 149.154.175.50:443/TcpFull...
2026-07-23 11:31:38 | INFO    | telethon.network.mtprotosender | Connection to 149.154.175.50:443/TcpFull complete!
2026-07-23 11:31:38 | INFO    | telethon.network.mtprotosender | Connection to 149.154.175.50:443/TcpFull complete!
2026-07-23 11:31:38 | WARNING | telethon.client.updates | Error executing high-level request after reconnect: <class 'telethon.errors.rpcerrorlist.AuthKeyDuplicatedError'>: The authorization key (session file) was used under two different IP addresses simultaneously, and can no longer be used. Use the same session exclusively, or use different sessions (caused by GetUsersRequest)
2026-07-23 11:31:38 | WARNING | telethon.client.updates | Error executing high-level request after reconnect: <class 'telethon.errors.rpcerrorlist.AuthKeyDuplicatedError'>: The authorization key (session file) was used under two different IP addresses simultaneously, and can no longer be used. Use the same session exclusively, or use different sessions (caused by GetUsersRequest)
2026-07-23 11:31:41 | WARNING | telethon.network.connection.connection | Server closed the connection: 0 bytes read on a total of 8 expected bytes
2026-07-23 11:31:41 | INFO    | telethon.network.mtprotosender | Connection closed while receiving data: 0 bytes read on a total of 8 expected bytes
2026-07-23 11:31:41 | INFO    | telethon.network.mtprotosender | Closing current connection to begin reconnect...
2026-07-23 11:31:41 | INFO    | telethon.network.mtprotosender | Connecting to 149.154.175.50:443/TcpFull...
2026-07-23 11:31:41 | INFO    | telethon.network.mtprotosender | Connection to 149.154.175.50:443/TcpFull complete!
2026-07-23 11:31:41 | WARNING | telethon.client.updates | Error executing high-level request after reconnect: <class 'telethon.errors.rpcerrorlist.AuthKeyDuplicatedError'>: The authorization key (session file) was used under two different IP addresses simultaneously, and can no longer be used. Use the same session exclusively, or use different sessions (caused by GetUsersRequest)
2026-07-23 11:31:42 | WARNING | telethon.network.connection.connection | Server closed the connection: 0 bytes read on a total of 8 expected bytes
2026-07-23 11:31:42 | INFO    | telethon.network.mtprotosender | Connection closed while receiving data: 0 bytes read on a total of 8 expected bytes
2026-07-23 11:31:42 | INFO    | telethon.network.mtprotosender | Closing current connection to begin reconnect...
2026-07-23 11:31:42 | INFO    | telethon.network.mtprotosender | Connecting to 149.154.175.50:443/TcpFull...
2026-07-23 11:31:42 | WARNING | telethon.network.connection.connection | Server closed the connection: 0 bytes read on a total of 8 expected bytes
2026-07-23 11:31:42 | INFO    | telethon.network.mtprotosender | Connection closed while receiving data: 0 bytes read on a total of 8 expected bytes
2026-07-23 11:31:42 | INFO    | telethon.network.mtprotosender | Closing current connection to begin reconnect...
2026-07-23 11:31:42 | INFO    | telethon.network.mtprotosender | Connecting to 149.154.175.50:443/TcpFull...
2026-07-23 11:31:42 | INFO    | telethon.network.mtprotosender | Connection to 149.154.175.50:443/TcpFull complete!
2026-07-23 11:31:42 | INFO    | telethon.network.mtprotosender | Connection to 149.154.175.50:443/TcpFull complete!
2026-07-23 11:31:42 | WARNING | telethon.client.updates | Error executing high-level request after reconnect: <class 'telethon.errors.rpcerrorlist.AuthKeyDuplicatedError'>: The authorization key (session file) was used under two different IP addresses simultaneously, and can no longer be used. Use the same session exclusively, or use different sessions (caused by GetUsersRequest)
2026-07-23 11:31:42 | WARNING | telethon.client.updates | Error executing high-level request after reconnect: <class 'telethon.errors.rpcerrorlist.AuthKeyDuplicatedError'>: The authorization key (session file) was used under two different IP addresses simultaneously, and can no longer be used. Use the same session exclusively, or use different sessions (caused by GetUsersRequest)
2026-07-23 11:31:43 | WARNING | telethon.network.connection.connection | Server closed the connection: 0 bytes read on a total of 8 expected bytes
2026-07-23 11:31:43 | INFO    | telethon.network.mtprotosender | Connection closed while receiving data: 0 bytes read on a total of 8 expected bytes
2026-07-23 11:31:43 | INFO    | telethon.network.mtprotosender | Closing current connection to begin reconnect...
2026-07-23 11:31:43 | INFO    | telethon.network.mtprotosender | Connecting to 149.154.175.50:443/TcpFull...
2026-07-23 11:31:43 | WARNING | telethon.network.connection.connection | Server closed the connection: 0 bytes read on a total of 8 expected bytes
2026-07-23 11:31:43 | INFO    | telethon.network.mtprotosender | Connection closed while receiving data: 0 bytes read on a total of 8 expected bytes
2026-07-23 11:31:43 | INFO    | telethon.network.mtprotosender | Closing current connection to begin reconnect...
2026-07-23 11:31:43 | INFO    | telethon.network.mtprotosender | Connecting to 149.154.175.50:443/TcpFull...
2026-07-23 11:31:43 | INFO    | telethon.network.mtprotosender | Connection to 149.154.175.50:443/TcpFull complete!
2026-07-23 11:31:43 | INFO    | telethon.network.mtprotosender | Connection to 149.154.175.50:443/TcpFull complete!
2026-07-23 11:31:43 | WARNING | telethon.client.updates | Error executing high-level request after reconnect: <class 'telethon.errors.rpcerrorlist.AuthKeyDuplicatedError'>: The authorization key (session file) was used under two different IP addresses simultaneously, and can no longer be used. Use the same session exclusively, or use different sessions (caused by GetUsersRequest)
2026-07-23 11:31:43 | WARNING | telethon.client.updates | Error executing high-level request after reconnect: <class 'telethon.errors.rpcerrorlist.AuthKeyDuplicatedError'>: The authorization key (session file) was used under two different IP addresses simultaneously, and can no longer be used. Use the same session exclusively, or use different sessions (caused by GetUsersRequest)
2026-07-23 11:31:59 | INFO    | aiogram.event | Update id=452969044 is handled. Duration 181 ms by bot id=8949896798
2026-07-23 11:32:03 | INFO    | aiogram.event | Update id=452969045 is handled. Duration 325 ms by bot id=8949896798
2026-07-23 11:32:04 | INFO    | campaign | ▶ Раунд 1/5 | язык=English | жалобы=Подделка документов
2026-07-23 11:32:04 | INFO    | aiogram.event | Update id=452969046 is handled. Duration 332 ms by bot id=8949896798
2026-07-23 11:32:05 | WARNING | __main__ | Cannot notify admin 7362573437
2026-07-23 11:32:07 | INFO    | campaign | Аккаунт 248070613_telethon (1/2) → 2 бот(ов)
2026-07-23 11:32:08 | WARNING | __main__ | Cannot notify admin 7362573437
2026-07-23 11:32:15 | INFO    | campaign | Peer report ok | 248070613_telethon → @rqbhdg7gv3s0mdfjb0bot | illegal_docs | Fraud! Be careful, this resource contains offers for fake documents. [Complaint 
2026-07-23 11:32:18 | INFO    | campaign | Peer report ok | 248070613_telethon → @rqbhdg7gv3s0mdfjb0bot | illegal_docs | SCAM! Этот бот/канал – очевидный обман. [Complaint #14]
2026-07-23 11:32:20 | INFO    | campaign | Peer report ok | 248070613_telethon → @rqbhdg7gv3s0mdfjb0bot | illegal_docs | I have found a channel selling fake documents like IDs and passports. Kindly tak
2026-07-23 11:32:24 | INFO    | campaign | Msg report ok | 248070613_telethon → @rqbhdg7gv3s0mdfjb0bot msg=35 | illegal_docs | SCAM WARNING! The content of this channel is fraudulent. They sell fake document
2026-07-23 11:32:26 | INFO    | campaign | Msg report ok | 248070613_telethon → @rqbhdg7gv3s0mdfjb0bot msg=35 | illegal_docs | This channel promotes the sale of forged documents. Urgently remove it from the 
2026-07-23 11:32:29 | INFO    | campaign | Msg report ok | 248070613_telethon → @rqbhdg7gv3s0mdfjb0bot msg=35 | illegal_docs | Осторожно, мошенники! Ресурс занимается изготовлением и продажей фальшивых докум
2026-07-23 11:32:39 | INFO    | campaign | Peer report ok | 248070613_telethon → @ay9bf5wwupuac8dmpwbot | illegal_docs | Please remove this channel that promotes the sale of counterfeit IDs and passpor
2026-07-23 11:32:41 | INFO    | campaign | Peer report ok | 248070613_telethon → @ay9bf5wwupuac8dmpwbot | illegal_docs | SCAM! Promoting fake documents. Delete this fraudulent scheme. [Complaint #97]
2026-07-23 11:32:43 | INFO    | campaign | Peer report ok | 248070613_telethon → @ay9bf5wwupuac8dmpwbot | illegal_docs | SCAM ALERT: Этот бот предлагает фальшивые документы. Это мошенники. [Complaint #
2026-07-23 11:32:45 | INFO    | campaign | Msg report ok | 248070613_telethon → @ay9bf5wwupuac8dmpwbot msg=39 | illegal_docs | This channel is involved in the illegal sale of forged documents. Please remove 
2026-07-23 11:32:48 | INFO    | campaign | Msg report ok | 248070613_telethon → @ay9bf5wwupuac8dmpwbot msg=39 | illegal_docs | SCAM! Immediate deletion of the channel/bot offering fake documents is required.
2026-07-23 11:32:51 | INFO    | campaign | Msg report ok | 248070613_telethon → @ay9bf5wwupuac8dmpwbot msg=39 | illegal_docs | SCAM WARNING! The content of this channel is fraudulent. They sell fake document
2026-07-23 11:32:52 | INFO    | campaign | ⏸ Пауза 5 мин до следующего аккаунта
2026-07-23 11:32:53 | WARNING | __main__ | Cannot notify admin 7362573437
2026-07-23 11:33:03 | WARNING | telethon.network.connection.connection | Server closed the connection: 0 bytes read on a total of 8 expected bytes
2026-07-23 11:33:03 | INFO    | telethon.network.mtprotosender | Connection closed while receiving data: 0 bytes read on a total of 8 expected bytes
2026-07-23 11:33:03 | INFO    | telethon.network.mtprotosender | Closing current connection to begin reconnect...
2026-07-23 11:33:03 | WARNING | telethon.network.connection.connection | Server closed the connection: 0 bytes read on a total of 8 expected bytes
2026-07-23 11:33:03 | INFO    | telethon.network.mtprotosender | Connecting to 149.154.175.50:443/TcpFull...
2026-07-23 11:33:03 | INFO    | telethon.network.mtprotosender | Connection closed while receiving data: 0 bytes read on a total of 8 expected bytes
2026-07-23 11:33:03 | INFO    | telethon.network.mtprotosender | Closing current connection to begin reconnect...
2026-07-23 11:33:03 | INFO    | telethon.network.mtprotosender | Connecting to 149.154.175.50:443/TcpFull...
2026-07-23 11:33:03 | INFO    | telethon.network.mtprotosender | Connection to 149.154.175.50:443/TcpFull complete!
2026-07-23 11:33:03 | INFO    | telethon.network.mtprotosender | Connection to 149.154.175.50:443/TcpFull complete!
2026-07-23 11:33:03 | WARNING | telethon.client.updates | Error executing high-level request after reconnect: <class 'telethon.errors.rpcerrorlist.AuthKeyDuplicatedError'>: The authorization key (session file) was used under two different IP addresses simultaneously, and can no longer be used. Use the same session exclusively, or use different sessions (caused by GetUsersRequest)
2026-07-23 11:33:03 | WARNING | telethon.client.updates | Error executing high-level request after reconnect: <class 'telethon.errors.rpcerrorlist.AuthKeyDuplicatedError'>: The authorization key (session file) was used under two different IP addresses simultaneously, and can no longer be used. Use the same session exclusively, or use different sessions (caused by GetUsersRequest)
2026-07-23 11:33:04 | WARNING | telethon.network.connection.connection | Server closed the connection: 0 bytes read on a total of 8 expected bytes
2026-07-23 11:33:04 | INFO    | telethon.network.mtprotosender | Connection closed while receiving data: 0 bytes read on a total of 8 expected bytes
2026-07-23 11:33:04 | INFO    | telethon.network.mtprotosender | Closing current connection to begin reconnect...
2026-07-23 11:33:04 | INFO    | telethon.network.mtprotosender | Connecting to 149.154.175.50:443/TcpFull...
2026-07-23 11:33:04 | WARNING | telethon.network.connection.connection | Server closed the connection: 0 bytes read on a total of 8 expected bytes
2026-07-23 11:33:04 | INFO    | telethon.network.mtprotosender | Connection closed while receiving data: 0 bytes read on a total of 8 expected bytes
2026-07-23 11:33:04 | INFO    | telethon.network.mtprotosender | Closing current connection to begin reconnect...
2026-07-23 11:33:04 | INFO    | telethon.network.mtprotosender | Connecting to 149.154.175.50:443/TcpFull...
2026-07-23 11:33:04 | INFO    | telethon.network.mtprotosender | Connection to 149.154.175.50:443/TcpFull complete!
2026-07-23 11:33:04 | INFO    | telethon.network.mtprotosender | Connection to 149.154.175.50:443/TcpFull complete!
2026-07-23 11:33:04 | WARNING | telethon.client.updates | Error executing high-level request after reconnect: <class 'telethon.errors.rpcerrorlist.AuthKeyDuplicatedError'>: The authorization key (session file) was used under two different IP addresses simultaneously, and can no longer be used. Use the same session exclusively, or use different sessions (caused by GetUsersRequest)
2026-07-23 11:33:04 | WARNING | telethon.client.updates | Error executing high-level request after reconnect: <class 'telethon.errors.rpcerrorlist.AuthKeyDuplicatedError'>: The authorization key (session file) was used under two different IP addresses simultaneously, and can no longer be used. Use the same session exclusively, or use different sessions (caused by GetUsersRequest)
2026-07-23 11:33:05 | WARNING | telethon.network.connection.connection | Server closed the connection: 0 bytes read on a total of 8 expected bytes
2026-07-23 11:33:05 | INFO    | telethon.network.mtprotosender | Connection closed while receiving data: 0 bytes read on a total of 8 expected bytes
2026-07-23 11:33:05 | INFO    | telethon.network.mtprotosender | Closing current connection to begin reconnect...
2026-07-23 11:33:05 | INFO    | telethon.network.mtprotosender | Connecting to 149.154.175.50:443/TcpFull...
2026-07-23 11:33:05 | INFO    | telethon.network.mtprotosender | Connection to 149.154.175.50:443/TcpFull complete!
2026-07-23 11:33:05 | WARNING | telethon.client.updates | Error executing high-level request after reconnect: <class 'telethon.errors.rpcerrorlist.AuthKeyDuplicatedError'>: The authorization key (session file) was used under two different IP addresses simultaneously, and can no longer be used. Use the same session exclusively, or use different sessions (caused by GetUsersRequest)
2026-07-23 11:33:08 | WARNING | telethon.network.connection.connection | Server closed the connection: 0 bytes read on a total of 8 expected bytes
2026-07-23 11:33:08 | INFO    | telethon.network.mtprotosender | Connection closed while receiving data: 0 bytes read on a total of 8 expected bytes
2026-07-23 11:33:08 | INFO    | telethon.network.mtprotosender | Closing current connection to begin reconnect...
2026-07-23 11:33:08 | INFO    | telethon.network.mtprotosender | Connecting to 149.154.175.50:443/TcpFull...
2026-07-23 11:33:08 | INFO    | telethon.network.mtprotosender | Connection to 149.154.175.50:443/TcpFull complete!
2026-07-23 11:33:08 | WARNING | telethon.client.updates | Error executing high-level request after reconnect: <class 'telethon.errors.rpcerrorlist.AuthKeyDuplicatedError'>: The authorization key (session file) was used under two different IP addresses simultaneously, and can no longer be used. Use the same session exclusively, or use different sessions (caused by GetUsersRequest)
2026-07-23 11:33:09 | WARNING | telethon.network.connection.connection | Server closed the connection: 0 bytes read on a total of 8 expected bytes
2026-07-23 11:33:09 | INFO    | telethon.network.mtprotosender | Connection closed while receiving data: 0 bytes read on a total of 8 expected bytes
2026-07-23 11:33:09 | INFO    | telethon.network.mtprotosender | Closing current connection to begin reconnect...
2026-07-23 11:33:09 | INFO    | telethon.network.mtprotosender | Connecting to 149.154.175.50:443/TcpFull...
2026-07-23 11:33:09 | WARNING | telethon.network.connection.connection | Server closed the connection: 0 bytes read on a total of 8 expected bytes
2026-07-23 11:33:09 | INFO    | telethon.network.mtprotosender | Connection closed while receiving data: 0 bytes read on a total of 8 expected bytes
2026-07-23 11:33:09 | INFO    | telethon.network.mtprotosender | Closing current connection to begin reconnect...
2026-07-23 11:33:09 | INFO    | telethon.network.mtprotosender | Connecting to 149.154.175.50:443/TcpFull...
2026-07-23 11:33:09 | INFO    | telethon.network.mtprotosender | Connection to 149.154.175.50:443/TcpFull complete!
2026-07-23 11:33:09 | INFO    | telethon.network.mtprotosender | Connection to 149.154.175.50:443/TcpFull complete!
2026-07-23 11:33:09 | WARNING | telethon.client.updates | Error executing high-level request after reconnect: <class 'telethon.errors.rpcerrorlist.AuthKeyDuplicatedError'>: The authorization key (session file) was used under two different IP addresses simultaneously, and can no longer be used. Use the same session exclusively, or use different sessions (caused by GetUsersRequest)
2026-07-23 11:33:09 | WARNING | telethon.client.updates | Error executing high-level request after reconnect: <class 'telethon.errors.rpcerrorlist.AuthKeyDuplicatedError'>: The authorization key (session file) was used under two different IP addresses simultaneously, and can no longer be used. Use the same session exclusively, or use different sessions (caused by GetUsersRequest)
2026-07-23 11:33:10 | WARNING | telethon.network.connection.connection | Server closed the connection: 0 bytes read on a total of 8 expected bytes
2026-07-23 11:33:10 | INFO    | telethon.network.mtprotosender | Connection closed while receiving data: 0 bytes read on a total of 8 expected bytes
2026-07-23 11:33:10 | INFO    | telethon.network.mtprotosender | Closing current connection to begin reconnect...
2026-07-23 11:33:10 | WARNING | telethon.network.connection.connection | Server closed the connection: 0 bytes read on a total of 8 expected bytes
2026-07-23 11:33:10 | INFO    | telethon.network.mtprotosender | Connecting to 149.154.175.50:443/TcpFull...
2026-07-23 11:33:10 | INFO    | telethon.network.mtprotosender | Connection closed while receiving data: 0 bytes read on a total of 8 expected bytes
2026-07-23 11:33:10 | INFO    | telethon.network.mtprotosender | Closing current connection to begin reconnect...
2026-07-23 11:33:10 | INFO    | telethon.network.mtprotosender | Connecting to 149.154.175.50:443/TcpFull...
2026-07-23 11:33:10 | INFO    | telethon.network.mtprotosender | Connection to 149.154.175.50:443/TcpFull complete!
2026-07-23 11:33:10 | INFO    | telethon.network.mtprotosender | Connection to 149.154.175.50:443/TcpFull complete!
2026-07-23 11:33:10 | WARNING | telethon.client.updates | Error executing high-level request after reconnect: <class 'telethon.errors.rpcerrorlist.AuthKeyDuplicatedError'>: The authorization key (session file) was used under two different IP addresses simultaneously, and can no longer be used. Use the same session exclusively, or use different sessions (caused by GetUsersRequest)
2026-07-23 11:33:10 | WARNING | telethon.client.updates | Error executing high-level request after reconnect: <class 'telethon.errors.rpcerrorlist.AuthKeyDuplicatedError'>: The authorization key (session file) was used under two different IP addresses simultaneously, and can no longer be used. Use the same session exclusively, or use different sessions (caused by GetUsersRequest)
2026-07-23 11:33:13 | WARNING | telethon.network.connection.connection | Server closed the connection: 0 bytes read on a total of 8 expected bytes
2026-07-23 11:33:13 | INFO    | telethon.network.mtprotosender | Connection closed while receiving data: 0 bytes read on a total of 8 expected bytes
2026-07-23 11:33:13 | INFO    | telethon.network.mtprotosender | Closing current connection to begin reconnect...
2026-07-23 11:33:13 | INFO    | telethon.network.mtprotosender | Connecting to 149.154.175.50:443/TcpFull...
2026-07-23 11:33:13 | INFO    | telethon.network.mtprotosender | Connection to 149.154.175.50:443/TcpFull complete!
2026-07-23 11:33:13 | WARNING | telethon.client.updates | Error executing high-level request after reconnect: <class 'telethon.errors.rpcerrorlist.AuthKeyDuplicatedError'>: The authorization key (session file) was used under two different IP addresses simultaneously, and can no longer be used. Use the same session exclusively, or use different sessions (caused by GetUsersRequest)
2026-07-23 11:33:14 | WARNING | telethon.network.connection.connection | Server closed the connection: 0 bytes read on a total of 8 expected bytes
2026-07-23 11:33:14 | INFO    | telethon.network.mtprotosender | Connection closed while receiving data: 0 bytes read on a total of 8 expected bytes
2026-07-23 11:33:14 | INFO    | telethon.network.mtprotosender | Closing current connection to begin reconnect...
2026-07-23 11:33:14 | INFO    | telethon.network.mtprotosender | Connecting to 149.154.175.50:443/TcpFull...
2026-07-23 11:33:14 | WARNING | telethon.network.connection.connection | Server closed the connection: 0 bytes read on a total of 8 expected bytes
2026-07-23 11:33:14 | INFO    | telethon.network.mtprotosender | Connection closed while receiving data: 0 bytes read on a total of 8 expected bytes
2026-07-23 11:33:14 | INFO    | telethon.network.mtprotosender | Closing current connection to begin reconnect...
2026-07-23 11:33:14 | INFO    | telethon.network.mtprotosender | Connecting to 149.154.175.50:443/TcpFull...
2026-07-23 11:33:14 | INFO    | telethon.network.mtprotosender | Connection to 149.154.175.50:443/TcpFull complete!
2026-07-23 11:33:14 | INFO    | telethon.network.mtprotosender | Connection to 149.154.175.50:443/TcpFull complete!
2026-07-23 11:33:14 | WARNING | telethon.client.updates | Error executing high-level request after reconnect: <class 'telethon.errors.rpcerrorlist.AuthKeyDuplicatedError'>: The authorization key (session file) was used under two different IP addresses simultaneously, and can no longer be used. Use the same session exclusively, or use different sessions (caused by GetUsersRequest)
2026-07-23 11:33:14 | WARNING | telethon.client.updates | Error executing high-level request after reconnect: <class 'telethon.errors.rpcerrorlist.AuthKeyDuplicatedError'>: The authorization key (session file) was used under two different IP addresses simultaneously, and can no longer be used. Use the same session exclusively, or use different sessions (caused by GetUsersRequest)
2026-07-23 11:33:15 | WARNING | telethon.network.connection.connection | Server closed the connection: 0 bytes read on a total of 8 expected bytes
2026-07-23 11:33:15 | INFO    | telethon.network.mtprotosender | Connection closed while receiving data: 0 bytes read on a total of 8 expected bytes
2026-07-23 11:33:15 | INFO    | telethon.network.mtprotosender | Closing current connection to begin reconnect...
2026-07-23 11:33:15 | INFO    | telethon.network.mtprotosender | Connecting to 149.154.175.50:443/TcpFull...
2026-07-23 11:33:15 | WARNING | telethon.network.connection.connection | Server closed the connection: 0 bytes read on a total of 8 expected bytes
2026-07-23 11:33:15 | INFO    | telethon.network.mtprotosender | Connection closed while receiving data: 0 bytes read on a total of 8 expected bytes
2026-07-23 11:33:15 | INFO    | telethon.network.mtprotosender | Closing current connection to begin reconnect...
2026-07-23 11:33:15 | INFO    | telethon.network.mtprotosender | Connecting to 149.154.175.50:443/TcpFull...
2026-07-23 11:33:15 | INFO    | telethon.network.mtprotosender | Connection to 149.154.175.50:443/TcpFull complete!
2026-07-23 11:33:15 | INFO    | telethon.network.mtprotosender | Connection to 149.154.175.50:443/TcpFull complete!
2026-07-23 11:33:15 | WARNING | telethon.client.updates | Error executing high-level request after reconnect: <class 'telethon.errors.rpcerrorlist.AuthKeyDuplicatedError'>: The authorization key (session file) was used under two different IP addresses simultaneously, and can no longer be used. Use the same session exclusively, or use different sessions (caused by GetUsersRequest)
2026-07-23 11:33:15 | WARNING | telethon.client.updates | Error executing high-level request after reconnect: <class 'telethon.errors.rpcerrorlist.AuthKeyDuplicatedError'>: The authorization key (session file) was used under two different IP addresses simultaneously, and can no longer be used. Use the same session exclusively, or use different sessions (caused by GetUsersRequest)
2026-07-23 11:33:58 | INFO    | campaign | Остановка кампании…
2026-07-23 11:34:09 | INFO    | campaign | ■ Кампания завершена (stopped). Через 12ч придёт контроль удаления целевых ботов.
2026-07-23 11:34:09 | INFO    | campaign | Остановка кампании…
2026-07-23 11:34:09 | INFO    | aiogram.dispatcher | Polling stopped
2026-07-23 11:34:09 | ERROR   | aiogram.dispatcher | Failed to fetch updates - TelegramNetworkError: HTTP Client says - ServerDisconnectedError: Server disconnected
2026-07-23 11:34:09 | WARNING | aiogram.dispatcher | Sleep for 1.000000 seconds and try again... (tryings = 0, bot id = 8949896798)
2026-07-23 11:34:09 | WARNING | __main__ | Cannot notify admin 6761476152
2026-07-23 11:34:09 | WARNING | __main__ | Cannot notify admin 6761476152
2026-07-23 11:34:09 | INFO    | aiogram.event | Update id=452969050 is not handled. Duration 163 ms by bot id=8949896798
2026-07-23 11:34:09 | ERROR   | aiogram.event | Cause exception while process update id=452969050 by bot id=8949896798
TelegramNetworkError: HTTP Client says - ServerDisconnectedError: Server disconnected
Traceback (most recent call last):
  File "C:\Users\Professional\AppData\Roaming\Python\Python314\site-packages\aiogram\client\session\aiohttp.py", line 167, in make_request
    async with session.post(
               ~~~~~~~~~~~~^
        url,
        ^^^^
        data=form,
        ^^^^^^^^^^
        timeout=self.timeout if timeout is None else timeout,
        ^^^^^^^^^^^^^^^^^^^^^^^^^^^^^^^^^^^^^^^^^^^^^^^^^^^^^
    ) as resp:
    ^
  File "C:\Users\Professional\AppData\Roaming\Python\Python314\site-packages\aiohttp\client.py", line 1510, in __aenter__
    self._resp: _RetType = await self._coro
                           ^^^^^^^^^^^^^^^^
  File "C:\Users\Professional\AppData\Roaming\Python\Python314\site-packages\aiohttp\client.py", line 779, in _request
    resp = await handler(req)
           ^^^^^^^^^^^^^^^^^^
  File "C:\Users\Professional\AppData\Roaming\Python\Python314\site-packages\aiohttp\client.py", line 757, in _connect_and_send_request
    await resp.start(conn)
  File "C:\Users\Professional\AppData\Roaming\Python\Python314\site-packages\aiohttp\client_reqrep.py", line 539, in start
    message, payload = await protocol.read()  # type: ignore[union-attr]
                       ^^^^^^^^^^^^^^^^^^^^^
  File "C:\Users\Professional\AppData\Roaming\Python\Python314\site-packages\aiohttp\streams.py", line 703, in read
    await self._waiter
aiohttp.client_exceptions.ServerDisconnectedError: Server disconnected

The above exception was the direct cause of the following exception:

Traceback (most recent call last):
  File "C:\Users\Professional\AppData\Roaming\Python\Python314\site-packages\aiogram\dispatcher\dispatcher.py", line 320, in _process_update
    response = await self.feed_update(bot, update, **kwargs)
               ^^^^^^^^^^^^^^^^^^^^^^^^^^^^^^^^^^^^^^^^^^^^^
  File "C:\Users\Professional\AppData\Roaming\Python\Python314\site-packages\aiogram\dispatcher\dispatcher.py", line 164, in feed_update
    response = await self.update.wrap_outer_middleware(
               ^^^^^^^^^^^^^^^^^^^^^^^^^^^^^^^^^^^^^^^^
    ...<7 lines>...
    )
    ^
  File "C:\Users\Professional\AppData\Roaming\Python\Python314\site-packages\aiogram\dispatcher\middlewares\error.py", line 27, in __call__
    return await handler(event, data)
           ^^^^^^^^^^^^^^^^^^^^^^^^^^
  File "C:\Users\Professional\AppData\Roaming\Python\Python314\site-packages\aiogram\dispatcher\middlewares\user_context.py", line 58, in __call__
    return await handler(event, data)
           ^^^^^^^^^^^^^^^^^^^^^^^^^^
  File "C:\Users\Professional\AppData\Roaming\Python\Python314\site-packages\aiogram\fsm\middleware.py", line 43, in __call__
    return await handler(event, data)
           ^^^^^^^^^^^^^^^^^^^^^^^^^^
  File "C:\Users\Professional\AppData\Roaming\Python\Python314\site-packages\aiogram\dispatcher\event\telegram.py", line 126, in trigger
    return await wrapped_inner(event, kwargs)
           ^^^^^^^^^^^^^^^^^^^^^^^^^^^^^^^^^^
  File "C:\Users\Professional\AppData\Roaming\Python\Python314\site-packages\aiogram\dispatcher\event\handler.py", line 71, in call
    return await wrapped()
           ^^^^^^^^^^^^^^^
  File "C:\Users\Professional\AppData\Roaming\Python\Python314\site-packages\aiogram\dispatcher\dispatcher.py", line 283, in _listen_update
    return await self.propagate_event(update_type=update_type, event=event, **kwargs)
           ^^^^^^^^^^^^^^^^^^^^^^^^^^^^^^^^^^^^^^^^^^^^^^^^^^^^^^^^^^^^^^^^^^^^^^^^^^
  File "C:\Users\Professional\AppData\Roaming\Python\Python314\site-packages\aiogram\dispatcher\router.py", line 165, in propagate_event
    return await observer.wrap_outer_middleware(_wrapped, event=event, data=kwargs)
           ^^^^^^^^^^^^^^^^^^^^^^^^^^^^^^^^^^^^^^^^^^^^^^^^^^^^^^^^^^^^^^^^^^^^^^^^
  File "C:\Users\Professional\AppData\Roaming\Python\Python314\site-packages\aiogram\dispatcher\router.py", line 157, in _wrapped
    return await self._propagate_event(
           ^^^^^^^^^^^^^^^^^^^^^^^^^^^^
    ...<4 lines>...
    )
    ^
  File "C:\Users\Professional\AppData\Roaming\Python\Python314\site-packages\aiogram\dispatcher\router.py", line 193, in _propagate_event
    response = await router.propagate_event(update_type=update_type, event=event, **kwargs)
               ^^^^^^^^^^^^^^^^^^^^^^^^^^^^^^^^^^^^^^^^^^^^^^^^^^^^^^^^^^^^^^^^^^^^^^^^^^^^
  File "C:\Users\Professional\AppData\Roaming\Python\Python314\site-packages\aiogram\dispatcher\router.py", line 165, in propagate_event
    return await observer.wrap_outer_middleware(_wrapped, event=event, data=kwargs)
           ^^^^^^^^^^^^^^^^^^^^^^^^^^^^^^^^^^^^^^^^^^^^^^^^^^^^^^^^^^^^^^^^^^^^^^^^
  File "C:\Users\Professional\AppData\Roaming\Python\Python314\site-packages\aiogram\dispatcher\router.py", line 157, in _wrapped
    return await self._propagate_event(
           ^^^^^^^^^^^^^^^^^^^^^^^^^^^^
    ...<4 lines>...
    )
    ^
  File "C:\Users\Professional\AppData\Roaming\Python\Python314\site-packages\aiogram\dispatcher\router.py", line 185, in _propagate_event
    response = await observer.trigger(event, **kwargs)
               ^^^^^^^^^^^^^^^^^^^^^^^^^^^^^^^^^^^^^^^
  File "C:\Users\Professional\AppData\Roaming\Python\Python314\site-packages\aiogram\dispatcher\event\telegram.py", line 126, in trigger
    return await wrapped_inner(event, kwargs)
           ^^^^^^^^^^^^^^^^^^^^^^^^^^^^^^^^^^
  File "C:\Users\Professional\AppData\Roaming\Python\Python314\site-packages\aiogram\dispatcher\event\handler.py", line 71, in call
    return await wrapped()
           ^^^^^^^^^^^^^^^
  File "D:\shit\telegrambot\jalobyBot\bot_handlers.py", line 241, in status_handler
    await send_long(message, "\n".join(lines))
  File "D:\shit\telegrambot\jalobyBot\bot_handlers.py", line 150, in send_long
    await message.answer(text[i : i + chunk])
  File "C:\Users\Professional\AppData\Roaming\Python\Python314\site-packages\aiogram\methods\base.py", line 82, in emit
    return await bot(self)
           ^^^^^^^^^^^^^^^
  File "C:\Users\Professional\AppData\Roaming\Python\Python314\site-packages\aiogram\client\bot.py", line 509, in __call__
    return await self.session(self, method, timeout=request_timeout)
           ^^^^^^^^^^^^^^^^^^^^^^^^^^^^^^^^^^^^^^^^^^^^^^^^^^^^^^^^^
  File "C:\Users\Professional\AppData\Roaming\Python\Python314\site-packages\aiogram\client\session\base.py", line 259, in __call__
    return cast(TelegramType, await middleware(bot, method))
                              ^^^^^^^^^^^^^^^^^^^^^^^^^^^^^
  File "C:\Users\Professional\AppData\Roaming\Python\Python314\site-packages\aiogram\client\session\aiohttp.py", line 176, in make_request
    raise TelegramNetworkError(method=method, message=f"{type(e).__name__}: {e}") from e
aiogram.exceptions.TelegramNetworkError: HTTP Client says - ServerDisconnectedError: Server disconnected
2026-07-23 11:34:09 | INFO    | aiogram.event | Update id=452969048 is not handled. Duration 376 ms by bot id=8949896798
2026-07-23 11:34:09 | ERROR   | aiogram.event | Cause exception while process update id=452969048 by bot id=8949896798
TelegramNetworkError: HTTP Client says - ServerDisconnectedError: Server disconnected
Traceback (most recent call last):
  File "C:\Users\Professional\AppData\Roaming\Python\Python314\site-packages\aiogram\client\session\aiohttp.py", line 167, in make_request
    async with session.post(
               ~~~~~~~~~~~~^
        url,
        ^^^^
        data=form,
        ^^^^^^^^^^
        timeout=self.timeout if timeout is None else timeout,
        ^^^^^^^^^^^^^^^^^^^^^^^^^^^^^^^^^^^^^^^^^^^^^^^^^^^^^
    ) as resp:
    ^
  File "C:\Users\Professional\AppData\Roaming\Python\Python314\site-packages\aiohttp\client.py", line 1510, in __aenter__
    self._resp: _RetType = await self._coro
                           ^^^^^^^^^^^^^^^^
  File "C:\Users\Professional\AppData\Roaming\Python\Python314\site-packages\aiohttp\client.py", line 779, in _request
    resp = await handler(req)
           ^^^^^^^^^^^^^^^^^^
  File "C:\Users\Professional\AppData\Roaming\Python\Python314\site-packages\aiohttp\client.py", line 757, in _connect_and_send_request
    await resp.start(conn)
  File "C:\Users\Professional\AppData\Roaming\Python\Python314\site-packages\aiohttp\client_reqrep.py", line 539, in start
    message, payload = await protocol.read()  # type: ignore[union-attr]
                       ^^^^^^^^^^^^^^^^^^^^^
  File "C:\Users\Professional\AppData\Roaming\Python\Python314\site-packages\aiohttp\streams.py", line 703, in read
    await self._waiter
aiohttp.client_exceptions.ServerDisconnectedError: Server disconnected

The above exception was the direct cause of the following exception:

Traceback (most recent call last):
  File "C:\Users\Professional\AppData\Roaming\Python\Python314\site-packages\aiogram\dispatcher\dispatcher.py", line 320, in _process_update
    response = await self.feed_update(bot, update, **kwargs)
               ^^^^^^^^^^^^^^^^^^^^^^^^^^^^^^^^^^^^^^^^^^^^^
  File "C:\Users\Professional\AppData\Roaming\Python\Python314\site-packages\aiogram\dispatcher\dispatcher.py", line 164, in feed_update
    response = await self.update.wrap_outer_middleware(
               ^^^^^^^^^^^^^^^^^^^^^^^^^^^^^^^^^^^^^^^^
    ...<7 lines>...
    )
    ^
  File "C:\Users\Professional\AppData\Roaming\Python\Python314\site-packages\aiogram\dispatcher\middlewares\error.py", line 27, in __call__
    return await handler(event, data)
           ^^^^^^^^^^^^^^^^^^^^^^^^^^
  File "C:\Users\Professional\AppData\Roaming\Python\Python314\site-packages\aiogram\dispatcher\middlewares\user_context.py", line 58, in __call__
    return await handler(event, data)
           ^^^^^^^^^^^^^^^^^^^^^^^^^^
  File "C:\Users\Professional\AppData\Roaming\Python\Python314\site-packages\aiogram\fsm\middleware.py", line 43, in __call__
    return await handler(event, data)
           ^^^^^^^^^^^^^^^^^^^^^^^^^^
  File "C:\Users\Professional\AppData\Roaming\Python\Python314\site-packages\aiogram\dispatcher\event\telegram.py", line 126, in trigger
    return await wrapped_inner(event, kwargs)
           ^^^^^^^^^^^^^^^^^^^^^^^^^^^^^^^^^^
  File "C:\Users\Professional\AppData\Roaming\Python\Python314\site-packages\aiogram\dispatcher\event\handler.py", line 71, in call
    return await wrapped()
           ^^^^^^^^^^^^^^^
  File "C:\Users\Professional\AppData\Roaming\Python\Python314\site-packages\aiogram\dispatcher\dispatcher.py", line 283, in _listen_update
    return await self.propagate_event(update_type=update_type, event=event, **kwargs)
           ^^^^^^^^^^^^^^^^^^^^^^^^^^^^^^^^^^^^^^^^^^^^^^^^^^^^^^^^^^^^^^^^^^^^^^^^^^
  File "C:\Users\Professional\AppData\Roaming\Python\Python314\site-packages\aiogram\dispatcher\router.py", line 165, in propagate_event
    return await observer.wrap_outer_middleware(_wrapped, event=event, data=kwargs)
           ^^^^^^^^^^^^^^^^^^^^^^^^^^^^^^^^^^^^^^^^^^^^^^^^^^^^^^^^^^^^^^^^^^^^^^^^
  File "C:\Users\Professional\AppData\Roaming\Python\Python314\site-packages\aiogram\dispatcher\router.py", line 157, in _wrapped
    return await self._propagate_event(
           ^^^^^^^^^^^^^^^^^^^^^^^^^^^^
    ...<4 lines>...
    )
    ^
  File "C:\Users\Professional\AppData\Roaming\Python\Python314\site-packages\aiogram\dispatcher\router.py", line 193, in _propagate_event
    response = await router.propagate_event(update_type=update_type, event=event, **kwargs)
               ^^^^^^^^^^^^^^^^^^^^^^^^^^^^^^^^^^^^^^^^^^^^^^^^^^^^^^^^^^^^^^^^^^^^^^^^^^^^
  File "C:\Users\Professional\AppData\Roaming\Python\Python314\site-packages\aiogram\dispatcher\router.py", line 165, in propagate_event
    return await observer.wrap_outer_middleware(_wrapped, event=event, data=kwargs)
           ^^^^^^^^^^^^^^^^^^^^^^^^^^^^^^^^^^^^^^^^^^^^^^^^^^^^^^^^^^^^^^^^^^^^^^^^
  File "C:\Users\Professional\AppData\Roaming\Python\Python314\site-packages\aiogram\dispatcher\router.py", line 157, in _wrapped
    return await self._propagate_event(
           ^^^^^^^^^^^^^^^^^^^^^^^^^^^^
    ...<4 lines>...
    )
    ^
  File "C:\Users\Professional\AppData\Roaming\Python\Python314\site-packages\aiogram\dispatcher\router.py", line 185, in _propagate_event
    response = await observer.trigger(event, **kwargs)
               ^^^^^^^^^^^^^^^^^^^^^^^^^^^^^^^^^^^^^^^
  File "C:\Users\Professional\AppData\Roaming\Python\Python314\site-packages\aiogram\dispatcher\event\telegram.py", line 126, in trigger
    return await wrapped_inner(event, kwargs)
           ^^^^^^^^^^^^^^^^^^^^^^^^^^^^^^^^^^
  File "C:\Users\Professional\AppData\Roaming\Python\Python314\site-packages\aiogram\dispatcher\event\handler.py", line 71, in call
    return await wrapped()
           ^^^^^^^^^^^^^^^
  File "D:\shit\telegrambot\jalobyBot\bot_handlers.py", line 263, in accounts_menu
    await message.answer("Управление аккаунтами (.session):", reply_markup=accounts_kb())
  File "C:\Users\Professional\AppData\Roaming\Python\Python314\site-packages\aiogram\methods\base.py", line 82, in emit
    return await bot(self)
           ^^^^^^^^^^^^^^^
  File "C:\Users\Professional\AppData\Roaming\Python\Python314\site-packages\aiogram\client\bot.py", line 509, in __call__
    return await self.session(self, method, timeout=request_timeout)
           ^^^^^^^^^^^^^^^^^^^^^^^^^^^^^^^^^^^^^^^^^^^^^^^^^^^^^^^^^
  File "C:\Users\Professional\AppData\Roaming\Python\Python314\site-packages\aiogram\client\session\base.py", line 259, in __call__
    return cast(TelegramType, await middleware(bot, method))
                              ^^^^^^^^^^^^^^^^^^^^^^^^^^^^^
  File "C:\Users\Professional\AppData\Roaming\Python\Python314\site-packages\aiogram\client\session\aiohttp.py", line 176, in make_request
    raise TelegramNetworkError(method=method, message=f"{type(e).__name__}: {e}") from e
aiogram.exceptions.TelegramNetworkError: HTTP Client says - ServerDisconnectedError: Server disconnected
2026-07-23 11:34:09 | WARNING | __main__ | Cannot notify admin 8569476923
2026-07-23 11:34:10 | INFO    | campaign | Остановка кампании…
2026-07-23 11:34:10 | WARNING | __main__ | Cannot notify admin 7362573437
2026-07-23 11:34:10 | INFO    | aiogram.event | Update id=452969047 is handled. Duration 12264 ms by bot id=8949896798
2026-07-23 11:34:10 | WARNING | __main__ | Cannot notify admin 7362573437
2026-07-23 11:34:10 | WARNING | __main__ | Cannot notify admin 7362573437
2026-07-23 11:34:10 | INFO    | aiogram.event | Update id=452969049 is handled. Duration 1046 ms by bot id=8949896798
2026-07-23 11:34:10 | WARNING | __main__ | Cannot notify admin 7362573437
2026-07-23 11:34:10 | INFO    | telethon.network.mtprotosender | Disconnecting from 149.154.175.50:443/TcpFull...
2026-07-23 11:34:10 | INFO    | telethon.network.mtprotosender | Disconnection from 149.154.175.50:443/TcpFull complete!
2026-07-23 11:34:10 | INFO    | telethon.network.mtprotosender | Disconnecting from 91.108.56.130:443/TcpFull...
2026-07-23 11:34:10 | INFO    | telethon.network.mtprotosender | Disconnection from 91.108.56.130:443/TcpFull complete!
2026-07-23 11:34:10 | INFO    | telethon.network.mtprotosender | Disconnecting from 91.108.56.130:443/TcpFull...
2026-07-23 11:34:10 | INFO    | telethon.network.mtprotosender | Disconnection from 91.108.56.130:443/TcpFull complete!
2026-07-23 11:34:10 | ERROR   | aiogram.dispatcher | Failed to fetch updates - TelegramNetworkError: HTTP Client says - ServerDisconnectedError: Server disconnected
2026-07-23 11:34:10 | WARNING | aiogram.dispatcher | Sleep for 1.226574 seconds and try again... (tryings = 1, bot id = 8949896798)
2026-07-23 11:34:11 | INFO    | aiogram.dispatcher | Polling stopped for bot @Warningstetestetest_bot id=8949896798 - 'WarningstetestetestBot'
2026-07-23 11:34:16 | INFO    | __main__ | Starting control bot… admins={6761476152, 8569476923, 7362573437}
2026-07-23 11:34:16 | INFO    | aiogram.dispatcher | Start polling
2026-07-23 11:34:16 | INFO    | telethon.network.mtprotosender | Connecting to 149.154.175.50:443/TcpFull...
2026-07-23 11:34:17 | INFO    | telethon.network.mtprotosender | Connection to 149.154.175.50:443/TcpFull complete!
2026-07-23 11:34:17 | INFO    | aiogram.dispatcher | Run polling for bot @Warningstetestetest_bot id=8949896798 - 'WarningstetestetestBot'
2026-07-23 11:34:17 | INFO    | telethon.network.mtprotosender | Connecting to 149.154.175.50:443/TcpFull...
2026-07-23 11:34:17 | INFO    | telethon.network.mtprotosender | Connection to 149.154.175.50:443/TcpFull complete!
2026-07-23 11:34:17 | INFO    | telethon.network.mtprotosender | Connecting to 149.154.175.50:443/TcpFull...
2026-07-23 11:34:17 | INFO    | telethon.network.mtprotosender | Connection to 149.154.175.50:443/TcpFull complete!
2026-07-23 11:34:18 | INFO    | telethon.network.mtprotosender | Connecting to 149.154.175.50:443/TcpFull...
2026-07-23 11:34:18 | INFO    | telethon.network.mtprotosender | Connection to 149.154.175.50:443/TcpFull complete!
2026-07-23 11:34:18 | INFO    | telethon.network.mtprotosender | Connecting to 149.154.175.50:443/TcpFull...
2026-07-23 11:34:18 | INFO    | telethon.network.mtprotosender | Connection to 149.154.175.50:443/TcpFull complete!
2026-07-23 11:34:19 | INFO    | telethon.network.mtprotosender | Connecting to 149.154.175.50:443/TcpFull...
2026-07-23 11:34:19 | INFO    | telethon.network.mtprotosender | Connection to 149.154.175.50:443/TcpFull complete!
2026-07-23 11:34:20 | INFO    | monitor | Target @resellerashabot deleted (Nobody is using this username or the username is unacceptable (caused by ResolveUsernameRequest)) via periodic
2026-07-23 11:34:20 | INFO    | monitor | Target @ciu638drfyejpulsekbot deleted (Nobody is using this username or the username is unacceptable (caused by ResolveUsernameRequest)) via periodic
2026-07-23 11:34:20 | INFO    | monitor | Target @lhtulwtgbot deleted (Nobody is using this username or the username is unacceptable (caused by ResolveUsernameRequest)) via periodic
2026-07-23 11:34:22 | INFO    | monitor | Target @o3kycz9ibot deleted (Nobody is using this username or the username is unacceptable (caused by ResolveUsernameRequest)) via periodic
2026-07-23 11:34:33 | INFO    | aiogram.event | Update id=452969051 is handled. Duration 259 ms by bot id=8949896798
2026-07-23 11:34:35 | INFO    | aiogram.event | Update id=452969052 is handled. Duration 366 ms by bot id=8949896798
2026-07-23 11:34:38 | INFO    | aiogram.event | Update id=452969053 is handled. Duration 169 ms by bot id=8949896798
2026-07-23 11:34:42 | INFO    | aiogram.event | Update id=452969054 is handled. Duration 385 ms by bot id=8949896798
2026-07-23 11:34:44 | INFO    | aiogram.event | Update id=452969055 is handled. Duration 337 ms by bot id=8949896798
2026-07-23 11:34:45 | INFO    | aiogram.event | Update id=452969056 is handled. Duration 360 ms by bot id=8949896798
2026-07-23 11:34:47 | INFO    | aiogram.event | Update id=452969057 is handled. Duration 326 ms by bot id=8949896798
2026-07-23 11:34:48 | INFO    | aiogram.event | Update id=452969058 is handled. Duration 376 ms by bot id=8949896798
2026-07-23 11:34:49 | INFO    | aiogram.event | Update id=452969059 is handled. Duration 325 ms by bot id=8949896798
2026-07-23 11:34:50 | INFO    | aiogram.event | Update id=452969060 is handled. Duration 352 ms by bot id=8949896798
2026-07-23 11:34:52 | INFO    | aiogram.event | Update id=452969061 is handled. Duration 322 ms by bot id=8949896798
2026-07-23 11:34:52 | INFO    | aiogram.event | Update id=452969062 is handled. Duration 350 ms by bot id=8949896798
2026-07-23 11:34:53 | INFO    | aiogram.event | Update id=452969063 is handled. Duration 320 ms by bot id=8949896798
2026-07-23 11:34:53 | INFO    | aiogram.event | Update id=452969064 is handled. Duration 363 ms by bot id=8949896798
2026-07-23 11:34:54 | INFO    | aiogram.event | Update id=452969065 is handled. Duration 456 ms by bot id=8949896798
2026-07-23 11:34:54 | INFO    | aiogram.event | Update id=452969066 is handled. Duration 342 ms by bot id=8949896798
2026-07-23 11:34:58 | INFO    | aiogram.event | Update id=452969067 is handled. Duration 331 ms by bot id=8949896798
2026-07-23 11:34:58 | INFO    | aiogram.event | Update id=452969068 is handled. Duration 360 ms by bot id=8949896798
2026-07-23 11:34:59 | INFO    | aiogram.event | Update id=452969069 is handled. Duration 351 ms by bot id=8949896798
2026-07-23 11:35:00 | INFO    | aiogram.event | Update id=452969070 is handled. Duration 417 ms by bot id=8949896798
2026-07-23 11:35:02 | INFO    | aiogram.event | Update id=452969071 is handled. Duration 352 ms by bot id=8949896798
2026-07-23 11:35:03 | INFO    | aiogram.event | Update id=452969072 is handled. Duration 341 ms by bot id=8949896798
2026-07-23 11:35:10 | INFO    | aiogram.event | Update id=452969073 is handled. Duration 166 ms by bot id=8949896798
2026-07-23 11:35:15 | INFO    | telethon.network.mtprotosender | Connecting to 149.154.175.50:443/TcpFull...
2026-07-23 11:35:15 | INFO    | telethon.network.mtprotosender | Connection to 149.154.175.50:443/TcpFull complete!
2026-07-23 11:35:16 | ERROR   | accounts | refresh_account 15173340266 failed
Traceback (most recent call last):
  File "D:\shit\telegrambot\jalobyBot\accounts.py", line 365, in refresh_account
    client = await self.get_client(account_id)
             ^^^^^^^^^^^^^^^^^^^^^^^^^^^^^^^^^
  File "D:\shit\telegrambot\jalobyBot\accounts.py", line 336, in get_client
    await client.connect()
  File "C:\Users\Professional\AppData\Roaming\Python\Python314\site-packages\telethon\client\telegrambaseclient.py", line 611, in connect
    await self._sender.send(functions.InvokeWithLayerRequest(LAYER, req))
telethon.errors.rpcerrorlist.AuthKeyDuplicatedError: The authorization key (session file) was used under two different IP addresses simultaneously, and can no longer be used. Use the same session exclusively, or use different sessions (caused by InvokeWithLayerRequest(InitConnectionRequest(GetConfigRequest)))
2026-07-23 11:35:16 | INFO    | telethon.network.mtprotosender | Connecting to 149.154.175.50:443/TcpFull...
2026-07-23 11:35:16 | INFO    | telethon.network.mtprotosender | Connection to 149.154.175.50:443/TcpFull complete!
2026-07-23 11:35:16 | ERROR   | accounts | refresh_account 12534345346 failed
Traceback (most recent call last):
  File "D:\shit\telegrambot\jalobyBot\accounts.py", line 365, in refresh_account
    client = await self.get_client(account_id)
             ^^^^^^^^^^^^^^^^^^^^^^^^^^^^^^^^^
  File "D:\shit\telegrambot\jalobyBot\accounts.py", line 336, in get_client
    await client.connect()
  File "C:\Users\Professional\AppData\Roaming\Python\Python314\site-packages\telethon\client\telegrambaseclient.py", line 611, in connect
    await self._sender.send(functions.InvokeWithLayerRequest(LAYER, req))
telethon.errors.rpcerrorlist.AuthKeyDuplicatedError: The authorization key (session file) was used under two different IP addresses simultaneously, and can no longer be used. Use the same session exclusively, or use different sessions (caused by InvokeWithLayerRequest(InitConnectionRequest(GetConfigRequest)))
2026-07-23 11:35:16 | INFO    | telethon.network.mtprotosender | Connecting to 149.154.175.50:443/TcpFull...
2026-07-23 11:35:16 | INFO    | telethon.network.mtprotosender | Connection to 149.154.175.50:443/TcpFull complete!
2026-07-23 11:35:17 | ERROR   | accounts | refresh_account 17178690413 failed
Traceback (most recent call last):
  File "D:\shit\telegrambot\jalobyBot\accounts.py", line 365, in refresh_account
    client = await self.get_client(account_id)
             ^^^^^^^^^^^^^^^^^^^^^^^^^^^^^^^^^
  File "D:\shit\telegrambot\jalobyBot\accounts.py", line 336, in get_client
    await client.connect()
  File "C:\Users\Professional\AppData\Roaming\Python\Python314\site-packages\telethon\client\telegrambaseclient.py", line 611, in connect
    await self._sender.send(functions.InvokeWithLayerRequest(LAYER, req))
telethon.errors.rpcerrorlist.AuthKeyDuplicatedError: The authorization key (session file) was used under two different IP addresses simultaneously, and can no longer be used. Use the same session exclusively, or use different sessions (caused by InvokeWithLayerRequest(InitConnectionRequest(GetConfigRequest)))
2026-07-23 11:35:17 | INFO    | telethon.network.mtprotosender | Connecting to 149.154.175.50:443/TcpFull...
2026-07-23 11:35:17 | INFO    | telethon.network.mtprotosender | Connection to 149.154.175.50:443/TcpFull complete!
2026-07-23 11:35:17 | ERROR   | accounts | refresh_account 17245666680 failed
Traceback (most recent call last):
  File "D:\shit\telegrambot\jalobyBot\accounts.py", line 365, in refresh_account
    client = await self.get_client(account_id)
             ^^^^^^^^^^^^^^^^^^^^^^^^^^^^^^^^^
  File "D:\shit\telegrambot\jalobyBot\accounts.py", line 336, in get_client
    await client.connect()
  File "C:\Users\Professional\AppData\Roaming\Python\Python314\site-packages\telethon\client\telegrambaseclient.py", line 611, in connect
    await self._sender.send(functions.InvokeWithLayerRequest(LAYER, req))
telethon.errors.rpcerrorlist.AuthKeyDuplicatedError: The authorization key (session file) was used under two different IP addresses simultaneously, and can no longer be used. Use the same session exclusively, or use different sessions (caused by InvokeWithLayerRequest(InitConnectionRequest(GetConfigRequest)))
2026-07-23 11:35:17 | INFO    | telethon.network.mtprotosender | Connecting to 149.154.175.50:443/TcpFull...
2026-07-23 11:35:17 | INFO    | telethon.network.mtprotosender | Connection to 149.154.175.50:443/TcpFull complete!
2026-07-23 11:35:18 | ERROR   | accounts | refresh_account 12526856301 failed
Traceback (most recent call last):
  File "D:\shit\telegrambot\jalobyBot\accounts.py", line 365, in refresh_account
    client = await self.get_client(account_id)
             ^^^^^^^^^^^^^^^^^^^^^^^^^^^^^^^^^
  File "D:\shit\telegrambot\jalobyBot\accounts.py", line 336, in get_client
    await client.connect()
  File "C:\Users\Professional\AppData\Roaming\Python\Python314\site-packages\telethon\client\telegrambaseclient.py", line 611, in connect
    await self._sender.send(functions.InvokeWithLayerRequest(LAYER, req))
telethon.errors.rpcerrorlist.AuthKeyDuplicatedError: The authorization key (session file) was used under two different IP addresses simultaneously, and can no longer be used. Use the same session exclusively, or use different sessions (caused by InvokeWithLayerRequest(InitConnectionRequest(GetConfigRequest)))
2026-07-23 11:35:20 | INFO    | telethon.network.mtprotosender | Connecting to 149.154.175.50:443/TcpFull...
2026-07-23 11:35:20 | INFO    | telethon.network.mtprotosender | Connection to 149.154.175.50:443/TcpFull complete!
2026-07-23 11:35:20 | ERROR   | accounts | refresh_account 14176986520 failed
Traceback (most recent call last):
  File "D:\shit\telegrambot\jalobyBot\accounts.py", line 365, in refresh_account
    client = await self.get_client(account_id)
             ^^^^^^^^^^^^^^^^^^^^^^^^^^^^^^^^^
  File "D:\shit\telegrambot\jalobyBot\accounts.py", line 336, in get_client
    await client.connect()
  File "C:\Users\Professional\AppData\Roaming\Python\Python314\site-packages\telethon\client\telegrambaseclient.py", line 611, in connect
    await self._sender.send(functions.InvokeWithLayerRequest(LAYER, req))
telethon.errors.rpcerrorlist.AuthKeyDuplicatedError: The authorization key (session file) was used under two different IP addresses simultaneously, and can no longer be used. Use the same session exclusively, or use different sessions (caused by InvokeWithLayerRequest(InitConnectionRequest(GetConfigRequest)))
2026-07-23 11:35:20 | INFO    | telethon.network.mtprotosender | Connecting to 149.154.175.50:443/TcpFull...
2026-07-23 11:35:20 | INFO    | telethon.network.mtprotosender | Connection to 149.154.175.50:443/TcpFull complete!
2026-07-23 11:35:21 | ERROR   | accounts | refresh_account 16187031034 failed
Traceback (most recent call last):
  File "D:\shit\telegrambot\jalobyBot\accounts.py", line 365, in refresh_account
    client = await self.get_client(account_id)
             ^^^^^^^^^^^^^^^^^^^^^^^^^^^^^^^^^
  File "D:\shit\telegrambot\jalobyBot\accounts.py", line 336, in get_client
    await client.connect()
  File "C:\Users\Professional\AppData\Roaming\Python\Python314\site-packages\telethon\client\telegrambaseclient.py", line 611, in connect
    await self._sender.send(functions.InvokeWithLayerRequest(LAYER, req))
telethon.errors.rpcerrorlist.AuthKeyDuplicatedError: The authorization key (session file) was used under two different IP addresses simultaneously, and can no longer be used. Use the same session exclusively, or use different sessions (caused by InvokeWithLayerRequest(InitConnectionRequest(GetConfigRequest)))
2026-07-23 11:35:21 | INFO    | telethon.network.mtprotosender | Connecting to 91.108.56.130:443/TcpFull...
2026-07-23 11:35:21 | INFO    | telethon.network.mtprotosender | Connection to 91.108.56.130:443/TcpFull complete!
2026-07-23 11:35:24 | INFO    | telethon.network.mtprotosender | Connecting to 91.108.56.130:443/TcpFull...
2026-07-23 11:35:27 | INFO    | telethon.network.mtprotosender | Connection to 91.108.56.130:443/TcpFull complete!
2026-07-23 11:35:31 | INFO    | aiogram.event | Update id=452969074 is handled. Duration 15530 ms by bot id=8949896798
2026-07-23 11:35:49 | WARNING | telethon.network.connection.connection | Server closed the connection: 0 bytes read on a total of 8 expected bytes
2026-07-23 11:35:49 | INFO    | telethon.network.mtprotosender | Connection closed while receiving data: 0 bytes read on a total of 8 expected bytes
2026-07-23 11:35:49 | INFO    | telethon.network.mtprotosender | Closing current connection to begin reconnect...
2026-07-23 11:35:49 | WARNING | telethon.network.connection.connection | Server closed the connection: 0 bytes read on a total of 8 expected bytes
2026-07-23 11:35:49 | INFO    | telethon.network.mtprotosender | Connection closed while receiving data: 0 bytes read on a total of 8 expected bytes
2026-07-23 11:35:49 | INFO    | telethon.network.mtprotosender | Connecting to 149.154.175.50:443/TcpFull...
2026-07-23 11:35:49 | INFO    | telethon.network.mtprotosender | Closing current connection to begin reconnect...
2026-07-23 11:35:49 | INFO    | telethon.network.mtprotosender | Connecting to 149.154.175.50:443/TcpFull...
2026-07-23 11:35:49 | INFO    | telethon.network.mtprotosender | Connection to 149.154.175.50:443/TcpFull complete!
2026-07-23 11:35:49 | INFO    | telethon.network.mtprotosender | Connection to 149.154.175.50:443/TcpFull complete!
2026-07-23 11:35:49 | WARNING | telethon.client.updates | Error executing high-level request after reconnect: <class 'telethon.errors.rpcerrorlist.AuthKeyDuplicatedError'>: The authorization key (session file) was used under two different IP addresses simultaneously, and can no longer be used. Use the same session exclusively, or use different sessions (caused by GetUsersRequest)
2026-07-23 11:35:49 | WARNING | telethon.client.updates | Error executing high-level request after reconnect: <class 'telethon.errors.rpcerrorlist.AuthKeyDuplicatedError'>: The authorization key (session file) was used under two different IP addresses simultaneously, and can no longer be used. Use the same session exclusively, or use different sessions (caused by GetUsersRequest)
2026-07-23 11:35:50 | WARNING | telethon.network.connection.connection | Server closed the connection: 0 bytes read on a total of 8 expected bytes
2026-07-23 11:35:50 | INFO    | telethon.network.mtprotosender | Connection closed while receiving data: 0 bytes read on a total of 8 expected bytes
2026-07-23 11:35:50 | INFO    | telethon.network.mtprotosender | Closing current connection to begin reconnect...
2026-07-23 11:35:50 | INFO    | telethon.network.mtprotosender | Connecting to 149.154.175.50:443/TcpFull...
2026-07-23 11:35:50 | WARNING | telethon.network.connection.connection | Server closed the connection: 0 bytes read on a total of 8 expected bytes
2026-07-23 11:35:50 | INFO    | telethon.network.mtprotosender | Connection closed while receiving data: 0 bytes read on a total of 8 expected bytes
2026-07-23 11:35:50 | INFO    | telethon.network.mtprotosender | Closing current connection to begin reconnect...
2026-07-23 11:35:50 | INFO    | telethon.network.mtprotosender | Connecting to 149.154.175.50:443/TcpFull...
2026-07-23 11:35:50 | INFO    | telethon.network.mtprotosender | Connection to 149.154.175.50:443/TcpFull complete!
2026-07-23 11:35:50 | INFO    | telethon.network.mtprotosender | Connection to 149.154.175.50:443/TcpFull complete!
2026-07-23 11:35:50 | WARNING | telethon.client.updates | Error executing high-level request after reconnect: <class 'telethon.errors.rpcerrorlist.AuthKeyDuplicatedError'>: The authorization key (session file) was used under two different IP addresses simultaneously, and can no longer be used. Use the same session exclusively, or use different sessions (caused by GetUsersRequest)
2026-07-23 11:35:50 | WARNING | telethon.client.updates | Error executing high-level request after reconnect: <class 'telethon.errors.rpcerrorlist.AuthKeyDuplicatedError'>: The authorization key (session file) was used under two different IP addresses simultaneously, and can no longer be used. Use the same session exclusively, or use different sessions (caused by GetUsersRequest)
2026-07-23 11:35:51 | WARNING | telethon.network.connection.connection | Server closed the connection: 0 bytes read on a total of 8 expected bytes
2026-07-23 11:35:51 | INFO    | telethon.network.mtprotosender | Connection closed while receiving data: 0 bytes read on a total of 8 expected bytes
2026-07-23 11:35:51 | INFO    | telethon.network.mtprotosender | Closing current connection to begin reconnect...
2026-07-23 11:35:51 | INFO    | telethon.network.mtprotosender | Connecting to 149.154.175.50:443/TcpFull...
2026-07-23 11:35:51 | INFO    | telethon.network.mtprotosender | Connection to 149.154.175.50:443/TcpFull complete!
2026-07-23 11:35:51 | WARNING | telethon.client.updates | Error executing high-level request after reconnect: <class 'telethon.errors.rpcerrorlist.AuthKeyDuplicatedError'>: The authorization key (session file) was used under two different IP addresses simultaneously, and can no longer be used. Use the same session exclusively, or use different sessions (caused by GetUsersRequest)
2026-07-23 11:36:48 | WARNING | telethon.network.connection.connection | Server closed the connection: 0 bytes read on a total of 8 expected bytes
2026-07-23 11:36:48 | INFO    | telethon.network.mtprotosender | Connection closed while receiving data: 0 bytes read on a total of 8 expected bytes
2026-07-23 11:36:48 | INFO    | telethon.network.mtprotosender | Closing current connection to begin reconnect...
2026-07-23 11:36:48 | INFO    | telethon.network.mtprotosender | Connecting to 149.154.175.50:443/TcpFull...
2026-07-23 11:36:48 | WARNING | telethon.network.connection.connection | Server closed the connection: 0 bytes read on a total of 8 expected bytes
2026-07-23 11:36:48 | INFO    | telethon.network.mtprotosender | Connection closed while receiving data: 0 bytes read on a total of 8 expected bytes
2026-07-23 11:36:48 | INFO    | telethon.network.mtprotosender | Closing current connection to begin reconnect...
2026-07-23 11:36:48 | INFO    | telethon.network.mtprotosender | Connecting to 149.154.175.50:443/TcpFull...
2026-07-23 11:36:48 | WARNING | telethon.network.connection.connection | Server closed the connection: 0 bytes read on a total of 8 expected bytes
2026-07-23 11:36:48 | INFO    | telethon.network.mtprotosender | Connection closed while receiving data: 0 bytes read on a total of 8 expected bytes
2026-07-23 11:36:48 | INFO    | telethon.network.mtprotosender | Closing current connection to begin reconnect...
2026-07-23 11:36:48 | INFO    | telethon.network.mtprotosender | Connecting to 149.154.175.50:443/TcpFull...
2026-07-23 11:36:48 | INFO    | telethon.network.mtprotosender | Connection to 149.154.175.50:443/TcpFull complete!
2026-07-23 11:36:48 | INFO    | telethon.network.mtprotosender | Connection to 149.154.175.50:443/TcpFull complete!
2026-07-23 11:36:48 | INFO    | telethon.network.mtprotosender | Connection to 149.154.175.50:443/TcpFull complete!
2026-07-23 11:36:48 | WARNING | telethon.client.updates | Error executing high-level request after reconnect: <class 'telethon.errors.rpcerrorlist.AuthKeyDuplicatedError'>: The authorization key (session file) was used under two different IP addresses simultaneously, and can no longer be used. Use the same session exclusively, or use different sessions (caused by GetUsersRequest)
2026-07-23 11:36:48 | WARNING | telethon.client.updates | Error executing high-level request after reconnect: <class 'telethon.errors.rpcerrorlist.AuthKeyDuplicatedError'>: The authorization key (session file) was used under two different IP addresses simultaneously, and can no longer be used. Use the same session exclusively, or use different sessions (caused by GetUsersRequest)
2026-07-23 11:36:48 | WARNING | telethon.client.updates | Error executing high-level request after reconnect: <class 'telethon.errors.rpcerrorlist.AuthKeyDuplicatedError'>: The authorization key (session file) was used under two different IP addresses simultaneously, and can no longer be used. Use the same session exclusively, or use different sessions (caused by GetUsersRequest)
2026-07-23 11:36:49 | WARNING | telethon.network.connection.connection | Server closed the connection: 0 bytes read on a total of 8 expected bytes
2026-07-23 11:36:49 | INFO    | telethon.network.mtprotosender | Connection closed while receiving data: 0 bytes read on a total of 8 expected bytes
2026-07-23 11:36:49 | INFO    | telethon.network.mtprotosender | Closing current connection to begin reconnect...
2026-07-23 11:36:49 | INFO    | telethon.network.mtprotosender | Connecting to 149.154.175.50:443/TcpFull...
2026-07-23 11:36:49 | WARNING | telethon.network.connection.connection | Server closed the connection: 0 bytes read on a total of 8 expected bytes
2026-07-23 11:36:49 | INFO    | telethon.network.mtprotosender | Connection closed while receiving data: 0 bytes read on a total of 8 expected bytes
2026-07-23 11:36:49 | INFO    | telethon.network.mtprotosender | Closing current connection to begin reconnect...
2026-07-23 11:36:49 | INFO    | telethon.network.mtprotosender | Connecting to 149.154.175.50:443/TcpFull...
2026-07-23 11:36:49 | INFO    | telethon.network.mtprotosender | Connection to 149.154.175.50:443/TcpFull complete!
2026-07-23 11:36:49 | INFO    | telethon.network.mtprotosender | Connection to 149.154.175.50:443/TcpFull complete!
2026-07-23 11:36:49 | WARNING | telethon.client.updates | Error executing high-level request after reconnect: <class 'telethon.errors.rpcerrorlist.AuthKeyDuplicatedError'>: The authorization key (session file) was used under two different IP addresses simultaneously, and can no longer be used. Use the same session exclusively, or use different sessions (caused by GetUsersRequest)
2026-07-23 11:36:49 | WARNING | telethon.client.updates | Error executing high-level request after reconnect: <class 'telethon.errors.rpcerrorlist.AuthKeyDuplicatedError'>: The authorization key (session file) was used under two different IP addresses simultaneously, and can no longer be used. Use the same session exclusively, or use different sessions (caused by GetUsersRequest)
2026-07-23 11:36:52 | WARNING | telethon.network.connection.connection | Server closed the connection: 0 bytes read on a total of 8 expected bytes
2026-07-23 11:36:52 | INFO    | telethon.network.mtprotosender | Connection closed while receiving data: 0 bytes read on a total of 8 expected bytes
2026-07-23 11:36:52 | INFO    | telethon.network.mtprotosender | Closing current connection to begin reconnect...
2026-07-23 11:36:52 | INFO    | telethon.network.mtprotosender | Connecting to 149.154.175.50:443/TcpFull...
2026-07-23 11:36:52 | INFO    | telethon.network.mtprotosender | Connection to 149.154.175.50:443/TcpFull complete!
2026-07-23 11:36:52 | WARNING | telethon.client.updates | Error executing high-level request after reconnect: <class 'telethon.errors.rpcerrorlist.AuthKeyDuplicatedError'>: The authorization key (session file) was used under two different IP addresses simultaneously, and can no longer be used. Use the same session exclusively, or use different sessions (caused by GetUsersRequest)
2026-07-23 11:36:53 | WARNING | telethon.network.connection.connection | Server closed the connection: 0 bytes read on a total of 8 expected bytes
2026-07-23 11:36:53 | INFO    | telethon.network.mtprotosender | Connection closed while receiving data: 0 bytes read on a total of 8 expected bytes
2026-07-23 11:36:53 | INFO    | telethon.network.mtprotosender | Closing current connection to begin reconnect...
2026-07-23 11:36:53 | INFO    | telethon.network.mtprotosender | Connecting to 149.154.175.50:443/TcpFull...
2026-07-23 11:36:53 | INFO    | telethon.network.mtprotosender | Connection to 149.154.175.50:443/TcpFull complete!
2026-07-23 11:36:53 | WARNING | telethon.client.updates | Error executing high-level request after reconnect: <class 'telethon.errors.rpcerrorlist.AuthKeyDuplicatedError'>: The authorization key (session file) was used under two different IP addresses simultaneously, and can no longer be used. Use the same session exclusively, or use different sessions (caused by GetUsersRequest)
2026-07-23 11:37:21 | WARNING | telethon.network.connection.connection | Server closed the connection: 0 bytes read on a total of 8 expected bytes
2026-07-23 11:37:21 | INFO    | telethon.network.mtprotosender | Connection closed while receiving data: 0 bytes read on a total of 8 expected bytes
2026-07-23 11:37:21 | INFO    | telethon.network.mtprotosender | Closing current connection to begin reconnect...
2026-07-23 11:37:21 | WARNING | telethon.network.connection.connection | Server closed the connection: 0 bytes read on a total of 8 expected bytes
2026-07-23 11:37:21 | INFO    | telethon.network.mtprotosender | Connecting to 149.154.175.50:443/TcpFull...
2026-07-23 11:37:21 | INFO    | telethon.network.mtprotosender | Connection closed while receiving data: 0 bytes read on a total of 8 expected bytes
2026-07-23 11:37:21 | INFO    | telethon.network.mtprotosender | Closing current connection to begin reconnect...
2026-07-23 11:37:21 | INFO    | telethon.network.mtprotosender | Connecting to 149.154.175.50:443/TcpFull...
2026-07-23 11:37:21 | INFO    | telethon.network.mtprotosender | Connection to 149.154.175.50:443/TcpFull complete!
2026-07-23 11:37:21 | INFO    | telethon.network.mtprotosender | Connection to 149.154.175.50:443/TcpFull complete!
2026-07-23 11:37:21 | WARNING | telethon.client.updates | Error executing high-level request after reconnect: <class 'telethon.errors.rpcerrorlist.AuthKeyDuplicatedError'>: The authorization key (session file) was used under two different IP addresses simultaneously, and can no longer be used. Use the same session exclusively, or use different sessions (caused by GetUsersRequest)
2026-07-23 11:37:21 | WARNING | telethon.client.updates | Error executing high-level request after reconnect: <class 'telethon.errors.rpcerrorlist.AuthKeyDuplicatedError'>: The authorization key (session file) was used under two different IP addresses simultaneously, and can no longer be used. Use the same session exclusively, or use different sessions (caused by GetUsersRequest)
2026-07-23 11:37:22 | WARNING | telethon.network.connection.connection | Server closed the connection: 0 bytes read on a total of 8 expected bytes
2026-07-23 11:37:22 | WARNING | telethon.network.connection.connection | Server closed the connection: 0 bytes read on a total of 8 expected bytes
2026-07-23 11:37:22 | INFO    | telethon.network.mtprotosender | Connection closed while receiving data: 0 bytes read on a total of 8 expected bytes
2026-07-23 11:37:22 | INFO    | telethon.network.mtprotosender | Connection closed while receiving data: 0 bytes read on a total of 8 expected bytes
2026-07-23 11:37:22 | INFO    | telethon.network.mtprotosender | Closing current connection to begin reconnect...
2026-07-23 11:37:22 | INFO    | telethon.network.mtprotosender | Closing current connection to begin reconnect...
2026-07-23 11:37:22 | INFO    | telethon.network.mtprotosender | Connecting to 149.154.175.50:443/TcpFull...
2026-07-23 11:37:22 | INFO    | telethon.network.mtprotosender | Connecting to 149.154.175.50:443/TcpFull...
2026-07-23 11:37:22 | INFO    | telethon.network.mtprotosender | Connection to 149.154.175.50:443/TcpFull complete!
2026-07-23 11:37:22 | INFO    | telethon.network.mtprotosender | Connection to 149.154.175.50:443/TcpFull complete!
2026-07-23 11:37:22 | WARNING | telethon.client.updates | Error executing high-level request after reconnect: <class 'telethon.errors.rpcerrorlist.AuthKeyDuplicatedError'>: The authorization key (session file) was used under two different IP addresses simultaneously, and can no longer be used. Use the same session exclusively, or use different sessions (caused by GetUsersRequest)
2026-07-23 11:37:22 | WARNING | telethon.client.updates | Error executing high-level request after reconnect: <class 'telethon.errors.rpcerrorlist.AuthKeyDuplicatedError'>: The authorization key (session file) was used under two different IP addresses simultaneously, and can no longer be used. Use the same session exclusively, or use different sessions (caused by GetUsersRequest)
2026-07-23 11:37:23 | WARNING | telethon.network.connection.connection | Server closed the connection: 0 bytes read on a total of 8 expected bytes
2026-07-23 11:37:23 | INFO    | telethon.network.mtprotosender | Connection closed while receiving data: 0 bytes read on a total of 8 expected bytes
2026-07-23 11:37:23 | INFO    | telethon.network.mtprotosender | Closing current connection to begin reconnect...
2026-07-23 11:37:23 | INFO    | telethon.network.mtprotosender | Connecting to 149.154.175.50:443/TcpFull...
2026-07-23 11:37:23 | INFO    | telethon.network.mtprotosender | Connection to 149.154.175.50:443/TcpFull complete!
2026-07-23 11:37:23 | WARNING | telethon.client.updates | Error executing high-level request after reconnect: <class 'telethon.errors.rpcerrorlist.AuthKeyDuplicatedError'>: The authorization key (session file) was used under two different IP addresses simultaneously, and can no longer be used. Use the same session exclusively, or use different sessions (caused by GetUsersRequest)
2026-07-23 11:38:20 | WARNING | telethon.network.connection.connection | Server closed the connection: 0 bytes read on a total of 8 expected bytes
2026-07-23 11:38:20 | INFO    | telethon.network.mtprotosender | Connection closed while receiving data: 0 bytes read on a total of 8 expected bytes
2026-07-23 11:38:20 | INFO    | telethon.network.mtprotosender | Closing current connection to begin reconnect...
2026-07-23 11:38:20 | INFO    | telethon.network.mtprotosender | Connecting to 149.154.175.50:443/TcpFull...
2026-07-23 11:38:20 | WARNING | telethon.network.connection.connection | Server closed the connection: 0 bytes read on a total of 8 expected bytes
2026-07-23 11:38:20 | INFO    | telethon.network.mtprotosender | Connection closed while receiving data: 0 bytes read on a total of 8 expected bytes
2026-07-23 11:38:20 | INFO    | telethon.network.mtprotosender | Closing current connection to begin reconnect...
2026-07-23 11:38:20 | INFO    | telethon.network.mtprotosender | Connecting to 149.154.175.50:443/TcpFull...
2026-07-23 11:38:20 | WARNING | telethon.network.connection.connection | Server closed the connection: 0 bytes read on a total of 8 expected bytes
2026-07-23 11:38:20 | INFO    | telethon.network.mtprotosender | Connection closed while receiving data: 0 bytes read on a total of 8 expected bytes
2026-07-23 11:38:20 | INFO    | telethon.network.mtprotosender | Closing current connection to begin reconnect...
2026-07-23 11:38:20 | INFO    | telethon.network.mtprotosender | Connecting to 149.154.175.50:443/TcpFull...
2026-07-23 11:38:20 | INFO    | telethon.network.mtprotosender | Connection to 149.154.175.50:443/TcpFull complete!
2026-07-23 11:38:20 | INFO    | telethon.network.mtprotosender | Connection to 149.154.175.50:443/TcpFull complete!
2026-07-23 11:38:20 | INFO    | telethon.network.mtprotosender | Connection to 149.154.175.50:443/TcpFull complete!
2026-07-23 11:38:20 | WARNING | telethon.client.updates | Error executing high-level request after reconnect: <class 'telethon.errors.rpcerrorlist.AuthKeyDuplicatedError'>: The authorization key (session file) was used under two different IP addresses simultaneously, and can no longer be used. Use the same session exclusively, or use different sessions (caused by GetUsersRequest)
2026-07-23 11:38:20 | WARNING | telethon.client.updates | Error executing high-level request after reconnect: <class 'telethon.errors.rpcerrorlist.AuthKeyDuplicatedError'>: The authorization key (session file) was used under two different IP addresses simultaneously, and can no longer be used. Use the same session exclusively, or use different sessions (caused by GetUsersRequest)
2026-07-23 11:38:20 | WARNING | telethon.client.updates | Error executing high-level request after reconnect: <class 'telethon.errors.rpcerrorlist.AuthKeyDuplicatedError'>: The authorization key (session file) was used under two different IP addresses simultaneously, and can no longer be used. Use the same session exclusively, or use different sessions (caused by GetUsersRequest)
2026-07-23 11:38:21 | WARNING | telethon.network.connection.connection | Server closed the connection: 0 bytes read on a total of 8 expected bytes
2026-07-23 11:38:21 | INFO    | telethon.network.mtprotosender | Connection closed while receiving data: 0 bytes read on a total of 8 expected bytes
2026-07-23 11:38:21 | INFO    | telethon.network.mtprotosender | Closing current connection to begin reconnect...
2026-07-23 11:38:21 | INFO    | telethon.network.mtprotosender | Connecting to 149.154.175.50:443/TcpFull...
2026-07-23 11:38:21 | WARNING | telethon.network.connection.connection | Server closed the connection: 0 bytes read on a total of 8 expected bytes
2026-07-23 11:38:21 | INFO    | telethon.network.mtprotosender | Connection closed while receiving data: 0 bytes read on a total of 8 expected bytes
2026-07-23 11:38:21 | INFO    | telethon.network.mtprotosender | Closing current connection to begin reconnect...
2026-07-23 11:38:21 | INFO    | telethon.network.mtprotosender | Connecting to 149.154.175.50:443/TcpFull...
2026-07-23 11:38:21 | INFO    | telethon.network.mtprotosender | Connection to 149.154.175.50:443/TcpFull complete!
2026-07-23 11:38:21 | INFO    | telethon.network.mtprotosender | Connection to 149.154.175.50:443/TcpFull complete!
2026-07-23 11:38:21 | WARNING | telethon.client.updates | Error executing high-level request after reconnect: <class 'telethon.errors.rpcerrorlist.AuthKeyDuplicatedError'>: The authorization key (session file) was used under two different IP addresses simultaneously, and can no longer be used. Use the same session exclusively, or use different sessions (caused by GetUsersRequest)
2026-07-23 11:38:21 | WARNING | telethon.client.updates | Error executing high-level request after reconnect: <class 'telethon.errors.rpcerrorlist.AuthKeyDuplicatedError'>: The authorization key (session file) was used under two different IP addresses simultaneously, and can no longer be used. Use the same session exclusively, or use different sessions (caused by GetUsersRequest)
2026-07-23 11:38:24 | WARNING | telethon.network.connection.connection | Server closed the connection: 0 bytes read on a total of 8 expected bytes
2026-07-23 11:38:24 | INFO    | telethon.network.mtprotosender | Connection closed while receiving data: 0 bytes read on a total of 8 expected bytes
2026-07-23 11:38:24 | INFO    | telethon.network.mtprotosender | Closing current connection to begin reconnect...
2026-07-23 11:38:24 | INFO    | telethon.network.mtprotosender | Connecting to 149.154.175.50:443/TcpFull...
2026-07-23 11:38:24 | INFO    | telethon.network.mtprotosender | Connection to 149.154.175.50:443/TcpFull complete!
2026-07-23 11:38:24 | WARNING | telethon.client.updates | Error executing high-level request after reconnect: <class 'telethon.errors.rpcerrorlist.AuthKeyDuplicatedError'>: The authorization key (session file) was used under two different IP addresses simultaneously, and can no longer be used. Use the same session exclusively, or use different sessions (caused by GetUsersRequest)
2026-07-23 11:38:25 | WARNING | telethon.network.connection.connection | Server closed the connection: 0 bytes read on a total of 8 expected bytes
2026-07-23 11:38:25 | INFO    | telethon.network.mtprotosender | Connection closed while receiving data: 0 bytes read on a total of 8 expected bytes
2026-07-23 11:38:25 | INFO    | telethon.network.mtprotosender | Closing current connection to begin reconnect...
2026-07-23 11:38:25 | INFO    | telethon.network.mtprotosender | Connecting to 149.154.175.50:443/TcpFull...
2026-07-23 11:38:25 | INFO    | telethon.network.mtprotosender | Connection to 149.154.175.50:443/TcpFull complete!
2026-07-23 11:38:25 | WARNING | telethon.client.updates | Error executing high-level request after reconnect: <class 'telethon.errors.rpcerrorlist.AuthKeyDuplicatedError'>: The authorization key (session file) was used under two different IP addresses simultaneously, and can no longer be used. Use the same session exclusively, or use different sessions (caused by GetUsersRequest)
2026-07-23 11:38:53 | WARNING | telethon.network.connection.connection | Server closed the connection: 0 bytes read on a total of 8 expected bytes
2026-07-23 11:38:53 | INFO    | telethon.network.mtprotosender | Connection closed while receiving data: 0 bytes read on a total of 8 expected bytes
2026-07-23 11:38:53 | INFO    | telethon.network.mtprotosender | Closing current connection to begin reconnect...
2026-07-23 11:38:53 | INFO    | telethon.network.mtprotosender | Connecting to 149.154.175.50:443/TcpFull...
2026-07-23 11:38:53 | WARNING | telethon.network.connection.connection | Server closed the connection: 0 bytes read on a total of 8 expected bytes
2026-07-23 11:38:53 | INFO    | telethon.network.mtprotosender | Connection closed while receiving data: 0 bytes read on a total of 8 expected bytes
2026-07-23 11:38:53 | INFO    | telethon.network.mtprotosender | Closing current connection to begin reconnect...
2026-07-23 11:38:53 | INFO    | telethon.network.mtprotosender | Connecting to 149.154.175.50:443/TcpFull...
2026-07-23 11:38:53 | INFO    | telethon.network.mtprotosender | Connection to 149.154.175.50:443/TcpFull complete!
2026-07-23 11:38:53 | INFO    | telethon.network.mtprotosender | Connection to 149.154.175.50:443/TcpFull complete!
2026-07-23 11:38:53 | WARNING | telethon.client.updates | Error executing high-level request after reconnect: <class 'telethon.errors.rpcerrorlist.AuthKeyDuplicatedError'>: The authorization key (session file) was used under two different IP addresses simultaneously, and can no longer be used. Use the same session exclusively, or use different sessions (caused by GetUsersRequest)
2026-07-23 11:38:53 | WARNING | telethon.client.updates | Error executing high-level request after reconnect: <class 'telethon.errors.rpcerrorlist.AuthKeyDuplicatedError'>: The authorization key (session file) was used under two different IP addresses simultaneously, and can no longer be used. Use the same session exclusively, or use different sessions (caused by GetUsersRequest)
2026-07-23 11:38:54 | WARNING | telethon.network.connection.connection | Server closed the connection: 0 bytes read on a total of 8 expected bytes
2026-07-23 11:38:54 | INFO    | telethon.network.mtprotosender | Connection closed while receiving data: 0 bytes read on a total of 8 expected bytes
2026-07-23 11:38:54 | INFO    | telethon.network.mtprotosender | Closing current connection to begin reconnect...
2026-07-23 11:38:54 | WARNING | telethon.network.connection.connection | Server closed the connection: 0 bytes read on a total of 8 expected bytes
2026-07-23 11:38:54 | INFO    | telethon.network.mtprotosender | Connection closed while receiving data: 0 bytes read on a total of 8 expected bytes
2026-07-23 11:38:54 | INFO    | telethon.network.mtprotosender | Connecting to 149.154.175.50:443/TcpFull...
2026-07-23 11:38:54 | INFO    | telethon.network.mtprotosender | Closing current connection to begin reconnect...
2026-07-23 11:38:54 | INFO    | telethon.network.mtprotosender | Connecting to 149.154.175.50:443/TcpFull...
2026-07-23 11:38:54 | INFO    | telethon.network.mtprotosender | Connection to 149.154.175.50:443/TcpFull complete!
2026-07-23 11:38:54 | INFO    | telethon.network.mtprotosender | Connection to 149.154.175.50:443/TcpFull complete!
2026-07-23 11:38:54 | WARNING | telethon.client.updates | Error executing high-level request after reconnect: <class 'telethon.errors.rpcerrorlist.AuthKeyDuplicatedError'>: The authorization key (session file) was used under two different IP addresses simultaneously, and can no longer be used. Use the same session exclusively, or use different sessions (caused by GetUsersRequest)
2026-07-23 11:38:54 | WARNING | telethon.client.updates | Error executing high-level request after reconnect: <class 'telethon.errors.rpcerrorlist.AuthKeyDuplicatedError'>: The authorization key (session file) was used under two different IP addresses simultaneously, and can no longer be used. Use the same session exclusively, or use different sessions (caused by GetUsersRequest)
2026-07-23 11:38:55 | WARNING | telethon.network.connection.connection | Server closed the connection: 0 bytes read on a total of 8 expected bytes
2026-07-23 11:38:55 | INFO    | telethon.network.mtprotosender | Connection closed while receiving data: 0 bytes read on a total of 8 expected bytes
2026-07-23 11:38:55 | INFO    | telethon.network.mtprotosender | Closing current connection to begin reconnect...
2026-07-23 11:38:55 | INFO    | telethon.network.mtprotosender | Connecting to 149.154.175.50:443/TcpFull...
2026-07-23 11:38:55 | INFO    | telethon.network.mtprotosender | Connection to 149.154.175.50:443/TcpFull complete!
2026-07-23 11:38:55 | WARNING | telethon.client.updates | Error executing high-level request after reconnect: <class 'telethon.errors.rpcerrorlist.AuthKeyDuplicatedError'>: The authorization key (session file) was used under two different IP addresses simultaneously, and can no longer be used. Use the same session exclusively, or use different sessions (caused by GetUsersRequest)
2026-07-23 11:39:52 | WARNING | telethon.network.connection.connection | Server closed the connection: 0 bytes read on a total of 8 expected bytes
2026-07-23 11:39:52 | INFO    | telethon.network.mtprotosender | Connection closed while receiving data: 0 bytes read on a total of 8 expected bytes
2026-07-23 11:39:52 | INFO    | telethon.network.mtprotosender | Closing current connection to begin reconnect...
2026-07-23 11:39:52 | INFO    | telethon.network.mtprotosender | Connecting to 149.154.175.50:443/TcpFull...
2026-07-23 11:39:52 | WARNING | telethon.network.connection.connection | Server closed the connection: 0 bytes read on a total of 8 expected bytes
2026-07-23 11:39:52 | INFO    | telethon.network.mtprotosender | Connection closed while receiving data: 0 bytes read on a total of 8 expected bytes
2026-07-23 11:39:52 | INFO    | telethon.network.mtprotosender | Closing current connection to begin reconnect...
2026-07-23 11:39:52 | INFO    | telethon.network.mtprotosender | Connecting to 149.154.175.50:443/TcpFull...
2026-07-23 11:39:52 | WARNING | telethon.network.connection.connection | Server closed the connection: 0 bytes read on a total of 8 expected bytes
2026-07-23 11:39:52 | INFO    | telethon.network.mtprotosender | Connection closed while receiving data: 0 bytes read on a total of 8 expected bytes
2026-07-23 11:39:52 | INFO    | telethon.network.mtprotosender | Closing current connection to begin reconnect...
2026-07-23 11:39:52 | INFO    | telethon.network.mtprotosender | Connecting to 149.154.175.50:443/TcpFull...
2026-07-23 11:39:52 | INFO    | telethon.network.mtprotosender | Connection to 149.154.175.50:443/TcpFull complete!
2026-07-23 11:39:52 | INFO    | telethon.network.mtprotosender | Connection to 149.154.175.50:443/TcpFull complete!
2026-07-23 11:39:52 | INFO    | telethon.network.mtprotosender | Connection to 149.154.175.50:443/TcpFull complete!
2026-07-23 11:39:52 | WARNING | telethon.client.updates | Error executing high-level request after reconnect: <class 'telethon.errors.rpcerrorlist.AuthKeyDuplicatedError'>: The authorization key (session file) was used under two different IP addresses simultaneously, and can no longer be used. Use the same session exclusively, or use different sessions (caused by GetUsersRequest)
2026-07-23 11:39:52 | WARNING | telethon.client.updates | Error executing high-level request after reconnect: <class 'telethon.errors.rpcerrorlist.AuthKeyDuplicatedError'>: The authorization key (session file) was used under two different IP addresses simultaneously, and can no longer be used. Use the same session exclusively, or use different sessions (caused by GetUsersRequest)
2026-07-23 11:39:52 | WARNING | telethon.client.updates | Error executing high-level request after reconnect: <class 'telethon.errors.rpcerrorlist.AuthKeyDuplicatedError'>: The authorization key (session file) was used under two different IP addresses simultaneously, and can no longer be used. Use the same session exclusively, or use different sessions (caused by GetUsersRequest)
2026-07-23 11:39:53 | WARNING | telethon.network.connection.connection | Server closed the connection: 0 bytes read on a total of 8 expected bytes
2026-07-23 11:39:53 | INFO    | telethon.network.mtprotosender | Connection closed while receiving data: 0 bytes read on a total of 8 expected bytes
2026-07-23 11:39:53 | INFO    | telethon.network.mtprotosender | Closing current connection to begin reconnect...
2026-07-23 11:39:53 | INFO    | telethon.network.mtprotosender | Connecting to 149.154.175.50:443/TcpFull...
2026-07-23 11:39:53 | WARNING | telethon.network.connection.connection | Server closed the connection: 0 bytes read on a total of 8 expected bytes
2026-07-23 11:39:53 | INFO    | telethon.network.mtprotosender | Connection closed while receiving data: 0 bytes read on a total of 8 expected bytes
2026-07-23 11:39:53 | INFO    | telethon.network.mtprotosender | Closing current connection to begin reconnect...
2026-07-23 11:39:53 | INFO    | telethon.network.mtprotosender | Connecting to 149.154.175.50:443/TcpFull...
2026-07-23 11:39:53 | INFO    | telethon.network.mtprotosender | Connection to 149.154.175.50:443/TcpFull complete!
2026-07-23 11:39:53 | INFO    | telethon.network.mtprotosender | Connection to 149.154.175.50:443/TcpFull complete!
2026-07-23 11:39:53 | WARNING | telethon.client.updates | Error executing high-level request after reconnect: <class 'telethon.errors.rpcerrorlist.AuthKeyDuplicatedError'>: The authorization key (session file) was used under two different IP addresses simultaneously, and can no longer be used. Use the same session exclusively, or use different sessions (caused by GetUsersRequest)
2026-07-23 11:39:53 | WARNING | telethon.client.updates | Error executing high-level request after reconnect: <class 'telethon.errors.rpcerrorlist.AuthKeyDuplicatedError'>: The authorization key (session file) was used under two different IP addresses simultaneously, and can no longer be used. Use the same session exclusively, or use different sessions (caused by GetUsersRequest)
2026-07-23 11:39:56 | WARNING | telethon.network.connection.connection | Server closed the connection: 0 bytes read on a total of 8 expected bytes
2026-07-23 11:39:56 | INFO    | telethon.network.mtprotosender | Connection closed while receiving data: 0 bytes read on a total of 8 expected bytes
2026-07-23 11:39:56 | INFO    | telethon.network.mtprotosender | Closing current connection to begin reconnect...
2026-07-23 11:39:56 | INFO    | telethon.network.mtprotosender | Connecting to 149.154.175.50:443/TcpFull...
2026-07-23 11:39:56 | INFO    | telethon.network.mtprotosender | Connection to 149.154.175.50:443/TcpFull complete!
2026-07-23 11:39:56 | WARNING | telethon.client.updates | Error executing high-level request after reconnect: <class 'telethon.errors.rpcerrorlist.AuthKeyDuplicatedError'>: The authorization key (session file) was used under two different IP addresses simultaneously, and can no longer be used. Use the same session exclusively, or use different sessions (caused by GetUsersRequest)
2026-07-23 11:39:57 | WARNING | telethon.network.connection.connection | Server closed the connection: 0 bytes read on a total of 8 expected bytes
2026-07-23 11:39:57 | INFO    | telethon.network.mtprotosender | Connection closed while receiving data: 0 bytes read on a total of 8 expected bytes
2026-07-23 11:39:57 | INFO    | telethon.network.mtprotosender | Closing current connection to begin reconnect...
2026-07-23 11:39:57 | INFO    | telethon.network.mtprotosender | Connecting to 149.154.175.50:443/TcpFull...
2026-07-23 11:39:57 | INFO    | telethon.network.mtprotosender | Connection to 149.154.175.50:443/TcpFull complete!
2026-07-23 11:39:57 | WARNING | telethon.client.updates | Error executing high-level request after reconnect: <class 'telethon.errors.rpcerrorlist.AuthKeyDuplicatedError'>: The authorization key (session file) was used under two different IP addresses simultaneously, and can no longer be used. Use the same session exclusively, or use different sessions (caused by GetUsersRequest)
2026-07-23 11:40:25 | WARNING | telethon.network.connection.connection | Server closed the connection: 0 bytes read on a total of 8 expected bytes
2026-07-23 11:40:25 | INFO    | telethon.network.mtprotosender | Connection closed while receiving data: 0 bytes read on a total of 8 expected bytes
2026-07-23 11:40:25 | INFO    | telethon.network.mtprotosender | Closing current connection to begin reconnect...
2026-07-23 11:40:25 | WARNING | telethon.network.connection.connection | Server closed the connection: 0 bytes read on a total of 8 expected bytes
2026-07-23 11:40:25 | INFO    | telethon.network.mtprotosender | Connecting to 149.154.175.50:443/TcpFull...
2026-07-23 11:40:25 | INFO    | telethon.network.mtprotosender | Connection closed while receiving data: 0 bytes read on a total of 8 expected bytes
2026-07-23 11:40:25 | INFO    | telethon.network.mtprotosender | Closing current connection to begin reconnect...
2026-07-23 11:40:25 | INFO    | telethon.network.mtprotosender | Connecting to 149.154.175.50:443/TcpFull...
2026-07-23 11:40:25 | INFO    | telethon.network.mtprotosender | Connection to 149.154.175.50:443/TcpFull complete!
2026-07-23 11:40:25 | INFO    | telethon.network.mtprotosender | Connection to 149.154.175.50:443/TcpFull complete!
2026-07-23 11:40:25 | WARNING | telethon.client.updates | Error executing high-level request after reconnect: <class 'telethon.errors.rpcerrorlist.AuthKeyDuplicatedError'>: The authorization key (session file) was used under two different IP addresses simultaneously, and can no longer be used. Use the same session exclusively, or use different sessions (caused by GetUsersRequest)
2026-07-23 11:40:25 | WARNING | telethon.client.updates | Error executing high-level request after reconnect: <class 'telethon.errors.rpcerrorlist.AuthKeyDuplicatedError'>: The authorization key (session file) was used under two different IP addresses simultaneously, and can no longer be used. Use the same session exclusively, or use different sessions (caused by GetUsersRequest)
2026-07-23 11:40:26 | WARNING | telethon.network.connection.connection | Server closed the connection: 0 bytes read on a total of 8 expected bytes
2026-07-23 11:40:26 | INFO    | telethon.network.mtprotosender | Connection closed while receiving data: 0 bytes read on a total of 8 expected bytes
2026-07-23 11:40:26 | INFO    | telethon.network.mtprotosender | Closing current connection to begin reconnect...
2026-07-23 11:40:26 | INFO    | telethon.network.mtprotosender | Connecting to 149.154.175.50:443/TcpFull...
2026-07-23 11:40:26 | WARNING | telethon.network.connection.connection | Server closed the connection: 0 bytes read on a total of 8 expected bytes
2026-07-23 11:40:26 | INFO    | telethon.network.mtprotosender | Connection closed while receiving data: 0 bytes read on a total of 8 expected bytes
2026-07-23 11:40:26 | INFO    | telethon.network.mtprotosender | Closing current connection to begin reconnect...
2026-07-23 11:40:26 | INFO    | telethon.network.mtprotosender | Connecting to 149.154.175.50:443/TcpFull...
2026-07-23 11:40:26 | INFO    | telethon.network.mtprotosender | Connection to 149.154.175.50:443/TcpFull complete!
2026-07-23 11:40:26 | INFO    | telethon.network.mtprotosender | Connection to 149.154.175.50:443/TcpFull complete!
2026-07-23 11:40:26 | WARNING | telethon.client.updates | Error executing high-level request after reconnect: <class 'telethon.errors.rpcerrorlist.AuthKeyDuplicatedError'>: The authorization key (session file) was used under two different IP addresses simultaneously, and can no longer be used. Use the same session exclusively, or use different sessions (caused by GetUsersRequest)
2026-07-23 11:40:26 | WARNING | telethon.client.updates | Error executing high-level request after reconnect: <class 'telethon.errors.rpcerrorlist.AuthKeyDuplicatedError'>: The authorization key (session file) was used under two different IP addresses simultaneously, and can no longer be used. Use the same session exclusively, or use different sessions (caused by GetUsersRequest)
2026-07-23 11:40:27 | WARNING | telethon.network.connection.connection | Server closed the connection: 0 bytes read on a total of 8 expected bytes
2026-07-23 11:40:27 | INFO    | telethon.network.mtprotosender | Connection closed while receiving data: 0 bytes read on a total of 8 expected bytes
2026-07-23 11:40:27 | INFO    | telethon.network.mtprotosender | Closing current connection to begin reconnect...
2026-07-23 11:40:27 | INFO    | telethon.network.mtprotosender | Connecting to 149.154.175.50:443/TcpFull...
2026-07-23 11:40:27 | INFO    | telethon.network.mtprotosender | Connection to 149.154.175.50:443/TcpFull complete!
2026-07-23 11:40:27 | WARNING | telethon.client.updates | Error executing high-level request after reconnect: <class 'telethon.errors.rpcerrorlist.AuthKeyDuplicatedError'>: The authorization key (session file) was used under two different IP addresses simultaneously, and can no longer be used. Use the same session exclusively, or use different sessions (caused by GetUsersRequest)
2026-07-23 11:41:24 | WARNING | telethon.network.connection.connection | Server closed the connection: 0 bytes read on a total of 8 expected bytes
2026-07-23 11:41:24 | INFO    | telethon.network.mtprotosender | Connection closed while receiving data: 0 bytes read on a total of 8 expected bytes
2026-07-23 11:41:24 | INFO    | telethon.network.mtprotosender | Closing current connection to begin reconnect...
2026-07-23 11:41:24 | WARNING | telethon.network.connection.connection | Server closed the connection: 0 bytes read on a total of 8 expected bytes
2026-07-23 11:41:24 | INFO    | telethon.network.mtprotosender | Connecting to 149.154.175.50:443/TcpFull...
2026-07-23 11:41:24 | INFO    | telethon.network.mtprotosender | Connection closed while receiving data: 0 bytes read on a total of 8 expected bytes
2026-07-23 11:41:24 | INFO    | telethon.network.mtprotosender | Closing current connection to begin reconnect...
2026-07-23 11:41:24 | WARNING | telethon.network.connection.connection | Server closed the connection: 0 bytes read on a total of 8 expected bytes
2026-07-23 11:41:24 | INFO    | telethon.network.mtprotosender | Connecting to 149.154.175.50:443/TcpFull...
2026-07-23 11:41:24 | INFO    | telethon.network.mtprotosender | Connection closed while receiving data: 0 bytes read on a total of 8 expected bytes
2026-07-23 11:41:24 | INFO    | telethon.network.mtprotosender | Closing current connection to begin reconnect...
2026-07-23 11:41:24 | INFO    | telethon.network.mtprotosender | Connecting to 149.154.175.50:443/TcpFull...
2026-07-23 11:41:24 | INFO    | telethon.network.mtprotosender | Connection to 149.154.175.50:443/TcpFull complete!
2026-07-23 11:41:24 | INFO    | telethon.network.mtprotosender | Connection to 149.154.175.50:443/TcpFull complete!
2026-07-23 11:41:24 | INFO    | telethon.network.mtprotosender | Connection to 149.154.175.50:443/TcpFull complete!
2026-07-23 11:41:24 | WARNING | telethon.client.updates | Error executing high-level request after reconnect: <class 'telethon.errors.rpcerrorlist.AuthKeyDuplicatedError'>: The authorization key (session file) was used under two different IP addresses simultaneously, and can no longer be used. Use the same session exclusively, or use different sessions (caused by GetUsersRequest)
2026-07-23 11:41:24 | WARNING | telethon.client.updates | Error executing high-level request after reconnect: <class 'telethon.errors.rpcerrorlist.AuthKeyDuplicatedError'>: The authorization key (session file) was used under two different IP addresses simultaneously, and can no longer be used. Use the same session exclusively, or use different sessions (caused by GetUsersRequest)
2026-07-23 11:41:24 | WARNING | telethon.client.updates | Error executing high-level request after reconnect: <class 'telethon.errors.rpcerrorlist.AuthKeyDuplicatedError'>: The authorization key (session file) was used under two different IP addresses simultaneously, and can no longer be used. Use the same session exclusively, or use different sessions (caused by GetUsersRequest)
2026-07-23 11:41:25 | WARNING | telethon.network.connection.connection | Server closed the connection: 0 bytes read on a total of 8 expected bytes
2026-07-23 11:41:25 | INFO    | telethon.network.mtprotosender | Connection closed while receiving data: 0 bytes read on a total of 8 expected bytes
2026-07-23 11:41:25 | INFO    | telethon.network.mtprotosender | Closing current connection to begin reconnect...
2026-07-23 11:41:25 | WARNING | telethon.network.connection.connection | Server closed the connection: 0 bytes read on a total of 8 expected bytes
2026-07-23 11:41:25 | INFO    | telethon.network.mtprotosender | Connecting to 149.154.175.50:443/TcpFull...
2026-07-23 11:41:25 | INFO    | telethon.network.mtprotosender | Connection closed while receiving data: 0 bytes read on a total of 8 expected bytes
2026-07-23 11:41:25 | INFO    | telethon.network.mtprotosender | Closing current connection to begin reconnect...
2026-07-23 11:41:25 | INFO    | telethon.network.mtprotosender | Connecting to 149.154.175.50:443/TcpFull...
2026-07-23 11:41:25 | INFO    | telethon.network.mtprotosender | Connection to 149.154.175.50:443/TcpFull complete!
2026-07-23 11:41:25 | INFO    | telethon.network.mtprotosender | Connection to 149.154.175.50:443/TcpFull complete!
2026-07-23 11:41:25 | WARNING | telethon.client.updates | Error executing high-level request after reconnect: <class 'telethon.errors.rpcerrorlist.AuthKeyDuplicatedError'>: The authorization key (session file) was used under two different IP addresses simultaneously, and can no longer be used. Use the same session exclusively, or use different sessions (caused by GetUsersRequest)
2026-07-23 11:41:25 | WARNING | telethon.client.updates | Error executing high-level request after reconnect: <class 'telethon.errors.rpcerrorlist.AuthKeyDuplicatedError'>: The authorization key (session file) was used under two different IP addresses simultaneously, and can no longer be used. Use the same session exclusively, or use different sessions (caused by GetUsersRequest)
2026-07-23 11:41:28 | WARNING | telethon.network.connection.connection | Server closed the connection: 0 bytes read on a total of 8 expected bytes
2026-07-23 11:41:28 | INFO    | telethon.network.mtprotosender | Connection closed while receiving data: 0 bytes read on a total of 8 expected bytes
2026-07-23 11:41:28 | INFO    | telethon.network.mtprotosender | Closing current connection to begin reconnect...
2026-07-23 11:41:28 | INFO    | telethon.network.mtprotosender | Connecting to 149.154.175.50:443/TcpFull...
2026-07-23 11:41:28 | INFO    | telethon.network.mtprotosender | Connection to 149.154.175.50:443/TcpFull complete!
2026-07-23 11:41:28 | WARNING | telethon.client.updates | Error executing high-level request after reconnect: <class 'telethon.errors.rpcerrorlist.AuthKeyDuplicatedError'>: The authorization key (session file) was used under two different IP addresses simultaneously, and can no longer be used. Use the same session exclusively, or use different sessions (caused by GetUsersRequest)
2026-07-23 11:41:29 | WARNING | telethon.network.connection.connection | Server closed the connection: 0 bytes read on a total of 8 expected bytes
2026-07-23 11:41:29 | INFO    | telethon.network.mtprotosender | Connection closed while receiving data: 0 bytes read on a total of 8 expected bytes
2026-07-23 11:41:29 | INFO    | telethon.network.mtprotosender | Closing current connection to begin reconnect...
2026-07-23 11:41:29 | INFO    | telethon.network.mtprotosender | Connecting to 149.154.175.50:443/TcpFull...
2026-07-23 11:41:29 | INFO    | telethon.network.mtprotosender | Connection to 149.154.175.50:443/TcpFull complete!
2026-07-23 11:41:29 | WARNING | telethon.client.updates | Error executing high-level request after reconnect: <class 'telethon.errors.rpcerrorlist.AuthKeyDuplicatedError'>: The authorization key (session file) was used under two different IP addresses simultaneously, and can no longer be used. Use the same session exclusively, or use different sessions (caused by GetUsersRequest)
2026-07-23 11:41:45 | INFO    | aiogram.event | Update id=452969075 is handled. Duration 177 ms by bot id=8949896798
2026-07-23 11:41:49 | INFO    | aiogram.event | Update id=452969076 is handled. Duration 193 ms by bot id=8949896798
2026-07-23 11:41:51 | INFO    | aiogram.event | Update id=452969077 is handled. Duration 371 ms by bot id=8949896798
2026-07-23 11:41:54 | INFO    | aiogram.event | Update id=452969078 is handled. Duration 385 ms by bot id=8949896798
2026-07-23 11:41:56 | INFO    | aiogram.event | Update id=452969079 is handled. Duration 405 ms by bot id=8949896798
2026-07-23 11:41:57 | WARNING | telethon.network.connection.connection | Server closed the connection: 0 bytes read on a total of 8 expected bytes
2026-07-23 11:41:57 | INFO    | telethon.network.mtprotosender | Connection closed while receiving data: 0 bytes read on a total of 8 expected bytes
2026-07-23 11:41:57 | INFO    | telethon.network.mtprotosender | Closing current connection to begin reconnect...
2026-07-23 11:41:57 | INFO    | telethon.network.mtprotosender | Connecting to 149.154.175.50:443/TcpFull...
2026-07-23 11:41:57 | WARNING | telethon.network.connection.connection | Server closed the connection: 0 bytes read on a total of 8 expected bytes
2026-07-23 11:41:57 | INFO    | telethon.network.mtprotosender | Connection closed while receiving data: 0 bytes read on a total of 8 expected bytes
2026-07-23 11:41:57 | INFO    | telethon.network.mtprotosender | Closing current connection to begin reconnect...
2026-07-23 11:41:57 | INFO    | telethon.network.mtprotosender | Connecting to 149.154.175.50:443/TcpFull...
2026-07-23 11:41:57 | INFO    | telethon.network.mtprotosender | Connection to 149.154.175.50:443/TcpFull complete!
2026-07-23 11:41:57 | INFO    | telethon.network.mtprotosender | Connection to 149.154.175.50:443/TcpFull complete!
2026-07-23 11:41:57 | WARNING | telethon.client.updates | Error executing high-level request after reconnect: <class 'telethon.errors.rpcerrorlist.AuthKeyDuplicatedError'>: The authorization key (session file) was used under two different IP addresses simultaneously, and can no longer be used. Use the same session exclusively, or use different sessions (caused by GetUsersRequest)
2026-07-23 11:41:57 | WARNING | telethon.client.updates | Error executing high-level request after reconnect: <class 'telethon.errors.rpcerrorlist.AuthKeyDuplicatedError'>: The authorization key (session file) was used under two different IP addresses simultaneously, and can no longer be used. Use the same session exclusively, or use different sessions (caused by GetUsersRequest)
2026-07-23 11:41:58 | WARNING | telethon.network.connection.connection | Server closed the connection: 0 bytes read on a total of 8 expected bytes
2026-07-23 11:41:58 | INFO    | telethon.network.mtprotosender | Connection closed while receiving data: 0 bytes read on a total of 8 expected bytes
2026-07-23 11:41:58 | INFO    | telethon.network.mtprotosender | Closing current connection to begin reconnect...
2026-07-23 11:41:58 | INFO    | telethon.network.mtprotosender | Connecting to 149.154.175.50:443/TcpFull...
2026-07-23 11:41:58 | WARNING | telethon.network.connection.connection | Server closed the connection: 0 bytes read on a total of 8 expected bytes
2026-07-23 11:41:58 | INFO    | telethon.network.mtprotosender | Connection closed while receiving data: 0 bytes read on a total of 8 expected bytes
2026-07-23 11:41:58 | INFO    | telethon.network.mtprotosender | Closing current connection to begin reconnect...
2026-07-23 11:41:58 | INFO    | telethon.network.mtprotosender | Connecting to 149.154.175.50:443/TcpFull...
2026-07-23 11:41:58 | INFO    | telethon.network.mtprotosender | Connection to 149.154.175.50:443/TcpFull complete!
2026-07-23 11:41:58 | INFO    | telethon.network.mtprotosender | Connection to 149.154.175.50:443/TcpFull complete!
2026-07-23 11:41:58 | WARNING | telethon.client.updates | Error executing high-level request after reconnect: <class 'telethon.errors.rpcerrorlist.AuthKeyDuplicatedError'>: The authorization key (session file) was used under two different IP addresses simultaneously, and can no longer be used. Use the same session exclusively, or use different sessions (caused by GetUsersRequest)
2026-07-23 11:41:58 | WARNING | telethon.client.updates | Error executing high-level request after reconnect: <class 'telethon.errors.rpcerrorlist.AuthKeyDuplicatedError'>: The authorization key (session file) was used under two different IP addresses simultaneously, and can no longer be used. Use the same session exclusively, or use different sessions (caused by GetUsersRequest)
2026-07-23 11:41:59 | WARNING | telethon.network.connection.connection | Server closed the connection: 0 bytes read on a total of 8 expected bytes
2026-07-23 11:41:59 | INFO    | telethon.network.mtprotosender | Connection closed while receiving data: 0 bytes read on a total of 8 expected bytes
2026-07-23 11:41:59 | INFO    | telethon.network.mtprotosender | Closing current connection to begin reconnect...
2026-07-23 11:41:59 | INFO    | telethon.network.mtprotosender | Connecting to 149.154.175.50:443/TcpFull...
2026-07-23 11:41:59 | INFO    | telethon.network.mtprotosender | Connection to 149.154.175.50:443/TcpFull complete!
2026-07-23 11:41:59 | WARNING | telethon.client.updates | Error executing high-level request after reconnect: <class 'telethon.errors.rpcerrorlist.AuthKeyDuplicatedError'>: The authorization key (session file) was used under two different IP addresses simultaneously, and can no longer be used. Use the same session exclusively, or use different sessions (caused by GetUsersRequest)
2026-07-23 11:41:59 | INFO    | aiogram.event | Update id=452969080 is handled. Duration 185 ms by bot id=8949896798
2026-07-23 11:42:01 | INFO    | aiogram.event | Update id=452969081 is handled. Duration 348 ms by bot id=8949896798
2026-07-23 11:42:02 | INFO    | aiogram.event | Update id=452969082 is handled. Duration 192 ms by bot id=8949896798
2026-07-23 11:42:04 | INFO    | aiogram.event | Update id=452969083 is handled. Duration 347 ms by bot id=8949896798
2026-07-23 11:42:05 | INFO    | campaign | ▶ Раунд 1/5 | язык=English | жалобы=Подделка документов
2026-07-23 11:42:05 | INFO    | aiogram.event | Update id=452969084 is handled. Duration 416 ms by bot id=8949896798
2026-07-23 11:42:06 | WARNING | __main__ | Cannot notify admin 7362573437
2026-07-23 11:42:08 | INFO    | campaign | Аккаунт 248070613_telethon (1/2) → 9 бот(ов)
2026-07-23 11:42:09 | WARNING | __main__ | Cannot notify admin 7362573437
2026-07-23 11:42:14 | INFO    | campaign | Peer report ok | 248070613_telethon → @rqbhdg7gv3s0mdfjb0bot | illegal_docs | Danger! Fraudulent activity: sale of fake documents. [Complaint #33]
2026-07-23 11:42:16 | INFO    | campaign | Peer report ok | 248070613_telethon → @rqbhdg7gv3s0mdfjb0bot | illegal_docs | SCAM ALERT: This bot offers fake documents. These are scammers. [Complaint #121]
2026-07-23 11:42:18 | INFO    | campaign | Peer report ok | 248070613_telethon → @rqbhdg7gv3s0mdfjb0bot | illegal_docs | SCAM ALERT! Этот канал – чистой воды мошенничество. Предлагают липовые документы
2026-07-23 11:42:20 | INFO    | campaign | Msg report ok | 248070613_telethon → @rqbhdg7gv3s0mdfjb0bot msg=47 | illegal_docs | Внимание, обман! Данный бот/канал является мошеннической схемой, распространяюще
2026-07-23 11:42:23 | INFO    | campaign | Msg report ok | 248070613_telethon → @rqbhdg7gv3s0mdfjb0bot msg=47 | illegal_docs | I report this channel for distributing fake documents. Immediate action required
2026-07-23 11:42:26 | INFO    | campaign | Msg report ok | 248070613_telethon → @rqbhdg7gv3s0mdfjb0bot msg=47 | illegal_docs | SCAM! Promoting fake documents. Delete this fraudulent scheme. [Complaint #18]
2026-07-23 11:42:34 | INFO    | campaign | Peer report ok | 248070613_telethon → @ay9bf5wwupuac8dmpwbot | illegal_docs | Don't believe! They offer "documents" – they are fake. Pure fraud. [Complaint #1
2026-07-23 11:42:36 | INFO    | campaign | Peer report ok | 248070613_telethon → @ay9bf5wwupuac8dmpwbot | illegal_docs | There is a channel selling fake passports and IDs. Request immediate removal. [C
2026-07-23 11:42:37 | INFO    | campaign | Peer report ok | 248070613_telethon → @ay9bf5wwupuac8dmpwbot | illegal_docs | This channel is involved in the illegal sale of forged documents. Please delete 
2026-07-23 11:42:40 | INFO    | campaign | Msg report ok | 248070613_telethon → @ay9bf5wwupuac8dmpwbot msg=51 | illegal_docs | Остерегайтесь подделок: ресурс предлагает липовые документы, это мошенники. [Com
2026-07-23 11:42:43 | INFO    | campaign | Msg report ok | 248070613_telethon → @ay9bf5wwupuac8dmpwbot msg=51 | illegal_docs | Immediate action needed for this channel selling illegal counterfeit documents. 
2026-07-23 11:42:46 | INFO    | campaign | Msg report ok | 248070613_telethon → @ay9bf5wwupuac8dmpwbot msg=51 | illegal_docs | This channel is advertising illegal fake documents. Kindly delete it as soon as 
2026-07-23 11:42:55 | INFO    | campaign | Peer report ok | 248070613_telethon → @haporenbot | illegal_docs | Мошенничество! Будьте осторожны, данный ресурс содержит предложения о поддельных
2026-07-23 11:42:56 | WARNING | telethon.network.connection.connection | Server closed the connection: 0 bytes read on a total of 8 expected bytes
2026-07-23 11:42:56 | INFO    | telethon.network.mtprotosender | Connection closed while receiving data: 0 bytes read on a total of 8 expected bytes
2026-07-23 11:42:56 | INFO    | telethon.network.mtprotosender | Closing current connection to begin reconnect...
2026-07-23 11:42:56 | WARNING | telethon.network.connection.connection | Server closed the connection: 0 bytes read on a total of 8 expected bytes
2026-07-23 11:42:56 | INFO    | telethon.network.mtprotosender | Connecting to 149.154.175.50:443/TcpFull...
2026-07-23 11:42:56 | INFO    | telethon.network.mtprotosender | Connection closed while receiving data: 0 bytes read on a total of 8 expected bytes
2026-07-23 11:42:56 | WARNING | telethon.network.connection.connection | Server closed the connection: 0 bytes read on a total of 8 expected bytes
2026-07-23 11:42:56 | INFO    | telethon.network.mtprotosender | Closing current connection to begin reconnect...
2026-07-23 11:42:56 | INFO    | telethon.network.mtprotosender | Connection closed while receiving data: 0 bytes read on a total of 8 expected bytes
2026-07-23 11:42:56 | INFO    | telethon.network.mtprotosender | Closing current connection to begin reconnect...
2026-07-23 11:42:56 | INFO    | telethon.network.mtprotosender | Connecting to 149.154.175.50:443/TcpFull...
2026-07-23 11:42:56 | INFO    | telethon.network.mtprotosender | Connecting to 149.154.175.50:443/TcpFull...
2026-07-23 11:42:56 | INFO    | telethon.network.mtprotosender | Connection to 149.154.175.50:443/TcpFull complete!
2026-07-23 11:42:56 | INFO    | telethon.network.mtprotosender | Connection to 149.154.175.50:443/TcpFull complete!
2026-07-23 11:42:56 | INFO    | telethon.network.mtprotosender | Connection to 149.154.175.50:443/TcpFull complete!
2026-07-23 11:42:56 | WARNING | telethon.client.updates | Error executing high-level request after reconnect: <class 'telethon.errors.rpcerrorlist.AuthKeyDuplicatedError'>: The authorization key (session file) was used under two different IP addresses simultaneously, and can no longer be used. Use the same session exclusively, or use different sessions (caused by GetUsersRequest)
2026-07-23 11:42:56 | WARNING | telethon.client.updates | Error executing high-level request after reconnect: <class 'telethon.errors.rpcerrorlist.AuthKeyDuplicatedError'>: The authorization key (session file) was used under two different IP addresses simultaneously, and can no longer be used. Use the same session exclusively, or use different sessions (caused by GetUsersRequest)
2026-07-23 11:42:56 | WARNING | telethon.client.updates | Error executing high-level request after reconnect: <class 'telethon.errors.rpcerrorlist.AuthKeyDuplicatedError'>: The authorization key (session file) was used under two different IP addresses simultaneously, and can no longer be used. Use the same session exclusively, or use different sessions (caused by GetUsersRequest)
2026-07-23 11:42:57 | WARNING | telethon.network.connection.connection | Server closed the connection: 0 bytes read on a total of 8 expected bytes
2026-07-23 11:42:57 | INFO    | telethon.network.mtprotosender | Connection closed while receiving data: 0 bytes read on a total of 8 expected bytes
2026-07-23 11:42:57 | INFO    | telethon.network.mtprotosender | Closing current connection to begin reconnect...
2026-07-23 11:42:57 | INFO    | telethon.network.mtprotosender | Connecting to 149.154.175.50:443/TcpFull...
2026-07-23 11:42:57 | WARNING | telethon.network.connection.connection | Server closed the connection: 0 bytes read on a total of 8 expected bytes
2026-07-23 11:42:57 | INFO    | telethon.network.mtprotosender | Connection closed while receiving data: 0 bytes read on a total of 8 expected bytes
2026-07-23 11:42:57 | INFO    | telethon.network.mtprotosender | Closing current connection to begin reconnect...
2026-07-23 11:42:57 | INFO    | telethon.network.mtprotosender | Connecting to 149.154.175.50:443/TcpFull...
2026-07-23 11:42:57 | INFO    | telethon.network.mtprotosender | Connection to 149.154.175.50:443/TcpFull complete!
2026-07-23 11:42:57 | INFO    | telethon.network.mtprotosender | Connection to 149.154.175.50:443/TcpFull complete!
2026-07-23 11:42:57 | WARNING | telethon.client.updates | Error executing high-level request after reconnect: <class 'telethon.errors.rpcerrorlist.AuthKeyDuplicatedError'>: The authorization key (session file) was used under two different IP addresses simultaneously, and can no longer be used. Use the same session exclusively, or use different sessions (caused by GetUsersRequest)
2026-07-23 11:42:57 | WARNING | telethon.client.updates | Error executing high-level request after reconnect: <class 'telethon.errors.rpcerrorlist.AuthKeyDuplicatedError'>: The authorization key (session file) was used under two different IP addresses simultaneously, and can no longer be used. Use the same session exclusively, or use different sessions (caused by GetUsersRequest)
2026-07-23 11:42:57 | INFO    | campaign | Peer report ok | 248070613_telethon → @haporenbot | illegal_docs | Immediate action needed for this channel selling illegal counterfeit documents. 
2026-07-23 11:42:59 | INFO    | campaign | Peer report ok | 248070613_telethon → @haporenbot | illegal_docs | There’s a channel offering fake personal and legal documents. Requesting urgent 
2026-07-23 11:43:01 | WARNING | telethon.network.connection.connection | Server closed the connection: 0 bytes read on a total of 8 expected bytes
2026-07-23 11:43:01 | INFO    | telethon.network.mtprotosender | Connection closed while receiving data: 0 bytes read on a total of 8 expected bytes
2026-07-23 11:43:01 | INFO    | telethon.network.mtprotosender | Closing current connection to begin reconnect...
2026-07-23 11:43:01 | INFO    | telethon.network.mtprotosender | Connecting to 149.154.175.50:443/TcpFull...
2026-07-23 11:43:01 | INFO    | telethon.network.mtprotosender | Connection to 149.154.175.50:443/TcpFull complete!
2026-07-23 11:43:01 | WARNING | telethon.client.updates | Error executing high-level request after reconnect: <class 'telethon.errors.rpcerrorlist.AuthKeyDuplicatedError'>: The authorization key (session file) was used under two different IP addresses simultaneously, and can no longer be used. Use the same session exclusively, or use different sessions (caused by GetUsersRequest)
2026-07-23 11:43:02 | INFO    | campaign | Msg report ok | 248070613_telethon → @haporenbot msg=53 | illegal_docs | I have found a channel selling fake documents like IDs and passports. Kindly tak
2026-07-23 11:43:04 | INFO    | campaign | Msg report ok | 248070613_telethon → @haporenbot msg=53 | illegal_docs | Attention, deception! This bot/channel is a fraudulent scheme distributing fake 
2026-07-23 11:43:07 | INFO    | campaign | Msg report ok | 248070613_telethon → @haporenbot msg=53 | illegal_docs | There’s a channel involved in selling fake official documents. Request immediate
2026-07-23 11:43:16 | INFO    | campaign | Peer report ok | 248070613_telethon → @timbukturobot | illegal_docs | There’s a channel offering fraudulent documents illegally. Kindly remove it imme
2026-07-23 11:43:18 | INFO    | campaign | Peer report ok | 248070613_telethon → @timbukturobot | illegal_docs | There’s a channel dealing in fake legal papers, including passports and driver’s
2026-07-23 11:43:20 | INFO    | campaign | Peer report ok | 248070613_telethon → @timbukturobot | illegal_docs | There’s a channel dealing in fake legal papers, including passports and driver’s
2026-07-23 11:43:22 | INFO    | campaign | Msg report ok | 248070613_telethon → @timbukturobot msg=55 | illegal_docs | SCAM! Этот бот/канал – очевидный обман. [Complaint #184]
2026-07-23 11:43:25 | INFO    | campaign | Msg report ok | 248070613_telethon → @timbukturobot msg=55 | illegal_docs | I report this channel for distributing fake documents. Immediate action required
2026-07-23 11:43:28 | INFO    | campaign | Msg report ok | 248070613_telethon → @timbukturobot msg=55 | illegal_docs | This channel promotes the sale of forged documents. Urgently remove it from the 
2026-07-23 11:43:29 | WARNING | telethon.network.connection.connection | Server closed the connection: 0 bytes read on a total of 8 expected bytes
2026-07-23 11:43:29 | INFO    | telethon.network.mtprotosender | Connection closed while receiving data: 0 bytes read on a total of 8 expected bytes
2026-07-23 11:43:29 | INFO    | telethon.network.mtprotosender | Closing current connection to begin reconnect...
2026-07-23 11:43:29 | WARNING | telethon.network.connection.connection | Server closed the connection: 0 bytes read on a total of 8 expected bytes
2026-07-23 11:43:29 | INFO    | telethon.network.mtprotosender | Connecting to 149.154.175.50:443/TcpFull...
2026-07-23 11:43:29 | INFO    | telethon.network.mtprotosender | Connection closed while receiving data: 0 bytes read on a total of 8 expected bytes
2026-07-23 11:43:29 | INFO    | telethon.network.mtprotosender | Closing current connection to begin reconnect...
2026-07-23 11:43:29 | INFO    | telethon.network.mtprotosender | Connecting to 149.154.175.50:443/TcpFull...
2026-07-23 11:43:29 | INFO    | telethon.network.mtprotosender | Connection to 149.154.175.50:443/TcpFull complete!
2026-07-23 11:43:29 | INFO    | telethon.network.mtprotosender | Connection to 149.154.175.50:443/TcpFull complete!
2026-07-23 11:43:29 | WARNING | telethon.client.updates | Error executing high-level request after reconnect: <class 'telethon.errors.rpcerrorlist.AuthKeyDuplicatedError'>: The authorization key (session file) was used under two different IP addresses simultaneously, and can no longer be used. Use the same session exclusively, or use different sessions (caused by GetUsersRequest)
2026-07-23 11:43:29 | WARNING | telethon.client.updates | Error executing high-level request after reconnect: <class 'telethon.errors.rpcerrorlist.AuthKeyDuplicatedError'>: The authorization key (session file) was used under two different IP addresses simultaneously, and can no longer be used. Use the same session exclusively, or use different sessions (caused by GetUsersRequest)
2026-07-23 11:43:30 | WARNING | telethon.network.connection.connection | Server closed the connection: 0 bytes read on a total of 8 expected bytes
2026-07-23 11:43:30 | INFO    | telethon.network.mtprotosender | Connection closed while receiving data: 0 bytes read on a total of 8 expected bytes
2026-07-23 11:43:30 | INFO    | telethon.network.mtprotosender | Closing current connection to begin reconnect...
2026-07-23 11:43:30 | INFO    | telethon.network.mtprotosender | Connecting to 149.154.175.50:443/TcpFull...
2026-07-23 11:43:30 | WARNING | telethon.network.connection.connection | Server closed the connection: 0 bytes read on a total of 8 expected bytes
2026-07-23 11:43:30 | INFO    | telethon.network.mtprotosender | Connection closed while receiving data: 0 bytes read on a total of 8 expected bytes
2026-07-23 11:43:30 | INFO    | telethon.network.mtprotosender | Closing current connection to begin reconnect...
2026-07-23 11:43:30 | INFO    | telethon.network.mtprotosender | Connecting to 149.154.175.50:443/TcpFull...
2026-07-23 11:43:30 | INFO    | telethon.network.mtprotosender | Connection to 149.154.175.50:443/TcpFull complete!
2026-07-23 11:43:30 | INFO    | telethon.network.mtprotosender | Connection to 149.154.175.50:443/TcpFull complete!
2026-07-23 11:43:30 | WARNING | telethon.client.updates | Error executing high-level request after reconnect: <class 'telethon.errors.rpcerrorlist.AuthKeyDuplicatedError'>: The authorization key (session file) was used under two different IP addresses simultaneously, and can no longer be used. Use the same session exclusively, or use different sessions (caused by GetUsersRequest)
2026-07-23 11:43:30 | WARNING | telethon.client.updates | Error executing high-level request after reconnect: <class 'telethon.errors.rpcerrorlist.AuthKeyDuplicatedError'>: The authorization key (session file) was used under two different IP addresses simultaneously, and can no longer be used. Use the same session exclusively, or use different sessions (caused by GetUsersRequest)
2026-07-23 11:43:31 | WARNING | telethon.network.connection.connection | Server closed the connection: 0 bytes read on a total of 8 expected bytes
2026-07-23 11:43:31 | INFO    | telethon.network.mtprotosender | Connection closed while receiving data: 0 bytes read on a total of 8 expected bytes
2026-07-23 11:43:31 | INFO    | telethon.network.mtprotosender | Closing current connection to begin reconnect...
2026-07-23 11:43:31 | INFO    | telethon.network.mtprotosender | Connecting to 149.154.175.50:443/TcpFull...
2026-07-23 11:43:31 | INFO    | telethon.network.mtprotosender | Connection to 149.154.175.50:443/TcpFull complete!
2026-07-23 11:43:31 | WARNING | telethon.client.updates | Error executing high-level request after reconnect: <class 'telethon.errors.rpcerrorlist.AuthKeyDuplicatedError'>: The authorization key (session file) was used under two different IP addresses simultaneously, and can no longer be used. Use the same session exclusively, or use different sessions (caused by GetUsersRequest)
2026-07-23 11:43:36 | INFO    | campaign | Peer report ok | 248070613_telethon → @thirtiethrobot | illegal_docs | I urge the platform to delete this channel that sells illegal counterfeit docume
2026-07-23 11:43:39 | INFO    | campaign | Peer report ok | 248070613_telethon → @thirtiethrobot | illegal_docs | Опасно! Мошенническая деятельность: продажа поддельных документов. [Complaint #8
2026-07-23 11:43:40 | INFO    | campaign | Peer report ok | 248070613_telethon → @thirtiethrobot | illegal_docs | This platform deals in fake IDs and official documents. Please delete the channe
2026-07-23 11:43:43 | INFO    | campaign | Msg report ok | 248070613_telethon → @thirtiethrobot msg=57 | illegal_docs | Critically Important: The site/bot offers fake documents. These are scammers. Bl
2026-07-23 11:43:46 | INFO    | campaign | Msg report ok | 248070613_telethon → @thirtiethrobot msg=57 | illegal_docs | I have found a channel selling fake documents like IDs and passports. Kindly tak
2026-07-23 11:43:48 | INFO    | campaign | Msg report ok | 248070613_telethon → @thirtiethrobot msg=57 | illegal_docs | Document Scam: bot/channel sells fakes. SCAM. [Complaint #16]
2026-07-23 11:43:58 | INFO    | campaign | Peer report ok | 248070613_telethon → @onondagarobot | illegal_docs | This channel is involved in selling fake identification documents. Please remove
2026-07-23 11:44:00 | INFO    | campaign | Peer report ok | 248070613_telethon → @onondagarobot | illegal_docs | Beware, a scam! Be vigilant, this resource is involved in fraud, selling fake do
2026-07-23 11:44:02 | INFO    | campaign | Peer report ok | 248070613_telethon → @onondagarobot | illegal_docs | SCAM WARNING! The content of this channel is fraudulent. They sell fake document
2026-07-23 11:44:05 | INFO    | campaign | Msg report ok | 248070613_telethon → @onondagarobot msg=59 | illegal_docs | There’s a channel offering fake personal and legal documents. Requesting urgent 
2026-07-23 11:44:07 | INFO    | campaign | Msg report ok | 248070613_telethon → @onondagarobot msg=59 | illegal_docs | This channel provides counterfeit documents like passports and ID cards. Please 
2026-07-23 11:44:11 | INFO    | campaign | Msg report ok | 248070613_telethon → @onondagarobot msg=59 | illegal_docs | Attention, deception! This bot/channel is a fraudulent scheme distributing fake 
2026-07-23 11:44:21 | INFO    | campaign | Peer report ok | 248070613_telethon → @trigger1robot | illegal_docs | I have reported a channel offering counterfeit legal documents. Please remove it
2026-07-23 11:44:22 | INFO    | monitor | Target @resellerashabot deleted (Nobody is using this username or the username is unacceptable (caused by ResolveUsernameRequest)) via periodic
2026-07-23 11:44:22 | INFO    | monitor | Target @ciu638drfyejpulsekbot deleted (Nobody is using this username or the username is unacceptable (caused by ResolveUsernameRequest)) via periodic
2026-07-23 11:44:22 | INFO    | monitor | Target @lhtulwtgbot deleted (Nobody is using this username or the username is unacceptable (caused by ResolveUsernameRequest)) via periodic
2026-07-23 11:44:22 | INFO    | campaign | Peer report ok | 248070613_telethon → @trigger1robot | illegal_docs | This channel is involved in the illegal sale of forged documents. Please delete 
2026-07-23 11:44:24 | INFO    | monitor | Target @o3kycz9ibot deleted (Nobody is using this username or the username is unacceptable (caused by ResolveUsernameRequest)) via periodic
2026-07-23 11:44:24 | INFO    | campaign | Peer report ok | 248070613_telethon → @trigger1robot | illegal_docs | Additional variants with emphasis on different details (English): [Complaint #17
2026-07-23 11:44:27 | INFO    | campaign | Msg report ok | 248070613_telethon → @trigger1robot msg=61 | illegal_docs | Serious Fraud! This bot/channel is involved in the distribution of fake document
2026-07-23 11:44:28 | WARNING | telethon.network.connection.connection | Server closed the connection: 0 bytes read on a total of 8 expected bytes
2026-07-23 11:44:28 | INFO    | telethon.network.mtprotosender | Connection closed while receiving data: 0 bytes read on a total of 8 expected bytes
2026-07-23 11:44:28 | INFO    | telethon.network.mtprotosender | Closing current connection to begin reconnect...
2026-07-23 11:44:28 | WARNING | telethon.network.connection.connection | Server closed the connection: 0 bytes read on a total of 8 expected bytes
2026-07-23 11:44:28 | INFO    | telethon.network.mtprotosender | Connecting to 149.154.175.50:443/TcpFull...
2026-07-23 11:44:28 | INFO    | telethon.network.mtprotosender | Connection closed while receiving data: 0 bytes read on a total of 8 expected bytes
2026-07-23 11:44:28 | WARNING | telethon.network.connection.connection | Server closed the connection: 0 bytes read on a total of 8 expected bytes
2026-07-23 11:44:28 | INFO    | telethon.network.mtprotosender | Closing current connection to begin reconnect...
2026-07-23 11:44:28 | INFO    | telethon.network.mtprotosender | Connection closed while receiving data: 0 bytes read on a total of 8 expected bytes
2026-07-23 11:44:28 | INFO    | telethon.network.mtprotosender | Closing current connection to begin reconnect...
2026-07-23 11:44:28 | INFO    | telethon.network.mtprotosender | Connecting to 149.154.175.50:443/TcpFull...
2026-07-23 11:44:28 | INFO    | telethon.network.mtprotosender | Connecting to 149.154.175.50:443/TcpFull...
2026-07-23 11:44:28 | INFO    | telethon.network.mtprotosender | Connection to 149.154.175.50:443/TcpFull complete!
2026-07-23 11:44:28 | INFO    | telethon.network.mtprotosender | Connection to 149.154.175.50:443/TcpFull complete!
2026-07-23 11:44:28 | INFO    | telethon.network.mtprotosender | Connection to 149.154.175.50:443/TcpFull complete!
2026-07-23 11:44:28 | WARNING | telethon.client.updates | Error executing high-level request after reconnect: <class 'telethon.errors.rpcerrorlist.AuthKeyDuplicatedError'>: The authorization key (session file) was used under two different IP addresses simultaneously, and can no longer be used. Use the same session exclusively, or use different sessions (caused by GetUsersRequest)
2026-07-23 11:44:28 | WARNING | telethon.client.updates | Error executing high-level request after reconnect: <class 'telethon.errors.rpcerrorlist.AuthKeyDuplicatedError'>: The authorization key (session file) was used under two different IP addresses simultaneously, and can no longer be used. Use the same session exclusively, or use different sessions (caused by GetUsersRequest)
2026-07-23 11:44:28 | WARNING | telethon.client.updates | Error executing high-level request after reconnect: <class 'telethon.errors.rpcerrorlist.AuthKeyDuplicatedError'>: The authorization key (session file) was used under two different IP addresses simultaneously, and can no longer be used. Use the same session exclusively, or use different sessions (caused by GetUsersRequest)
2026-07-23 11:44:29 | WARNING | telethon.network.connection.connection | Server closed the connection: 0 bytes read on a total of 8 expected bytes
2026-07-23 11:44:29 | INFO    | telethon.network.mtprotosender | Connection closed while receiving data: 0 bytes read on a total of 8 expected bytes
2026-07-23 11:44:29 | INFO    | telethon.network.mtprotosender | Closing current connection to begin reconnect...
2026-07-23 11:44:29 | WARNING | telethon.network.connection.connection | Server closed the connection: 0 bytes read on a total of 8 expected bytes
2026-07-23 11:44:29 | INFO    | telethon.network.mtprotosender | Connecting to 149.154.175.50:443/TcpFull...
2026-07-23 11:44:29 | INFO    | telethon.network.mtprotosender | Connection closed while receiving data: 0 bytes read on a total of 8 expected bytes
2026-07-23 11:44:29 | INFO    | telethon.network.mtprotosender | Closing current connection to begin reconnect...
2026-07-23 11:44:29 | INFO    | telethon.network.mtprotosender | Connecting to 149.154.175.50:443/TcpFull...
2026-07-23 11:44:29 | INFO    | telethon.network.mtprotosender | Connection to 149.154.175.50:443/TcpFull complete!
2026-07-23 11:44:29 | INFO    | telethon.network.mtprotosender | Connection to 149.154.175.50:443/TcpFull complete!
2026-07-23 11:44:29 | WARNING | telethon.client.updates | Error executing high-level request after reconnect: <class 'telethon.errors.rpcerrorlist.AuthKeyDuplicatedError'>: The authorization key (session file) was used under two different IP addresses simultaneously, and can no longer be used. Use the same session exclusively, or use different sessions (caused by GetUsersRequest)
2026-07-23 11:44:29 | WARNING | telethon.client.updates | Error executing high-level request after reconnect: <class 'telethon.errors.rpcerrorlist.AuthKeyDuplicatedError'>: The authorization key (session file) was used under two different IP addresses simultaneously, and can no longer be used. Use the same session exclusively, or use different sessions (caused by GetUsersRequest)
2026-07-23 11:44:30 | INFO    | campaign | Msg report ok | 248070613_telethon → @trigger1robot msg=61 | illegal_docs | A channel is selling fraudulent documents illegally. Immediate removal requested
2026-07-23 11:44:33 | WARNING | telethon.network.connection.connection | Server closed the connection: 0 bytes read on a total of 8 expected bytes
2026-07-23 11:44:33 | INFO    | telethon.network.mtprotosender | Connection closed while receiving data: 0 bytes read on a total of 8 expected bytes
2026-07-23 11:44:33 | INFO    | telethon.network.mtprotosender | Closing current connection to begin reconnect...
2026-07-23 11:44:33 | INFO    | telethon.network.mtprotosender | Connecting to 149.154.175.50:443/TcpFull...
2026-07-23 11:44:33 | INFO    | telethon.network.mtprotosender | Connection to 149.154.175.50:443/TcpFull complete!
2026-07-23 11:44:33 | WARNING | telethon.client.updates | Error executing high-level request after reconnect: <class 'telethon.errors.rpcerrorlist.AuthKeyDuplicatedError'>: The authorization key (session file) was used under two different IP addresses simultaneously, and can no longer be used. Use the same session exclusively, or use different sessions (caused by GetUsersRequest)
2026-07-23 11:44:34 | INFO    | campaign | Msg report ok | 248070613_telethon → @trigger1robot msg=61 | illegal_docs | SCAM ALERT! This channel is pure fraud. They offer bogus documents. Ignore it! [
2026-07-23 11:44:43 | INFO    | campaign | Peer report ok | 248070613_telethon → @ubbiijjonbot | illegal_docs | This platform is promoting the sale of counterfeit documents. Kindly remove it i
2026-07-23 11:44:44 | INFO    | campaign | Peer report ok | 248070613_telethon → @ubbiijjonbot | illegal_docs | There is a channel selling fake passports and IDs. Request immediate removal. [C
2026-07-23 11:44:46 | INFO    | campaign | Peer report ok | 248070613_telethon → @ubbiijjonbot | illegal_docs | Selling fake documents like passports through this channel is illegal. Requestin
2026-07-23 11:44:49 | INFO    | campaign | Msg report ok | 248070613_telethon → @ubbiijjonbot msg=63 | illegal_docs | I request urgent removal of this channel involved in selling counterfeit legal d
2026-07-23 11:44:51 | INFO    | campaign | Msg report ok | 248070613_telethon → @ubbiijjonbot msg=63 | illegal_docs | SCAM ALERT: Этот бот предлагает фальшивые документы. Это мошенники. [Complaint #
2026-07-23 11:44:54 | INFO    | campaign | Msg report ok | 248070613_telethon → @ubbiijjonbot msg=63 | illegal_docs | Don't believe! They offer "documents" – they are fake. Pure fraud. [Complaint #1
2026-07-23 11:44:57 | INFO    | campaign | Не удалось написать @komran_star с 248070613_telethon: You can't write in this chat (caused by SendMessageRequest)
2026-07-23 11:44:57 | WARNING | __main__ | Cannot notify admin 7362573437
2026-07-23 11:44:58 | INFO    | campaign | Peer report ok | 248070613_telethon → @komran_star | illegal_docs | Critically Important: The site/bot offers fake documents. These are scammers. Bl
2026-07-23 11:45:00 | INFO    | campaign | Peer report ok | 248070613_telethon → @komran_star | illegal_docs | A channel is advertising the sale of fake documents, including driver’s licenses
2026-07-23 11:45:01 | WARNING | telethon.network.connection.connection | Server closed the connection: 0 bytes read on a total of 8 expected bytes
2026-07-23 11:45:01 | INFO    | telethon.network.mtprotosender | Connection closed while receiving data: 0 bytes read on a total of 8 expected bytes
2026-07-23 11:45:01 | INFO    | telethon.network.mtprotosender | Closing current connection to begin reconnect...
2026-07-23 11:45:01 | INFO    | telethon.network.mtprotosender | Connecting to 149.154.175.50:443/TcpFull...
2026-07-23 11:45:01 | WARNING | telethon.network.connection.connection | Server closed the connection: 0 bytes read on a total of 8 expected bytes
2026-07-23 11:45:01 | INFO    | telethon.network.mtprotosender | Connection closed while receiving data: 0 bytes read on a total of 8 expected bytes
2026-07-23 11:45:01 | INFO    | telethon.network.mtprotosender | Closing current connection to begin reconnect...
2026-07-23 11:45:01 | INFO    | telethon.network.mtprotosender | Connecting to 149.154.175.50:443/TcpFull...
2026-07-23 11:45:01 | INFO    | telethon.network.mtprotosender | Connection to 149.154.175.50:443/TcpFull complete!
2026-07-23 11:45:01 | INFO    | telethon.network.mtprotosender | Connection to 149.154.175.50:443/TcpFull complete!
2026-07-23 11:45:01 | WARNING | telethon.client.updates | Error executing high-level request after reconnect: <class 'telethon.errors.rpcerrorlist.AuthKeyDuplicatedError'>: The authorization key (session file) was used under two different IP addresses simultaneously, and can no longer be used. Use the same session exclusively, or use different sessions (caused by GetUsersRequest)
2026-07-23 11:45:01 | WARNING | telethon.client.updates | Error executing high-level request after reconnect: <class 'telethon.errors.rpcerrorlist.AuthKeyDuplicatedError'>: The authorization key (session file) was used under two different IP addresses simultaneously, and can no longer be used. Use the same session exclusively, or use different sessions (caused by GetUsersRequest)
2026-07-23 11:45:02 | WARNING | telethon.network.connection.connection | Server closed the connection: 0 bytes read on a total of 8 expected bytes
2026-07-23 11:45:02 | INFO    | telethon.network.mtprotosender | Connection closed while receiving data: 0 bytes read on a total of 8 expected bytes
2026-07-23 11:45:02 | INFO    | telethon.network.mtprotosender | Closing current connection to begin reconnect...
2026-07-23 11:45:02 | INFO    | telethon.network.mtprotosender | Connecting to 149.154.175.50:443/TcpFull...
2026-07-23 11:45:02 | WARNING | telethon.network.connection.connection | Server closed the connection: 0 bytes read on a total of 8 expected bytes
2026-07-23 11:45:02 | INFO    | telethon.network.mtprotosender | Connection closed while receiving data: 0 bytes read on a total of 8 expected bytes
2026-07-23 11:45:02 | INFO    | telethon.network.mtprotosender | Closing current connection to begin reconnect...
2026-07-23 11:45:02 | INFO    | telethon.network.mtprotosender | Connecting to 149.154.175.50:443/TcpFull...
2026-07-23 11:45:02 | INFO    | telethon.network.mtprotosender | Connection to 149.154.175.50:443/TcpFull complete!
2026-07-23 11:45:02 | INFO    | telethon.network.mtprotosender | Connection to 149.154.175.50:443/TcpFull complete!
2026-07-23 11:45:02 | WARNING | telethon.client.updates | Error executing high-level request after reconnect: <class 'telethon.errors.rpcerrorlist.AuthKeyDuplicatedError'>: The authorization key (session file) was used under two different IP addresses simultaneously, and can no longer be used. Use the same session exclusively, or use different sessions (caused by GetUsersRequest)
2026-07-23 11:45:02 | INFO    | campaign | Peer report ok | 248070613_telethon → @komran_star | illegal_docs | Attention, deception! This bot/channel is a fraudulent scheme distributing fake 
2026-07-23 11:45:02 | WARNING | telethon.client.updates | Error executing high-level request after reconnect: <class 'telethon.errors.rpcerrorlist.AuthKeyDuplicatedError'>: The authorization key (session file) was used under two different IP addresses simultaneously, and can no longer be used. Use the same session exclusively, or use different sessions (caused by GetUsersRequest)
2026-07-23 11:45:03 | WARNING | telethon.network.connection.connection | Server closed the connection: 0 bytes read on a total of 8 expected bytes
2026-07-23 11:45:03 | INFO    | telethon.network.mtprotosender | Connection closed while receiving data: 0 bytes read on a total of 8 expected bytes
2026-07-23 11:45:03 | INFO    | telethon.network.mtprotosender | Closing current connection to begin reconnect...
2026-07-23 11:45:03 | INFO    | telethon.network.mtprotosender | Connecting to 149.154.175.50:443/TcpFull...
2026-07-23 11:45:03 | INFO    | telethon.network.mtprotosender | Connection to 149.154.175.50:443/TcpFull complete!
2026-07-23 11:45:03 | WARNING | telethon.client.updates | Error executing high-level request after reconnect: <class 'telethon.errors.rpcerrorlist.AuthKeyDuplicatedError'>: The authorization key (session file) was used under two different IP addresses simultaneously, and can no longer be used. Use the same session exclusively, or use different sessions (caused by GetUsersRequest)
2026-07-23 11:45:05 | INFO    | campaign | Msg report ok | 248070613_telethon → @komran_star msg=560 | illegal_docs | There is a channel offering counterfeit legal documents such as IDs and passport
2026-07-23 11:45:08 | INFO    | campaign | Msg report ok | 248070613_telethon → @komran_star msg=560 | illegal_docs | Beware, scammers! The resource is involved in creating and selling fake document
2026-07-23 11:45:11 | INFO    | campaign | Msg report ok | 248070613_telethon → @komran_star msg=560 | illegal_docs | Attention, deception! This bot/channel is a fraudulent scheme distributing fake 
2026-07-23 11:45:13 | INFO    | campaign | ⏸ Пауза 5 мин до следующего аккаунта
2026-07-23 11:45:13 | ERROR   | asyncio | Task was destroyed but it is pending!
task: <Task pending name='Task-485' coro=<Connection._send_loop() done, defined at C:\Users\Professional\AppData\Roaming\Python\Python314\site-packages\telethon\network\connection\connection.py:316> wait_for=<Future cancelled>>
2026-07-23 11:45:13 | ERROR   | asyncio | Task was destroyed but it is pending!
task: <Task pending name='Task-486' coro=<Connection._recv_loop() running at C:\Users\Professional\AppData\Roaming\Python\Python314\site-packages\telethon\network\connection\connection.py:361> wait_for=<Future pending cb=[Task.task_wakeup()]>>
2026-07-23 11:45:13 | ERROR   | asyncio | Task was destroyed but it is pending!
task: <Task pending name='Task-487' coro=<MTProtoSender._send_loop() done, defined at C:\Users\Professional\AppData\Roaming\Python\Python314\site-packages\telethon\network\mtprotosender.py:452> wait_for=<Future pending cb=[Task.task_wakeup()]>>
2026-07-23 11:45:13 | ERROR   | asyncio | Task was destroyed but it is pending!
task: <Task pending name='Task-488' coro=<MTProtoSender._recv_loop() done, defined at C:\Users\Professional\AppData\Roaming\Python\Python314\site-packages\telethon\network\mtprotosender.py:503> wait_for=<Future cancelled>>
2026-07-23 11:45:13 | ERROR   | asyncio | Task was destroyed but it is pending!
task: <Task pending name='Task-660' coro=<Connection._send_loop() done, defined at C:\Users\Professional\AppData\Roaming\Python\Python314\site-packages\telethon\network\connection\connection.py:316> wait_for=<Future cancelled>>
2026-07-23 11:45:13 | ERROR   | asyncio | Task was destroyed but it is pending!
task: <Task pending name='Task-661' coro=<Connection._recv_loop() running at C:\Users\Professional\AppData\Roaming\Python\Python314\site-packages\telethon\network\connection\connection.py:361> wait_for=<Future pending cb=[Task.task_wakeup()]>>
2026-07-23 11:45:13 | ERROR   | asyncio | Task was destroyed but it is pending!
task: <Task pending name='Task-662' coro=<MTProtoSender._send_loop() done, defined at C:\Users\Professional\AppData\Roaming\Python\Python314\site-packages\telethon\network\mtprotosender.py:452> wait_for=<Future pending cb=[Task.task_wakeup()]>>
2026-07-23 11:45:13 | ERROR   | asyncio | Task was destroyed but it is pending!
task: <Task pending name='Task-663' coro=<MTProtoSender._recv_loop() done, defined at C:\Users\Professional\AppData\Roaming\Python\Python314\site-packages\telethon\network\mtprotosender.py:503> wait_for=<Future cancelled>>
2026-07-23 11:45:13 | ERROR   | asyncio | Task was destroyed but it is pending!
task: <Task pending name='Task-665' coro=<Connection._send_loop() done, defined at C:\Users\Professional\AppData\Roaming\Python\Python314\site-packages\telethon\network\connection\connection.py:316> wait_for=<Future cancelled>>
2026-07-23 11:45:13 | ERROR   | asyncio | Task was destroyed but it is pending!
task: <Task pending name='Task-666' coro=<Connection._recv_loop() running at C:\Users\Professional\AppData\Roaming\Python\Python314\site-packages\telethon\network\connection\connection.py:361> wait_for=<Future pending cb=[Task.task_wakeup()]>>
2026-07-23 11:45:13 | ERROR   | asyncio | Task was destroyed but it is pending!
task: <Task pending name='Task-667' coro=<MTProtoSender._send_loop() done, defined at C:\Users\Professional\AppData\Roaming\Python\Python314\site-packages\telethon\network\mtprotosender.py:452> wait_for=<Future pending cb=[Task.task_wakeup()]>>
2026-07-23 11:45:13 | ERROR   | asyncio | Task was destroyed but it is pending!
task: <Task pending name='Task-668' coro=<MTProtoSender._recv_loop() done, defined at C:\Users\Professional\AppData\Roaming\Python\Python314\site-packages\telethon\network\mtprotosender.py:503> wait_for=<Future cancelled>>
2026-07-23 11:45:13 | ERROR   | asyncio | Task was destroyed but it is pending!
task: <Task pending name='Task-670' coro=<Connection._send_loop() done, defined at C:\Users\Professional\AppData\Roaming\Python\Python314\site-packages\telethon\network\connection\connection.py:316> wait_for=<Future cancelled>>
2026-07-23 11:45:13 | ERROR   | asyncio | Task was destroyed but it is pending!
task: <Task pending name='Task-671' coro=<Connection._recv_loop() running at C:\Users\Professional\AppData\Roaming\Python\Python314\site-packages\telethon\network\connection\connection.py:361> wait_for=<Future pending cb=[Task.task_wakeup()]>>
2026-07-23 11:45:13 | ERROR   | asyncio | Task was destroyed but it is pending!
task: <Task pending name='Task-672' coro=<MTProtoSender._send_loop() done, defined at C:\Users\Professional\AppData\Roaming\Python\Python314\site-packages\telethon\network\mtprotosender.py:452> wait_for=<Future pending cb=[Task.task_wakeup()]>>
2026-07-23 11:45:13 | ERROR   | asyncio | Task was destroyed but it is pending!
task: <Task pending name='Task-673' coro=<MTProtoSender._recv_loop() done, defined at C:\Users\Professional\AppData\Roaming\Python\Python314\site-packages\telethon\network\mtprotosender.py:503> wait_for=<Future cancelled>>
2026-07-23 11:45:13 | ERROR   | asyncio | Task was destroyed but it is pending!
task: <Task pending name='Task-677' coro=<Connection._send_loop() done, defined at C:\Users\Professional\AppData\Roaming\Python\Python314\site-packages\telethon\network\connection\connection.py:316> wait_for=<Future cancelled>>
2026-07-23 11:45:13 | ERROR   | asyncio | Task was destroyed but it is pending!
task: <Task pending name='Task-678' coro=<Connection._recv_loop() running at C:\Users\Professional\AppData\Roaming\Python\Python314\site-packages\telethon\network\connection\connection.py:361> wait_for=<Future pending cb=[Task.task_wakeup()]>>
2026-07-23 11:45:13 | ERROR   | asyncio | Task was destroyed but it is pending!
task: <Task pending name='Task-679' coro=<MTProtoSender._send_loop() done, defined at C:\Users\Professional\AppData\Roaming\Python\Python314\site-packages\telethon\network\mtprotosender.py:452> wait_for=<Future pending cb=[Task.task_wakeup()]>>
2026-07-23 11:45:13 | ERROR   | asyncio | Task was destroyed but it is pending!
task: <Task pending name='Task-680' coro=<MTProtoSender._recv_loop() done, defined at C:\Users\Professional\AppData\Roaming\Python\Python314\site-packages\telethon\network\mtprotosender.py:503> wait_for=<Future cancelled>>
2026-07-23 11:45:13 | ERROR   | asyncio | Task was destroyed but it is pending!
task: <Task pending name='Task-682' coro=<Connection._send_loop() done, defined at C:\Users\Professional\AppData\Roaming\Python\Python314\site-packages\telethon\network\connection\connection.py:316> wait_for=<Future cancelled>>
2026-07-23 11:45:13 | ERROR   | asyncio | Task was destroyed but it is pending!
task: <Task pending name='Task-683' coro=<Connection._recv_loop() running at C:\Users\Professional\AppData\Roaming\Python\Python314\site-packages\telethon\network\connection\connection.py:361> wait_for=<Future pending cb=[Task.task_wakeup()]>>
2026-07-23 11:45:13 | ERROR   | asyncio | Task was destroyed but it is pending!
task: <Task pending name='Task-684' coro=<MTProtoSender._send_loop() done, defined at C:\Users\Professional\AppData\Roaming\Python\Python314\site-packages\telethon\network\mtprotosender.py:452> wait_for=<Future pending cb=[Task.task_wakeup()]>>
2026-07-23 11:45:13 | ERROR   | asyncio | Task was destroyed but it is pending!
task: <Task pending name='Task-685' coro=<MTProtoSender._recv_loop() done, defined at C:\Users\Professional\AppData\Roaming\Python\Python314\site-packages\telethon\network\mtprotosender.py:503> wait_for=<Future cancelled>>
2026-07-23 11:45:13 | ERROR   | asyncio | Task was destroyed but it is pending!
task: <Task pending name='Task-688' coro=<Connection._send_loop() done, defined at C:\Users\Professional\AppData\Roaming\Python\Python314\site-packages\telethon\network\connection\connection.py:316> wait_for=<Future cancelled>>
2026-07-23 11:45:13 | ERROR   | asyncio | Task was destroyed but it is pending!
task: <Task pending name='Task-689' coro=<Connection._recv_loop() running at C:\Users\Professional\AppData\Roaming\Python\Python314\site-packages\telethon\network\connection\connection.py:361> wait_for=<Future pending cb=[Task.task_wakeup()]>>
2026-07-23 11:45:13 | ERROR   | asyncio | Task was destroyed but it is pending!
task: <Task pending name='Task-690' coro=<MTProtoSender._send_loop() done, defined at C:\Users\Professional\AppData\Roaming\Python\Python314\site-packages\telethon\network\mtprotosender.py:452> wait_for=<Future pending cb=[Task.task_wakeup()]>>
2026-07-23 11:45:13 | ERROR   | asyncio | Task was destroyed but it is pending!
task: <Task pending name='Task-691' coro=<MTProtoSender._recv_loop() done, defined at C:\Users\Professional\AppData\Roaming\Python\Python314\site-packages\telethon\network\mtprotosender.py:503> wait_for=<Future cancelled>>
2026-07-23 11:45:13 | ERROR   | asyncio | Task was destroyed but it is pending!
task: <Task pending name='Task-701' coro=<Connection._send_loop() done, defined at C:\Users\Professional\AppData\Roaming\Python\Python314\site-packages\telethon\network\connection\connection.py:316> wait_for=<Future cancelled>>
2026-07-23 11:45:13 | ERROR   | asyncio | Task was destroyed but it is pending!
task: <Task pending name='Task-702' coro=<Connection._recv_loop() running at C:\Users\Professional\AppData\Roaming\Python\Python314\site-packages\telethon\network\connection\connection.py:361> wait_for=<Future pending cb=[Task.task_wakeup()]>>
2026-07-23 11:45:13 | ERROR   | asyncio | Task was destroyed but it is pending!
task: <Task pending name='Task-703' coro=<MTProtoSender._send_loop() done, defined at C:\Users\Professional\AppData\Roaming\Python\Python314\site-packages\telethon\network\mtprotosender.py:452> wait_for=<Future pending cb=[Task.task_wakeup()]>>
2026-07-23 11:45:13 | ERROR   | asyncio | Task was destroyed but it is pending!
task: <Task pending name='Task-704' coro=<MTProtoSender._recv_loop() done, defined at C:\Users\Professional\AppData\Roaming\Python\Python314\site-packages\telethon\network\mtprotosender.py:503> wait_for=<Future cancelled>>
2026-07-23 11:45:13 | ERROR   | asyncio | Task was destroyed but it is pending!
task: <Task pending name='Task-706' coro=<Connection._send_loop() done, defined at C:\Users\Professional\AppData\Roaming\Python\Python314\site-packages\telethon\network\connection\connection.py:316> wait_for=<Future cancelled>>
2026-07-23 11:45:13 | ERROR   | asyncio | Task was destroyed but it is pending!
task: <Task pending name='Task-707' coro=<Connection._recv_loop() running at C:\Users\Professional\AppData\Roaming\Python\Python314\site-packages\telethon\network\connection\connection.py:361> wait_for=<Future pending cb=[Task.task_wakeup()]>>
2026-07-23 11:45:13 | ERROR   | asyncio | Task was destroyed but it is pending!
task: <Task pending name='Task-708' coro=<MTProtoSender._send_loop() done, defined at C:\Users\Professional\AppData\Roaming\Python\Python314\site-packages\telethon\network\mtprotosender.py:452> wait_for=<Future pending cb=[Task.task_wakeup()]>>
2026-07-23 11:45:13 | ERROR   | asyncio | Task was destroyed but it is pending!
task: <Task pending name='Task-709' coro=<MTProtoSender._recv_loop() done, defined at C:\Users\Professional\AppData\Roaming\Python\Python314\site-packages\telethon\network\mtprotosender.py:503> wait_for=<Future cancelled>>
2026-07-23 11:45:13 | ERROR   | asyncio | Task was destroyed but it is pending!
task: <Task pending name='Task-713' coro=<Connection._send_loop() done, defined at C:\Users\Professional\AppData\Roaming\Python\Python314\site-packages\telethon\network\connection\connection.py:316> wait_for=<Future cancelled>>
2026-07-23 11:45:13 | ERROR   | asyncio | Task was destroyed but it is pending!
task: <Task pending name='Task-714' coro=<Connection._recv_loop() running at C:\Users\Professional\AppData\Roaming\Python\Python314\site-packages\telethon\network\connection\connection.py:361> wait_for=<Future pending cb=[Task.task_wakeup()]>>
2026-07-23 11:45:13 | ERROR   | asyncio | Task was destroyed but it is pending!
task: <Task pending name='Task-715' coro=<MTProtoSender._send_loop() done, defined at C:\Users\Professional\AppData\Roaming\Python\Python314\site-packages\telethon\network\mtprotosender.py:452> wait_for=<Future pending cb=[Task.task_wakeup()]>>
2026-07-23 11:45:13 | ERROR   | asyncio | Task was destroyed but it is pending!
task: <Task pending name='Task-716' coro=<MTProtoSender._recv_loop() done, defined at C:\Users\Professional\AppData\Roaming\Python\Python314\site-packages\telethon\network\mtprotosender.py:503> wait_for=<Future cancelled>>
2026-07-23 11:45:13 | ERROR   | asyncio | Task was destroyed but it is pending!
task: <Task pending name='Task-718' coro=<Connection._send_loop() done, defined at C:\Users\Professional\AppData\Roaming\Python\Python314\site-packages\telethon\network\connection\connection.py:316> wait_for=<Future cancelled>>
2026-07-23 11:45:13 | ERROR   | asyncio | Task was destroyed but it is pending!
task: <Task pending name='Task-719' coro=<Connection._recv_loop() running at C:\Users\Professional\AppData\Roaming\Python\Python314\site-packages\telethon\network\connection\connection.py:361> wait_for=<Future pending cb=[Task.task_wakeup()]>>
2026-07-23 11:45:13 | ERROR   | asyncio | Task was destroyed but it is pending!
task: <Task pending name='Task-720' coro=<MTProtoSender._send_loop() done, defined at C:\Users\Professional\AppData\Roaming\Python\Python314\site-packages\telethon\network\mtprotosender.py:452> wait_for=<Future pending cb=[Task.task_wakeup()]>>
2026-07-23 11:45:13 | ERROR   | asyncio | Task was destroyed but it is pending!
task: <Task pending name='Task-721' coro=<MTProtoSender._recv_loop() done, defined at C:\Users\Professional\AppData\Roaming\Python\Python314\site-packages\telethon\network\mtprotosender.py:503> wait_for=<Future cancelled>>
2026-07-23 11:45:13 | ERROR   | asyncio | Task was destroyed but it is pending!
task: <Task pending name='Task-724' coro=<Connection._send_loop() done, defined at C:\Users\Professional\AppData\Roaming\Python\Python314\site-packages\telethon\network\connection\connection.py:316> wait_for=<Future cancelled>>
2026-07-23 11:45:13 | ERROR   | asyncio | Task was destroyed but it is pending!
task: <Task pending name='Task-725' coro=<Connection._recv_loop() running at C:\Users\Professional\AppData\Roaming\Python\Python314\site-packages\telethon\network\connection\connection.py:361> wait_for=<Future pending cb=[Task.task_wakeup()]>>
2026-07-23 11:45:13 | ERROR   | asyncio | Task was destroyed but it is pending!
task: <Task pending name='Task-726' coro=<MTProtoSender._send_loop() done, defined at C:\Users\Professional\AppData\Roaming\Python\Python314\site-packages\telethon\network\mtprotosender.py:452> wait_for=<Future pending cb=[Task.task_wakeup()]>>
2026-07-23 11:45:13 | ERROR   | asyncio | Task was destroyed but it is pending!
task: <Task pending name='Task-727' coro=<MTProtoSender._recv_loop() done, defined at C:\Users\Professional\AppData\Roaming\Python\Python314\site-packages\telethon\network\mtprotosender.py:503> wait_for=<Future cancelled>>
2026-07-23 11:45:13 | WARNING | __main__ | Cannot notify admin 7362573437
2026-07-23 11:47:22 | INFO    | campaign | Остановка кампании…
2026-07-23 11:47:23 | WARNING | __main__ | Cannot notify admin 7362573437
2026-07-23 11:47:23 | INFO    | campaign | ■ Кампания завершена (stopped). Через 12ч придёт контроль удаления целевых ботов.
2026-07-23 11:47:23 | INFO    | aiogram.event | Update id=452969085 is handled. Duration 680 ms by bot id=8949896798
2026-07-23 11:47:24 | WARNING | __main__ | Cannot notify admin 7362573437
2026-07-23 11:47:24 | INFO    | aiogram.event | Update id=452969086 is handled. Duration 167 ms by bot id=8949896798
2026-07-23 11:47:28 | INFO    | aiogram.event | Update id=452969087 is handled. Duration 360 ms by bot id=8949896798
2026-07-23 11:48:02 | INFO    | telethon.network.mtprotosender | Connecting to 149.154.175.53:443/TcpFull...
2026-07-23 11:48:03 | INFO    | telethon.network.mtprotosender | Connection to 149.154.175.53:443/TcpFull complete!
2026-07-23 11:48:06 | INFO    | aiogram.event | Update id=452969088 is handled. Duration 3905 ms by bot id=8949896798
2026-07-23 11:48:08 | INFO    | telethon.network.mtprotosender | Connecting to 149.154.175.53:443/TcpFull...
2026-07-23 11:48:08 | INFO    | telethon.network.mtprotosender | Connection to 149.154.175.53:443/TcpFull complete!
2026-07-23 11:48:11 | INFO    | aiogram.event | Update id=452969089 is handled. Duration 3886 ms by bot id=8949896798
2026-07-23 11:48:14 | INFO    | telethon.network.mtprotosender | Connecting to 149.154.175.53:443/TcpFull...
2026-07-23 11:48:14 | INFO    | telethon.network.mtprotosender | Connection to 149.154.175.53:443/TcpFull complete!
2026-07-23 11:48:17 | INFO    | aiogram.event | Update id=452969090 is handled. Duration 3719 ms by bot id=8949896798
2026-07-23 11:49:51 | INFO    | aiogram.event | Update id=452969091 is handled. Duration 165 ms by bot id=8949896798
2026-07-23 11:49:51 | INFO    | aiogram.event | Update id=452969092 is handled. Duration 182 ms by bot id=8949896798
2026-07-23 11:49:53 | INFO    | aiogram.event | Update id=452969093 is handled. Duration 325 ms by bot id=8949896798
2026-07-23 11:54:24 | INFO    | monitor | Target @resellerashabot deleted (Nobody is using this username or the username is unacceptable (caused by ResolveUsernameRequest)) via periodic
2026-07-23 11:54:24 | INFO    | monitor | Target @ciu638drfyejpulsekbot deleted (Nobody is using this username or the username is unacceptable (caused by ResolveUsernameRequest)) via periodic
2026-07-23 11:54:24 | INFO    | monitor | Target @lhtulwtgbot deleted (Nobody is using this username or the username is unacceptable (caused by ResolveUsernameRequest)) via periodic
2026-07-23 11:54:25 | INFO    | monitor | Target @o3kycz9ibot deleted (Nobody is using this username or the username is unacceptable (caused by ResolveUsernameRequest)) via periodic
2026-07-23 12:00:58 | INFO    | aiogram.event | Update id=452969094 is not handled. Duration 53 ms by bot id=8949896798
2026-07-23 12:00:58 | ERROR   | aiogram.event | Cause exception while process update id=452969094 by bot id=8949896798
TelegramBadRequest: Telegram server says - Bad Request: can't parse entities: Can't find end tag corresponding to start tag "code"
Traceback (most recent call last):
  File "C:\Users\Professional\AppData\Roaming\Python\Python314\site-packages\aiogram\dispatcher\dispatcher.py", line 320, in _process_update
    response = await self.feed_update(bot, update, **kwargs)
               ^^^^^^^^^^^^^^^^^^^^^^^^^^^^^^^^^^^^^^^^^^^^^
  File "C:\Users\Professional\AppData\Roaming\Python\Python314\site-packages\aiogram\dispatcher\dispatcher.py", line 164, in feed_update
    response = await self.update.wrap_outer_middleware(
               ^^^^^^^^^^^^^^^^^^^^^^^^^^^^^^^^^^^^^^^^
    ...<7 lines>...
    )
    ^
  File "C:\Users\Professional\AppData\Roaming\Python\Python314\site-packages\aiogram\dispatcher\middlewares\error.py", line 27, in __call__
    return await handler(event, data)
           ^^^^^^^^^^^^^^^^^^^^^^^^^^
  File "C:\Users\Professional\AppData\Roaming\Python\Python314\site-packages\aiogram\dispatcher\middlewares\user_context.py", line 58, in __call__
    return await handler(event, data)
           ^^^^^^^^^^^^^^^^^^^^^^^^^^
  File "C:\Users\Professional\AppData\Roaming\Python\Python314\site-packages\aiogram\fsm\middleware.py", line 43, in __call__
    return await handler(event, data)
           ^^^^^^^^^^^^^^^^^^^^^^^^^^
  File "C:\Users\Professional\AppData\Roaming\Python\Python314\site-packages\aiogram\dispatcher\event\telegram.py", line 126, in trigger
    return await wrapped_inner(event, kwargs)
           ^^^^^^^^^^^^^^^^^^^^^^^^^^^^^^^^^^
  File "C:\Users\Professional\AppData\Roaming\Python\Python314\site-packages\aiogram\dispatcher\event\handler.py", line 71, in call
    return await wrapped()
           ^^^^^^^^^^^^^^^
  File "C:\Users\Professional\AppData\Roaming\Python\Python314\site-packages\aiogram\dispatcher\dispatcher.py", line 283, in _listen_update
    return await self.propagate_event(update_type=update_type, event=event, **kwargs)
           ^^^^^^^^^^^^^^^^^^^^^^^^^^^^^^^^^^^^^^^^^^^^^^^^^^^^^^^^^^^^^^^^^^^^^^^^^^
  File "C:\Users\Professional\AppData\Roaming\Python\Python314\site-packages\aiogram\dispatcher\router.py", line 165, in propagate_event
    return await observer.wrap_outer_middleware(_wrapped, event=event, data=kwargs)
           ^^^^^^^^^^^^^^^^^^^^^^^^^^^^^^^^^^^^^^^^^^^^^^^^^^^^^^^^^^^^^^^^^^^^^^^^
  File "C:\Users\Professional\AppData\Roaming\Python\Python314\site-packages\aiogram\dispatcher\router.py", line 157, in _wrapped
    return await self._propagate_event(
           ^^^^^^^^^^^^^^^^^^^^^^^^^^^^
    ...<4 lines>...
    )
    ^
  File "C:\Users\Professional\AppData\Roaming\Python\Python314\site-packages\aiogram\dispatcher\router.py", line 193, in _propagate_event
    response = await router.propagate_event(update_type=update_type, event=event, **kwargs)
               ^^^^^^^^^^^^^^^^^^^^^^^^^^^^^^^^^^^^^^^^^^^^^^^^^^^^^^^^^^^^^^^^^^^^^^^^^^^^
  File "C:\Users\Professional\AppData\Roaming\Python\Python314\site-packages\aiogram\dispatcher\router.py", line 165, in propagate_event
    return await observer.wrap_outer_middleware(_wrapped, event=event, data=kwargs)
           ^^^^^^^^^^^^^^^^^^^^^^^^^^^^^^^^^^^^^^^^^^^^^^^^^^^^^^^^^^^^^^^^^^^^^^^^
  File "C:\Users\Professional\AppData\Roaming\Python\Python314\site-packages\aiogram\dispatcher\router.py", line 157, in _wrapped
    return await self._propagate_event(
           ^^^^^^^^^^^^^^^^^^^^^^^^^^^^
    ...<4 lines>...
    )
    ^
  File "C:\Users\Professional\AppData\Roaming\Python\Python314\site-packages\aiogram\dispatcher\router.py", line 185, in _propagate_event
    response = await observer.trigger(event, **kwargs)
               ^^^^^^^^^^^^^^^^^^^^^^^^^^^^^^^^^^^^^^^
  File "C:\Users\Professional\AppData\Roaming\Python\Python314\site-packages\aiogram\dispatcher\event\telegram.py", line 126, in trigger
    return await wrapped_inner(event, kwargs)
           ^^^^^^^^^^^^^^^^^^^^^^^^^^^^^^^^^^
  File "C:\Users\Professional\AppData\Roaming\Python\Python314\site-packages\aiogram\dispatcher\event\handler.py", line 71, in call
    return await wrapped()
           ^^^^^^^^^^^^^^^
  File "D:\shit\telegrambot\jalobyBot\bot_handlers.py", line 249, in logs_handler
    await send_long(message, f"<code>{_escape(text)}</code>")
  File "D:\shit\telegrambot\jalobyBot\bot_handlers.py", line 150, in send_long
    await message.answer(text[i : i + chunk])
  File "C:\Users\Professional\AppData\Roaming\Python\Python314\site-packages\aiogram\methods\base.py", line 82, in emit
    return await bot(self)
           ^^^^^^^^^^^^^^^
  File "C:\Users\Professional\AppData\Roaming\Python\Python314\site-packages\aiogram\client\bot.py", line 509, in __call__
    return await self.session(self, method, timeout=request_timeout)
           ^^^^^^^^^^^^^^^^^^^^^^^^^^^^^^^^^^^^^^^^^^^^^^^^^^^^^^^^^
  File "C:\Users\Professional\AppData\Roaming\Python\Python314\site-packages\aiogram\client\session\base.py", line 259, in __call__
    return cast(TelegramType, await middleware(bot, method))
                              ^^^^^^^^^^^^^^^^^^^^^^^^^^^^^
  File "C:\Users\Professional\AppData\Roaming\Python\Python314\site-packages\aiogram\client\session\aiohttp.py", line 177, in make_request
    response = self.check_response(
        bot=bot,
    ...<2 lines>...
        content=raw_result,
    )
  File "C:\Users\Professional\AppData\Roaming\Python\Python314\site-packages\aiogram\client\session\base.py", line 121, in check_response
    raise TelegramBadRequest(method=method, message=description)
aiogram.exceptions.TelegramBadRequest: Telegram server says - Bad Request: can't parse entities: Can't find end tag corresponding to start tag "code"
2026-07-23 12:01:01 | INFO    | aiogram.event | Update id=452969095 is handled. Duration 164 ms by bot id=8949896798
2026-07-23 12:01:05 | INFO    | aiogram.event | Update id=452969096 is handled. Duration 360 ms by bot id=8949896798
2026-07-23 12:01:44 | INFO    | aiogram.event | Update id=452969097 is handled. Duration 219 ms by bot id=8949896798
2026-07-23 12:02:01 | INFO    | aiogram.event | Update id=452969098 is handled. Duration 194 ms by bot id=8949896798
2026-07-23 12:02:04 | INFO    | aiogram.event | Update id=452969099 is handled. Duration 166 ms by bot id=8949896798
2026-07-23 12:02:20 | INFO    | aiogram.event | Update id=452969100 is handled. Duration 174 ms by bot id=8949896798
2026-07-23 12:02:22 | INFO    | aiogram.event | Update id=452969101 is handled. Duration 345 ms by bot id=8949896798
2026-07-23 12:02:23 | INFO    | campaign | ▶ Раунд 1/5 | язык=English | жалобы=Подделка документов
2026-07-23 12:02:23 | INFO    | aiogram.event | Update id=452969102 is handled. Duration 322 ms by bot id=8949896798
2026-07-23 12:02:23 | WARNING | __main__ | Cannot notify admin 7362573437
2026-07-23 12:02:26 | INFO    | campaign | Аккаунт 248070613_telethon (1/5) → 9 бот(ов)
2026-07-23 12:02:26 | WARNING | __main__ | Cannot notify admin 7362573437
2026-07-23 12:02:34 | INFO    | campaign | Peer report ok | 248070613_telethon → @rqbhdg7gv3s0mdfjb0bot | illegal_docs | This channel provides counterfeit documents like passports and ID cards. Please 
2026-07-23 12:02:37 | INFO    | campaign | Peer report ok | 248070613_telethon → @rqbhdg7gv3s0mdfjb0bot | illegal_docs | This channel provides counterfeit documents like passports and ID cards. Please 
2026-07-23 12:02:39 | INFO    | campaign | Peer report ok | 248070613_telethon → @rqbhdg7gv3s0mdfjb0bot | illegal_docs | SCAM! Продвигают фальшивые документы. Удалите эту мошенническую схему. [Complain
2026-07-23 12:02:42 | INFO    | campaign | Msg report ok | 248070613_telethon → @rqbhdg7gv3s0mdfjb0bot msg=79 | illegal_docs | I have found a channel selling fake documents like IDs and passports. Kindly tak
2026-07-23 12:02:45 | INFO    | campaign | Msg report ok | 248070613_telethon → @rqbhdg7gv3s0mdfjb0bot msg=79 | illegal_docs | Don't believe! They offer "documents" – they are fake. Pure fraud. [Complaint #2
2026-07-23 12:02:47 | INFO    | campaign | Msg report ok | 248070613_telethon → @rqbhdg7gv3s0mdfjb0bot msg=79 | illegal_docs | Immediate action needed for this channel selling illegal counterfeit documents. 
2026-07-23 12:02:56 | INFO    | campaign | Peer report ok | 248070613_telethon → @ay9bf5wwupuac8dmpwbot | illegal_docs | This channel offers counterfeit documents, including fake passports and driver's
2026-07-23 12:02:58 | INFO    | campaign | Peer report ok | 248070613_telethon → @ay9bf5wwupuac8dmpwbot | illegal_docs | Document Scam: bot/channel sells fakes. SCAM. [Complaint #193]
2026-07-23 12:03:00 | INFO    | campaign | Peer report ok | 248070613_telethon → @ay9bf5wwupuac8dmpwbot | illegal_docs | Мошенничество с документами: бот/канал продает подделки. SCAM. [Complaint #147]
2026-07-23 12:03:04 | INFO    | campaign | Msg report ok | 248070613_telethon → @ay9bf5wwupuac8dmpwbot msg=83 | illegal_docs | Не верьте! Предлагают "документы" – это фальшивка. Чистое мошенничество. [Compla
2026-07-23 12:03:06 | INFO    | campaign | Msg report ok | 248070613_telethon → @ay9bf5wwupuac8dmpwbot msg=83 | illegal_docs | Selling fake documents like IDs and passports through this channel is unlawful. 
2026-07-23 12:03:09 | INFO    | campaign | Msg report ok | 248070613_telethon → @ay9bf5wwupuac8dmpwbot msg=83 | illegal_docs | Selling fake documents like passports through this channel is illegal. Requestin
2026-07-23 12:03:18 | INFO    | campaign | Peer report ok | 248070613_telethon → @haporenbot | illegal_docs | I reported a channel selling fake IDs and passports. Please take appropriate act
2026-07-23 12:03:20 | INFO    | campaign | Peer report ok | 248070613_telethon → @haporenbot | illegal_docs | Selling fake documents like IDs and passports through this channel is unlawful. 
2026-07-23 12:03:23 | INFO    | campaign | Peer report ok | 248070613_telethon → @haporenbot | illegal_docs | Selling counterfeit documents like passports through this channel is illegal. Re
2026-07-23 12:03:25 | INFO    | campaign | Msg report ok | 248070613_telethon → @haporenbot msg=85 | illegal_docs | This channel is advertising illegal fake documents. Kindly delete it as soon as 
2026-07-23 12:03:28 | INFO    | campaign | Msg report ok | 248070613_telethon → @haporenbot msg=85 | illegal_docs | SCAM ALERT: Этот бот предлагает фальшивые документы. Это мошенники. [Complaint #
2026-07-23 12:03:30 | INFO    | campaign | Msg report ok | 248070613_telethon → @haporenbot msg=85 | illegal_docs | There’s a channel dealing in fake legal papers, including passports and driver’s
2026-07-23 12:03:40 | INFO    | campaign | Peer report ok | 248070613_telethon → @timbukturobot | illegal_docs | This channel provides counterfeit documents like passports and ID cards. Please 
2026-07-23 12:03:42 | INFO    | campaign | Peer report ok | 248070613_telethon → @timbukturobot | illegal_docs | SCAM! Immediate deletion of the channel/bot offering fake documents is required.
2026-07-23 12:03:44 | INFO    | campaign | Peer report ok | 248070613_telethon → @timbukturobot | illegal_docs | This channel provides counterfeit documents like passports and ID cards. Please 
2026-07-23 12:03:47 | INFO    | campaign | Msg report ok | 248070613_telethon → @timbukturobot msg=87 | illegal_docs | A channel offering fake legal papers such as IDs and passports must be deleted i
2026-07-23 12:03:49 | INFO    | campaign | Msg report ok | 248070613_telethon → @timbukturobot msg=87 | illegal_docs | Beware, a scam! Be vigilant, this resource is involved in fraud, selling fake do
2026-07-23 12:03:52 | INFO    | campaign | Msg report ok | 248070613_telethon → @timbukturobot msg=87 | illegal_docs | Beware, fraudulent channel/bot! They distribute fake documents. It's SCAM. [Comp
2026-07-23 12:04:02 | INFO    | campaign | Peer report ok | 248070613_telethon → @thirtiethrobot | illegal_docs | This channel is distributing fake documents, including driver’s licenses. Please
2026-07-23 12:04:04 | INFO    | campaign | Peer report ok | 248070613_telethon → @thirtiethrobot | illegal_docs | There’s a channel dealing in fake legal papers, including passports and driver’s
2026-07-23 12:04:07 | INFO    | campaign | Peer report ok | 248070613_telethon → @thirtiethrobot | illegal_docs | This channel is involved in the illegal sale of forged documents. Please delete 
2026-07-23 12:04:10 | INFO    | campaign | Msg report ok | 248070613_telethon → @thirtiethrobot msg=89 | illegal_docs | There is a channel selling fake passports and IDs. Request immediate removal. [C
2026-07-23 12:04:13 | INFO    | campaign | Msg report ok | 248070613_telethon → @thirtiethrobot msg=89 | illegal_docs | Beware, a scam! Be vigilant, this resource is involved in fraud, selling fake do
2026-07-23 12:04:16 | INFO    | campaign | Msg report ok | 248070613_telethon → @thirtiethrobot msg=89 | illegal_docs | Immediate action required for this channel offering counterfeit official documen
2026-07-23 12:04:25 | INFO    | campaign | Peer report ok | 248070613_telethon → @onondagarobot | illegal_docs | Selling fake documents like passports through this channel is illegal. Requestin
2026-07-23 12:04:26 | INFO    | monitor | Target @resellerashabot deleted (Nobody is using this username or the username is unacceptable (caused by ResolveUsernameRequest)) via periodic
2026-07-23 12:04:26 | INFO    | monitor | Target @ciu638drfyejpulsekbot deleted (Nobody is using this username or the username is unacceptable (caused by ResolveUsernameRequest)) via periodic
2026-07-23 12:04:26 | INFO    | monitor | Target @lhtulwtgbot deleted (Nobody is using this username or the username is unacceptable (caused by ResolveUsernameRequest)) via periodic
2026-07-23 12:04:27 | INFO    | campaign | Peer report ok | 248070613_telethon → @onondagarobot | illegal_docs | SCAM WARNING! The content of this channel is fraudulent. They sell fake document
2026-07-23 12:04:28 | INFO    | monitor | Target @o3kycz9ibot deleted (Nobody is using this username or the username is unacceptable (caused by ResolveUsernameRequest)) via periodic
2026-07-23 12:04:29 | INFO    | campaign | Peer report ok | 248070613_telethon → @onondagarobot | illegal_docs | This is a channel promoting forged legal documents. Please remove it from the pl
2026-07-23 12:04:32 | INFO    | campaign | Msg report ok | 248070613_telethon → @onondagarobot msg=93 | illegal_docs | Additional variants with emphasis on different details (English): [Complaint #97
2026-07-23 12:04:35 | INFO    | campaign | Msg report ok | 248070613_telethon → @onondagarobot msg=93 | illegal_docs | Serious Fraud! This bot/channel is involved in the distribution of fake document
2026-07-23 12:04:38 | INFO    | campaign | Msg report ok | 248070613_telethon → @onondagarobot msg=93 | illegal_docs | There is a channel selling fake passports and IDs. Request immediate removal. [C
2026-07-23 12:04:46 | INFO    | campaign | Peer report ok | 248070613_telethon → @trigger1robot | illegal_docs | Attention, deception! This bot/channel is a fraudulent scheme distributing fake 
2026-07-23 12:04:47 | INFO    | campaign | Peer report ok | 248070613_telethon → @trigger1robot | illegal_docs | Опасно! Мошенническая деятельность: продажа поддельных документов. [Complaint #3
2026-07-23 12:04:50 | INFO    | campaign | Peer report ok | 248070613_telethon → @trigger1robot | illegal_docs | A channel is advertising the sale of fake documents, including driver’s licenses
2026-07-23 12:04:53 | INFO    | campaign | Msg report ok | 248070613_telethon → @trigger1robot msg=95 | illegal_docs | This channel deals with counterfeit certificates and IDs. Please delete it at on
2026-07-23 12:04:56 | INFO    | campaign | Msg report ok | 248070613_telethon → @trigger1robot msg=95 | illegal_docs | Serious Fraud! This bot/channel is involved in the distribution of fake document
2026-07-23 12:04:59 | INFO    | campaign | Msg report ok | 248070613_telethon → @trigger1robot msg=95 | illegal_docs | This channel is involved in selling fake identification documents. Please remove
2026-07-23 12:05:07 | INFO    | campaign | Peer report ok | 248070613_telethon → @ubbiijjonbot | illegal_docs | Осторожно, мошенники! Ресурс занимается изготовлением и продажей фальшивых докум
2026-07-23 12:05:09 | INFO    | campaign | Peer report ok | 248070613_telethon → @ubbiijjonbot | illegal_docs | Fraud alert: This resource offers to buy fake documents. Please delete. [Complai
2026-07-23 12:05:12 | INFO    | campaign | Peer report ok | 248070613_telethon → @ubbiijjonbot | illegal_docs | This channel is involved in the illegal sale of forged documents. Please remove 
2026-07-23 12:05:14 | INFO    | campaign | Msg report ok | 248070613_telethon → @ubbiijjonbot msg=91 | illegal_docs | Fraud alert: This resource offers to buy fake documents. Please delete. [Complai
2026-07-23 12:05:17 | INFO    | campaign | Msg report ok | 248070613_telethon → @ubbiijjonbot msg=91 | illegal_docs | There is a channel advertising counterfeit legal documents. Please take action a
2026-07-23 12:05:21 | INFO    | campaign | Msg report ok | 248070613_telethon → @ubbiijjonbot msg=91 | illegal_docs | I reported a channel selling fake IDs and passports. Please take appropriate act
2026-07-23 12:05:24 | INFO    | campaign | Не удалось написать @komran_star с 248070613_telethon: You can't write in this chat (caused by SendMessageRequest)
2026-07-23 12:05:24 | WARNING | __main__ | Cannot notify admin 7362573437
2026-07-23 12:05:25 | INFO    | campaign | Peer report ok | 248070613_telethon → @komran_star | illegal_docs | This channel is involved in selling fake identification documents. Please remove
2026-07-23 12:05:27 | INFO    | campaign | Peer report ok | 248070613_telethon → @komran_star | illegal_docs | This platform hosts a channel selling fake legal documents. Remove it promptly. 
2026-07-23 12:05:28 | INFO    | campaign | Peer report ok | 248070613_telethon → @komran_star | illegal_docs | A channel is selling fraudulent documents illegally. Immediate removal requested
2026-07-23 12:05:32 | INFO    | campaign | Msg report ok | 248070613_telethon → @komran_star msg=560 | illegal_docs | Attention, deception! This bot/channel is a fraudulent scheme distributing fake 
2026-07-23 12:05:34 | INFO    | campaign | Msg report ok | 248070613_telethon → @komran_star msg=560 | illegal_docs | There’s a channel dealing in fake legal papers, including passports and driver’s
2026-07-23 12:05:37 | INFO    | campaign | Msg report ok | 248070613_telethon → @komran_star msg=560 | illegal_docs | Beware, fraudulent channel/bot! They distribute fake documents. It's SCAM. [Comp
2026-07-23 12:05:39 | INFO    | campaign | ⏸ Пауза 5 мин до следующего аккаунта
2026-07-23 12:05:39 | WARNING | __main__ | Cannot notify admin 7362573437
2026-07-23 12:10:42 | INFO    | campaign | Аккаунт 248070621_telethon (2/5) → 9 бот(ов)
2026-07-23 12:10:43 | WARNING | __main__ | Cannot notify admin 7362573437
2026-07-23 12:10:51 | INFO    | campaign | Peer report ok | 248070621_telethon → @rqbhdg7gv3s0mdfjb0bot | illegal_docs | Fraud alert: This resource offers to buy fake documents. Please delete. [Complai
2026-07-23 12:10:53 | INFO    | campaign | Peer report ok | 248070621_telethon → @rqbhdg7gv3s0mdfjb0bot | illegal_docs | Attention, deception! This bot/channel is a fraudulent scheme distributing fake 
2026-07-23 12:10:56 | INFO    | campaign | Peer report ok | 248070621_telethon → @rqbhdg7gv3s0mdfjb0bot | illegal_docs | This platform deals in fake IDs and official documents. Please delete the channe
2026-07-23 12:10:58 | INFO    | campaign | Msg report ok | 248070621_telethon → @rqbhdg7gv3s0mdfjb0bot msg=321 | illegal_docs | Warning! Scammers! This bot/channel offers fake documents. Don't fall for it! SC
2026-07-23 12:11:01 | INFO    | campaign | Msg report ok | 248070621_telethon → @rqbhdg7gv3s0mdfjb0bot msg=321 | illegal_docs | A channel offering counterfeit documents, including IDs and passports, needs to 
2026-07-23 12:11:04 | INFO    | campaign | Msg report ok | 248070621_telethon → @rqbhdg7gv3s0mdfjb0bot msg=321 | illegal_docs | Beware, scammers! The resource is involved in creating and selling fake document
2026-07-23 12:11:11 | INFO    | campaign | Peer report ok | 248070621_telethon → @ay9bf5wwupuac8dmpwbot | illegal_docs | Immediate action required for this channel offering counterfeit official documen
2026-07-23 12:11:13 | INFO    | campaign | Peer report ok | 248070621_telethon → @ay9bf5wwupuac8dmpwbot | illegal_docs | SCAM ALERT! This channel is pure fraud. They offer bogus documents. Ignore it! [
2026-07-23 12:11:15 | INFO    | campaign | Peer report ok | 248070621_telethon → @ay9bf5wwupuac8dmpwbot | illegal_docs | There’s a channel offering fake personal and legal documents. Requesting urgent 
2026-07-23 12:11:19 | INFO    | campaign | Msg report ok | 248070621_telethon → @ay9bf5wwupuac8dmpwbot msg=325 | illegal_docs | This platform is promoting the sale of counterfeit documents. Kindly remove it i
2026-07-23 12:11:21 | INFO    | campaign | Msg report ok | 248070621_telethon → @ay9bf5wwupuac8dmpwbot msg=325 | illegal_docs | Document Scam: bot/channel sells fakes. SCAM. [Complaint #81]
2026-07-23 12:11:24 | INFO    | campaign | Msg report ok | 248070621_telethon → @ay9bf5wwupuac8dmpwbot msg=325 | illegal_docs | Beware of fakes: the resource offers bogus documents, these are scammers. [Compl
2026-07-23 12:11:33 | INFO    | campaign | Peer report ok | 248070621_telethon → @haporenbot | illegal_docs | This channel is advertising illegal fake documents. Kindly delete it as soon as 
2026-07-23 12:11:34 | INFO    | campaign | Peer report ok | 248070621_telethon → @haporenbot | illegal_docs | This channel is distributing fake documents, including driver’s licenses. Please
2026-07-23 12:11:36 | INFO    | campaign | Peer report ok | 248070621_telethon → @haporenbot | illegal_docs | SCAM ALERT! Этот канал – чистой воды мошенничество. Предлагают липовые документы
2026-07-23 12:11:39 | INFO    | campaign | Msg report ok | 248070621_telethon → @haporenbot msg=327 | illegal_docs | I request the immediate removal of this channel selling illegal counterfeit docu
2026-07-23 12:11:42 | INFO    | campaign | Msg report ok | 248070621_telethon → @haporenbot msg=327 | illegal_docs | I request the immediate removal of this channel selling illegal counterfeit docu
2026-07-23 12:11:45 | INFO    | campaign | Msg report ok | 248070621_telethon → @haporenbot msg=327 | illegal_docs | A channel is advertising the sale of fake documents, including driver’s licenses
2026-07-23 12:11:54 | INFO    | campaign | Peer report ok | 248070621_telethon → @timbukturobot | illegal_docs | Fraud alert: This resource offers to buy fake documents. Please delete. [Complai
2026-07-23 12:11:56 | INFO    | campaign | Peer report ok | 248070621_telethon → @timbukturobot | illegal_docs | This channel is advertising illegal fake documents. Kindly delete it as soon as 
2026-07-23 12:11:58 | INFO    | campaign | Peer report ok | 248070621_telethon → @timbukturobot | illegal_docs | This channel is advertising illegal fake documents. Kindly delete it as soon as 
2026-07-23 12:12:00 | INFO    | campaign | Msg report ok | 248070621_telethon → @timbukturobot msg=329 | illegal_docs | Beware of fakes: the resource offers bogus documents, these are scammers. [Compl
2026-07-23 12:12:02 | INFO    | campaign | Msg report ok | 248070621_telethon → @timbukturobot msg=329 | illegal_docs | There’s a channel involved in illegal sale of counterfeit documents. Request urg
2026-07-23 12:12:06 | INFO    | campaign | Msg report ok | 248070621_telethon → @timbukturobot msg=329 | illegal_docs | Критически важно: Сайт/бот предлагает поддельные документы. Это мошенники. Немед
2026-07-23 12:12:15 | INFO    | campaign | Peer report ok | 248070621_telethon → @thirtiethrobot | illegal_docs | Attention, deception! This bot/channel is a fraudulent scheme distributing fake 
2026-07-23 12:12:18 | INFO    | campaign | Peer report ok | 248070621_telethon → @thirtiethrobot | illegal_docs | Внимание! Этот канал – источник мошенничества, торгует фальшивыми документами. [
2026-07-23 12:12:19 | INFO    | campaign | Peer report ok | 248070621_telethon → @thirtiethrobot | illegal_docs | I report this channel for distributing fake documents. Immediate action required
2026-07-23 12:12:22 | INFO    | campaign | Msg report ok | 248070621_telethon → @thirtiethrobot msg=331 | illegal_docs | A channel is selling fraudulent documents illegally. Immediate removal requested
2026-07-23 12:12:25 | INFO    | campaign | Msg report ok | 248070621_telethon → @thirtiethrobot msg=331 | illegal_docs | Danger! Fraudulent activity: sale of fake documents. [Complaint #70]
2026-07-23 12:12:28 | INFO    | campaign | Msg report ok | 248070621_telethon → @thirtiethrobot msg=331 | illegal_docs | Attention, deception! This bot/channel is a fraudulent scheme distributing fake 
2026-07-23 12:12:38 | INFO    | campaign | Peer report ok | 248070621_telethon → @onondagarobot | illegal_docs | Beware, fraudulent channel/bot! They distribute fake documents. It's SCAM. [Comp
2026-07-23 12:12:40 | INFO    | campaign | Peer report ok | 248070621_telethon → @onondagarobot | illegal_docs | This channel promotes the sale of fake certified documents. Request urgent remov
2026-07-23 12:12:42 | INFO    | campaign | Peer report ok | 248070621_telethon → @onondagarobot | illegal_docs | I reported a channel selling fake IDs and passports. Please take appropriate act
2026-07-23 12:12:46 | INFO    | campaign | Msg report ok | 248070621_telethon → @onondagarobot msg=333 | illegal_docs | This channel deals with counterfeit certificates and IDs. Please delete it at on
2026-07-23 12:12:49 | INFO    | campaign | Msg report ok | 248070621_telethon → @onondagarobot msg=333 | illegal_docs | This is a channel promoting forged legal documents. Please remove it from the pl
2026-07-23 12:12:51 | INFO    | campaign | Msg report ok | 248070621_telethon → @onondagarobot msg=333 | illegal_docs | This platform hosts a channel selling fake legal documents. Remove it promptly. 
2026-07-23 12:12:58 | INFO    | campaign | Peer report ok | 248070621_telethon → @trigger1robot | illegal_docs | This is a channel promoting forged legal documents. Please remove it from the pl
2026-07-23 12:12:59 | INFO    | campaign | Peer report ok | 248070621_telethon → @trigger1robot | illegal_docs | There is a channel selling fake passports and IDs. Request immediate removal. [C
2026-07-23 12:13:01 | INFO    | campaign | Peer report ok | 248070621_telethon → @trigger1robot | illegal_docs | Мошенничество! Будьте осторожны, данный ресурс содержит предложения о поддельных
2026-07-23 12:13:05 | INFO    | campaign | Msg report ok | 248070621_telethon → @trigger1robot msg=335 | illegal_docs | There is a channel offering counterfeit legal documents such as IDs and passport
2026-07-23 12:13:07 | INFO    | campaign | Msg report ok | 248070621_telethon → @trigger1robot msg=335 | illegal_docs | Осторожно, мошенники! Ресурс занимается изготовлением и продажей фальшивых докум
2026-07-23 12:13:10 | INFO    | campaign | Msg report ok | 248070621_telethon → @trigger1robot msg=335 | illegal_docs | SCAM ALERT! This channel is pure fraud. They offer bogus documents. Ignore it! [
2026-07-23 12:13:18 | INFO    | campaign | Peer report ok | 248070621_telethon → @ubbiijjonbot | illegal_docs | Attention, deception! This bot/channel is a fraudulent scheme distributing fake 
2026-07-23 12:13:19 | INFO    | campaign | Peer report ok | 248070621_telethon → @ubbiijjonbot | illegal_docs | SCAM WARNING! Контент этого канала – мошенничество. Продают поддельные документы
2026-07-23 12:13:22 | INFO    | campaign | Peer report ok | 248070621_telethon → @ubbiijjonbot | illegal_docs | I found a channel distributing fake legal documents. Kindly delete it promptly. 
2026-07-23 12:13:24 | INFO    | campaign | Msg report ok | 248070621_telethon → @ubbiijjonbot msg=337 | illegal_docs | Осторожно, мошеннический канал/бот! Распространяют фальшивые документы. Это SCAM
2026-07-23 12:13:27 | INFO    | campaign | Msg report ok | 248070621_telethon → @ubbiijjonbot msg=337 | illegal_docs | I report this channel for distributing fake documents. Immediate action required
2026-07-23 12:13:30 | INFO    | campaign | Msg report ok | 248070621_telethon → @ubbiijjonbot msg=337 | illegal_docs | This channel promotes the sale of fake certified documents. Request urgent remov
2026-07-23 12:13:32 | INFO    | campaign | Не удалось написать @komran_star с 248070621_telethon: You can't write in this chat (caused by SendMessageRequest)
2026-07-23 12:13:33 | WARNING | __main__ | Cannot notify admin 7362573437
2026-07-23 12:13:33 | INFO    | campaign | Peer report ok | 248070621_telethon → @komran_star | illegal_docs | Serious Fraud! This bot/channel is involved in the distribution of fake document
2026-07-23 12:13:35 | INFO    | campaign | Peer report ok | 248070621_telethon → @komran_star | illegal_docs | Сигнал мошенничества: данный ресурс предлагает купить поддельные документы. Прош
2026-07-23 12:13:37 | INFO    | campaign | Peer report ok | 248070621_telethon → @komran_star | illegal_docs | Не верьте! Предлагают "документы" – это фальшивка. Чистое мошенничество. [Compla
2026-07-23 12:13:40 | INFO    | campaign | Msg report ok | 248070621_telethon → @komran_star msg=560 | illegal_docs | This is a channel promoting forged legal documents. Please remove it from the pl
2026-07-23 12:13:42 | INFO    | campaign | Msg report ok | 248070621_telethon → @komran_star msg=560 | illegal_docs | This channel is involved in selling fake identification documents. Please remove
2026-07-23 12:13:45 | INFO    | campaign | Msg report ok | 248070621_telethon → @komran_star msg=560 | illegal_docs | This channel is involved in illegal sale of counterfeit legal documents. Please 
2026-07-23 12:13:47 | INFO    | campaign | ⏸ Пауза 5 мин до следующего аккаунта
2026-07-23 12:13:48 | WARNING | __main__ | Cannot notify admin 7362573437
2026-07-23 12:14:28 | INFO    | monitor | Target @resellerashabot deleted (Nobody is using this username or the username is unacceptable (caused by ResolveUsernameRequest)) via periodic
2026-07-23 12:14:28 | INFO    | monitor | Target @ciu638drfyejpulsekbot deleted (Nobody is using this username or the username is unacceptable (caused by ResolveUsernameRequest)) via periodic
2026-07-23 12:14:28 | INFO    | monitor | Target @lhtulwtgbot deleted (Nobody is using this username or the username is unacceptable (caused by ResolveUsernameRequest)) via periodic
2026-07-23 12:14:30 | INFO    | monitor | Target @o3kycz9ibot deleted (Nobody is using this username or the username is unacceptable (caused by ResolveUsernameRequest)) via periodic
2026-07-23 12:18:10 | INFO    | telethon.client.updates | Got difference for channel 1181002461 updates
2026-07-23 12:18:15 | INFO    | telethon.client.updates | Got difference for channel 1425338344 updates
2026-07-23 12:18:15 | INFO    | telethon.client.updates | Got difference for channel 1183878849 updates
2026-07-23 12:18:50 | INFO    | campaign | Аккаунт 248540751_telethon (3/5) → 9 бот(ов)
2026-07-23 12:18:50 | WARNING | __main__ | Cannot notify admin 7362573437
2026-07-23 12:18:57 | INFO    | campaign | Peer report ok | 248540751_telethon → @rqbhdg7gv3s0mdfjb0bot | illegal_docs | Immediate action required for this channel offering counterfeit official documen
2026-07-23 12:18:59 | INFO    | campaign | Peer report ok | 248540751_telethon → @rqbhdg7gv3s0mdfjb0bot | illegal_docs | This platform is promoting the sale of counterfeit documents. Kindly remove it i
2026-07-23 12:19:02 | INFO    | campaign | Peer report ok | 248540751_telethon → @rqbhdg7gv3s0mdfjb0bot | illegal_docs | SCAM ALERT! This channel is pure fraud. They offer bogus documents. Ignore it! [
2026-07-23 12:19:04 | INFO    | campaign | Msg report ok | 248540751_telethon → @rqbhdg7gv3s0mdfjb0bot msg=5305 | illegal_docs | SCAM ALERT: Этот бот предлагает фальшивые документы. Это мошенники. [Complaint #
2026-07-23 12:19:07 | INFO    | campaign | Msg report ok | 248540751_telethon → @rqbhdg7gv3s0mdfjb0bot msg=5305 | illegal_docs | SCAM ALERT: Этот бот предлагает фальшивые документы. Это мошенники. [Complaint #
2026-07-23 12:19:10 | INFO    | campaign | Msg report ok | 248540751_telethon → @rqbhdg7gv3s0mdfjb0bot msg=5305 | illegal_docs | Критически важно: Сайт/бот предлагает поддельные документы. Это мошенники. Немед
2026-07-23 12:19:18 | INFO    | campaign | Peer report ok | 248540751_telethon → @ay9bf5wwupuac8dmpwbot | illegal_docs | Beware of fakes: the resource offers bogus documents, these are scammers. [Compl
2026-07-23 12:19:21 | INFO    | campaign | Peer report ok | 248540751_telethon → @ay9bf5wwupuac8dmpwbot | illegal_docs | SCAM ALERT! Этот канал – чистой воды мошенничество. Предлагают липовые документы
2026-07-23 12:19:22 | INFO    | campaign | Peer report ok | 248540751_telethon → @ay9bf5wwupuac8dmpwbot | illegal_docs | Не верьте! Предлагают "документы" – это фальшивка. Чистое мошенничество. [Compla
2026-07-23 12:19:25 | INFO    | campaign | Msg report ok | 248540751_telethon → @ay9bf5wwupuac8dmpwbot msg=5309 | illegal_docs | Мошенничество с документами: бот/канал продает подделки. SCAM. [Complaint #29]
2026-07-23 12:19:28 | INFO    | campaign | Msg report ok | 248540751_telethon → @ay9bf5wwupuac8dmpwbot msg=5309 | illegal_docs | SCAM ALERT: This bot offers fake documents. These are scammers. [Complaint #169]
2026-07-23 12:19:30 | INFO    | campaign | Msg report ok | 248540751_telethon → @ay9bf5wwupuac8dmpwbot msg=5309 | illegal_docs | Внимание, обман! Данный бот/канал является мошеннической схемой, распространяюще
2026-07-23 12:19:40 | INFO    | campaign | Peer report ok | 248540751_telethon → @haporenbot | illegal_docs | I request the immediate removal of this channel selling illegal counterfeit docu
2026-07-23 12:19:41 | INFO    | campaign | Peer report ok | 248540751_telethon → @haporenbot | illegal_docs | I found a channel distributing fake legal documents. Kindly delete it promptly. 
2026-07-23 12:19:44 | INFO    | campaign | Peer report ok | 248540751_telethon → @haporenbot | illegal_docs | Selling counterfeit documents like passports through this channel is illegal. Re
2026-07-23 12:19:47 | INFO    | campaign | Msg report ok | 248540751_telethon → @haporenbot msg=5311 | illegal_docs | SCAM ALERT! This channel is pure fraud. They offer bogus documents. Ignore it! [
2026-07-23 12:19:50 | INFO    | campaign | Msg report ok | 248540751_telethon → @haporenbot msg=5311 | illegal_docs | Beware, a scam! Be vigilant, this resource is involved in fraud, selling fake do
2026-07-23 12:19:53 | INFO    | campaign | Msg report ok | 248540751_telethon → @haporenbot msg=5311 | illegal_docs | This platform offers counterfeit legal identification documents. Please delete i
2026-07-23 12:20:02 | INFO    | campaign | Peer report ok | 248540751_telethon → @timbukturobot | illegal_docs | Selling fake documents like IDs and passports through this channel is unlawful. 
2026-07-23 12:20:04 | INFO    | campaign | Peer report ok | 248540751_telethon → @timbukturobot | illegal_docs | SCAM! Immediate deletion of the channel/bot offering fake documents is required.
2026-07-23 12:20:06 | INFO    | campaign | Peer report ok | 248540751_telethon → @timbukturobot | illegal_docs | SCAM WARNING! Контент этого канала – мошенничество. Продают поддельные документы
2026-07-23 12:20:08 | INFO    | campaign | Msg report ok | 248540751_telethon → @timbukturobot msg=5314 | illegal_docs | SCAM WARNING! Контент этого канала – мошенничество. Продают поддельные документы
2026-07-23 12:20:11 | INFO    | campaign | Msg report ok | 248540751_telethon → @timbukturobot msg=5314 | illegal_docs | Сигнал мошенничества: данный ресурс предлагает купить поддельные документы. Прош
2026-07-23 12:20:14 | INFO    | campaign | Msg report ok | 248540751_telethon → @timbukturobot msg=5314 | illegal_docs | I’ve reported this channel for selling counterfeit documents. Please take down t
2026-07-23 12:20:22 | INFO    | campaign | Peer report ok | 248540751_telethon → @thirtiethrobot | illegal_docs | A channel is selling fraudulent documents illegally. Immediate removal requested
2026-07-23 12:20:24 | INFO    | campaign | Peer report ok | 248540751_telethon → @thirtiethrobot | illegal_docs | Дополнительные варианты с акцентом на разные детали (русский): [Complaint #153]
2026-07-23 12:20:26 | INFO    | campaign | Peer report ok | 248540751_telethon → @thirtiethrobot | illegal_docs | Внимание, обман! Данный бот/канал является мошеннической схемой, распространяюще
2026-07-23 12:20:29 | INFO    | campaign | Msg report ok | 248540751_telethon → @thirtiethrobot msg=5317 | illegal_docs | Внимание, обман! Данный бот/канал является мошеннической схемой, распространяюще
2026-07-23 12:20:32 | INFO    | campaign | Msg report ok | 248540751_telethon → @thirtiethrobot msg=5317 | illegal_docs | I’ve reported this channel for selling counterfeit documents. Please take down t
2026-07-23 12:20:34 | INFO    | campaign | Msg report ok | 248540751_telethon → @thirtiethrobot msg=5317 | illegal_docs | This is a platform selling illegal forged documents. Please delete the channel p
2026-07-23 12:20:43 | INFO    | campaign | Peer report ok | 248540751_telethon → @onondagarobot | illegal_docs | Внимание! Этот канал – источник мошенничества, торгует фальшивыми документами. [
2026-07-23 12:20:45 | INFO    | campaign | Peer report ok | 248540751_telethon → @onondagarobot | illegal_docs | There’s a channel involved in selling fake official documents. Request immediate
2026-07-23 12:20:47 | INFO    | campaign | Peer report ok | 248540751_telethon → @onondagarobot | illegal_docs | Fraud alert: This resource offers to buy fake documents. Please delete. [Complai
2026-07-23 12:20:50 | INFO    | campaign | Msg report ok | 248540751_telethon → @onondagarobot msg=5320 | illegal_docs | This platform hosts a channel selling fake legal documents. Remove it promptly. 
2026-07-23 12:20:52 | INFO    | campaign | Msg report ok | 248540751_telethon → @onondagarobot msg=5320 | illegal_docs | There is a channel selling fake passports and IDs. Request immediate removal. [C
2026-07-23 12:20:55 | INFO    | campaign | Msg report ok | 248540751_telethon → @onondagarobot msg=5320 | illegal_docs | Мошенничество! Будьте осторожны, данный ресурс содержит предложения о поддельных
2026-07-23 12:21:04 | INFO    | campaign | Peer report ok | 248540751_telethon → @trigger1robot | illegal_docs | SCAM ALERT: This bot offers fake documents. These are scammers. [Complaint #193]
2026-07-23 12:21:06 | INFO    | campaign | Peer report ok | 248540751_telethon → @trigger1robot | illegal_docs | This channel deals with counterfeit certificates and IDs. Please delete it at on
2026-07-23 12:21:07 | INFO    | campaign | Peer report ok | 248540751_telethon → @trigger1robot | illegal_docs | There is a channel selling fake passports and IDs. Request immediate removal. [C
2026-07-23 12:21:10 | INFO    | campaign | Msg report ok | 248540751_telethon → @trigger1robot msg=5323 | illegal_docs | Внимание, обман! Данный бот/канал является мошеннической схемой, распространяюще
2026-07-23 12:21:13 | INFO    | campaign | Msg report ok | 248540751_telethon → @trigger1robot msg=5323 | illegal_docs | Осторожно, мошенники! Ресурс занимается изготовлением и продажей фальшивых докум
2026-07-23 12:21:15 | INFO    | campaign | Msg report ok | 248540751_telethon → @trigger1robot msg=5323 | illegal_docs | Document Scam: bot/channel sells fakes. SCAM. [Complaint #104]
2026-07-23 12:21:24 | INFO    | campaign | Peer report ok | 248540751_telethon → @ubbiijjonbot | illegal_docs | SCAM ALERT: This bot offers fake documents. These are scammers. [Complaint #31]
2026-07-23 12:21:26 | INFO    | campaign | Peer report ok | 248540751_telethon → @ubbiijjonbot | illegal_docs | There is a channel offering counterfeit legal documents such as IDs and passport
2026-07-23 12:21:28 | INFO    | campaign | Peer report ok | 248540751_telethon → @ubbiijjonbot | illegal_docs | SCAM! Promoting fake documents. Delete this fraudulent scheme. [Complaint #191]
2026-07-23 12:21:30 | INFO    | campaign | Msg report ok | 248540751_telethon → @ubbiijjonbot msg=5326 | illegal_docs | Beware, fraudulent channel/bot! They distribute fake documents. It's SCAM. [Comp
2026-07-23 12:21:33 | INFO    | campaign | Msg report ok | 248540751_telethon → @ubbiijjonbot msg=5326 | illegal_docs | Immediate action required for this channel offering counterfeit official documen
2026-07-23 12:21:35 | INFO    | campaign | Msg report ok | 248540751_telethon → @ubbiijjonbot msg=5326 | illegal_docs | This channel deals with counterfeit certificates and IDs. Please delete it at on
2026-07-23 12:21:38 | INFO    | campaign | Не удалось написать @komran_star с 248540751_telethon: You can't write in this chat (caused by SendMessageRequest)
2026-07-23 12:21:39 | WARNING | __main__ | Cannot notify admin 7362573437
2026-07-23 12:21:39 | INFO    | campaign | Peer report ok | 248540751_telethon → @komran_star | illegal_docs | Attention! This channel is a source of fraud, trading in fake documents. [Compla
2026-07-23 12:21:41 | INFO    | campaign | Peer report ok | 248540751_telethon → @komran_star | illegal_docs | Beware, a scam! Be vigilant, this resource is involved in fraud, selling fake do
2026-07-23 12:21:43 | INFO    | campaign | Peer report ok | 248540751_telethon → @komran_star | illegal_docs | A channel is advertising the sale of fake documents, including driver’s licenses
2026-07-23 12:21:47 | INFO    | campaign | Msg report ok | 248540751_telethon → @komran_star msg=560 | illegal_docs | Beware, fraudulent channel/bot! They distribute fake documents. It's SCAM. [Comp
2026-07-23 12:21:49 | INFO    | campaign | Msg report ok | 248540751_telethon → @komran_star msg=560 | illegal_docs | Attention! This channel is a source of fraud, trading in fake documents. [Compla
2026-07-23 12:21:51 | INFO    | campaign | Msg report ok | 248540751_telethon → @komran_star msg=560 | illegal_docs | Мошенничество с документами: бот/канал продает подделки. SCAM. [Complaint #41]
2026-07-23 12:21:53 | INFO    | campaign | ⏸ Пауза 5 мин до следующего аккаунта
2026-07-23 12:21:53 | WARNING | __main__ | Cannot notify admin 7362573437
2026-07-23 12:24:30 | INFO    | monitor | Target @resellerashabot deleted (Nobody is using this username or the username is unacceptable (caused by ResolveUsernameRequest)) via periodic
2026-07-23 12:24:30 | INFO    | monitor | Target @ciu638drfyejpulsekbot deleted (Nobody is using this username or the username is unacceptable (caused by ResolveUsernameRequest)) via periodic
2026-07-23 12:24:30 | INFO    | monitor | Target @lhtulwtgbot deleted (Nobody is using this username or the username is unacceptable (caused by ResolveUsernameRequest)) via periodic
2026-07-23 12:24:31 | INFO    | monitor | Target @o3kycz9ibot deleted (Nobody is using this username or the username is unacceptable (caused by ResolveUsernameRequest)) via periodic
2026-07-23 12:26:56 | INFO    | campaign | Аккаунт 248540763_telethon (4/5) → 9 бот(ов)
2026-07-23 12:26:56 | WARNING | __main__ | Cannot notify admin 7362573437
2026-07-23 12:27:03 | INFO    | campaign | Peer report ok | 248540763_telethon → @rqbhdg7gv3s0mdfjb0bot | illegal_docs | Fraud alert: This resource offers to buy fake documents. Please delete. [Complai
2026-07-23 12:27:04 | INFO    | campaign | Peer report ok | 248540763_telethon → @rqbhdg7gv3s0mdfjb0bot | illegal_docs | Document Scam: bot/channel sells fakes. SCAM. [Complaint #143]
2026-07-23 12:27:06 | INFO    | campaign | Peer report ok | 248540763_telethon → @rqbhdg7gv3s0mdfjb0bot | illegal_docs | This is a channel promoting forged legal documents. Please remove it from the pl
2026-07-23 12:27:09 | INFO    | campaign | Msg report ok | 248540763_telethon → @rqbhdg7gv3s0mdfjb0bot msg=4884 | illegal_docs | This channel is involved in illegal sale of counterfeit legal documents. Please 
2026-07-23 12:27:12 | INFO    | campaign | Msg report ok | 248540763_telethon → @rqbhdg7gv3s0mdfjb0bot msg=4884 | illegal_docs | Осторожно, мошенники! Ресурс занимается изготовлением и продажей фальшивых докум
2026-07-23 12:27:14 | INFO    | campaign | Msg report ok | 248540763_telethon → @rqbhdg7gv3s0mdfjb0bot msg=4884 | illegal_docs | Selling counterfeit documents like passports through this channel is illegal. Re
2026-07-23 12:27:24 | INFO    | campaign | Peer report ok | 248540763_telethon → @ay9bf5wwupuac8dmpwbot | illegal_docs | Beware of fakes: the resource offers bogus documents, these are scammers. [Compl
2026-07-23 12:27:26 | INFO    | campaign | Peer report ok | 248540763_telethon → @ay9bf5wwupuac8dmpwbot | illegal_docs | Critically Important: The site/bot offers fake documents. These are scammers. Bl
2026-07-23 12:27:27 | INFO    | campaign | Peer report ok | 248540763_telethon → @ay9bf5wwupuac8dmpwbot | illegal_docs | SCAM WARNING! Контент этого канала – мошенничество. Продают поддельные документы
2026-07-23 12:27:30 | INFO    | campaign | Msg report ok | 248540763_telethon → @ay9bf5wwupuac8dmpwbot msg=4888 | illegal_docs | Не верьте! Предлагают "документы" – это фальшивка. Чистое мошенничество. [Compla
2026-07-23 12:27:32 | INFO    | campaign | Msg report ok | 248540763_telethon → @ay9bf5wwupuac8dmpwbot msg=4888 | illegal_docs | There’s a channel involved in illegal sale of counterfeit documents. Request urg
2026-07-23 12:27:35 | INFO    | campaign | Msg report ok | 248540763_telethon → @ay9bf5wwupuac8dmpwbot msg=4888 | illegal_docs | This channel promotes the sale of forged documents. Urgently remove it from the 
2026-07-23 12:27:43 | INFO    | campaign | Peer report ok | 248540763_telethon → @haporenbot | illegal_docs | SCAM WARNING! Контент этого канала – мошенничество. Продают поддельные документы
2026-07-23 12:27:46 | INFO    | campaign | Peer report ok | 248540763_telethon → @haporenbot | illegal_docs | Beware of fakes: the resource offers bogus documents, these are scammers. [Compl
2026-07-23 12:27:48 | INFO    | campaign | Peer report ok | 248540763_telethon → @haporenbot | illegal_docs | Внимание, обман! Данный бот/канал является мошеннической схемой, распространяюще
2026-07-23 12:27:51 | INFO    | campaign | Msg report ok | 248540763_telethon → @haporenbot msg=4890 | illegal_docs | A channel is selling fraudulent documents illegally. Immediate removal requested
2026-07-23 12:27:53 | INFO    | campaign | Msg report ok | 248540763_telethon → @haporenbot msg=4890 | illegal_docs | This platform hosts a channel selling fake legal documents. Remove it promptly. 
2026-07-23 12:27:56 | INFO    | campaign | Msg report ok | 248540763_telethon → @haporenbot msg=4890 | illegal_docs | Осторожно, мошеннический канал/бот! Распространяют фальшивые документы. Это SCAM
2026-07-23 12:28:06 | INFO    | campaign | Peer report ok | 248540763_telethon → @timbukturobot | illegal_docs | Осторожно, мошенники! Ресурс занимается изготовлением и продажей фальшивых докум
2026-07-23 12:28:08 | INFO    | campaign | Peer report ok | 248540763_telethon → @timbukturobot | illegal_docs | I urge the platform to delete this channel that sells illegal counterfeit docume
2026-07-23 12:28:10 | INFO    | campaign | Peer report ok | 248540763_telethon → @timbukturobot | illegal_docs | Selling illegal fake documents via this channel is a serious violation. Please d
2026-07-23 12:28:13 | INFO    | campaign | Msg report ok | 248540763_telethon → @timbukturobot msg=4893 | illegal_docs | I reported a channel selling fake IDs and passports. Please take appropriate act
2026-07-23 12:28:15 | INFO    | campaign | Msg report ok | 248540763_telethon → @timbukturobot msg=4893 | illegal_docs | Don't believe! They offer "documents" – they are fake. Pure fraud. [Complaint #1
2026-07-23 12:28:18 | INFO    | campaign | Msg report ok | 248540763_telethon → @timbukturobot msg=4893 | illegal_docs | This channel deals with counterfeit certificates and IDs. Please delete it at on
2026-07-23 12:28:28 | INFO    | campaign | Peer report ok | 248540763_telethon → @thirtiethrobot | illegal_docs | This channel is involved in the illegal sale of forged documents. Please remove 
2026-07-23 12:28:29 | INFO    | campaign | Peer report ok | 248540763_telethon → @thirtiethrobot | illegal_docs | SCAM! Продвигают фальшивые документы. Удалите эту мошенническую схему. [Complain
2026-07-23 12:28:32 | INFO    | campaign | Peer report ok | 248540763_telethon → @thirtiethrobot | illegal_docs | Внимание, обман! Данный бот/канал является мошеннической схемой, распространяюще
2026-07-23 12:28:35 | INFO    | campaign | Msg report ok | 248540763_telethon → @thirtiethrobot msg=4896 | illegal_docs | Selling counterfeit documents like passports through this channel is illegal. Re
2026-07-23 12:28:38 | INFO    | campaign | Msg report ok | 248540763_telethon → @thirtiethrobot msg=4896 | illegal_docs | Beware, fraudulent channel/bot! They distribute fake documents. It's SCAM. [Comp
2026-07-23 12:28:40 | INFO    | campaign | Msg report ok | 248540763_telethon → @thirtiethrobot msg=4896 | illegal_docs | SCAM ALERT! Этот канал – чистой воды мошенничество. Предлагают липовые документы
2026-07-23 12:28:49 | INFO    | campaign | Peer report ok | 248540763_telethon → @onondagarobot | illegal_docs | Attention, deception! This bot/channel is a fraudulent scheme distributing fake 
2026-07-23 12:28:51 | INFO    | campaign | Peer report ok | 248540763_telethon → @onondagarobot | illegal_docs | SCAM! This bot/channel is an obvious deception. [Complaint #10]
2026-07-23 12:28:53 | INFO    | campaign | Peer report ok | 248540763_telethon → @onondagarobot | illegal_docs | This channel is involved in the illegal sale of forged documents. Please remove 
2026-07-23 12:28:56 | INFO    | campaign | Msg report ok | 248540763_telethon → @onondagarobot msg=4899 | illegal_docs | Beware, scammers! The resource is involved in creating and selling fake document
2026-07-23 12:28:58 | INFO    | campaign | Msg report ok | 248540763_telethon → @onondagarobot msg=4899 | illegal_docs | SCAM! Immediate deletion of the channel/bot offering fake documents is required.
2026-07-23 12:29:00 | INFO    | campaign | Msg report ok | 248540763_telethon → @onondagarobot msg=4899 | illegal_docs | This platform deals in fake IDs and official documents. Please delete the channe
2026-07-23 12:29:09 | INFO    | campaign | Peer report ok | 248540763_telethon → @trigger1robot | illegal_docs | Don't believe! They offer "documents" – they are fake. Pure fraud. [Complaint #8
2026-07-23 12:29:10 | INFO    | campaign | Peer report ok | 248540763_telethon → @trigger1robot | illegal_docs | There is a channel advertising counterfeit legal documents. Please take action a
2026-07-23 12:29:12 | INFO    | campaign | Peer report ok | 248540763_telethon → @trigger1robot | illegal_docs | Критически важно: Сайт/бот предлагает поддельные документы. Это мошенники. Немед
2026-07-23 12:29:15 | INFO    | campaign | Msg report ok | 248540763_telethon → @trigger1robot msg=4902 | illegal_docs | SCAM WARNING! The content of this channel is fraudulent. They sell fake document
2026-07-23 12:29:18 | INFO    | campaign | Msg report ok | 248540763_telethon → @trigger1robot msg=4902 | illegal_docs | I request the immediate removal of this channel selling illegal counterfeit docu
2026-07-23 12:29:20 | INFO    | campaign | Msg report ok | 248540763_telethon → @trigger1robot msg=4902 | illegal_docs | Serious Fraud! This bot/channel is involved in the distribution of fake document
2026-07-23 12:29:28 | INFO    | campaign | Peer report ok | 248540763_telethon → @ubbiijjonbot | illegal_docs | This channel promotes the sale of forged documents. Urgently remove it from the 
2026-07-23 12:29:30 | INFO    | campaign | Peer report ok | 248540763_telethon → @ubbiijjonbot | illegal_docs | Serious Fraud! This bot/channel is involved in the distribution of fake document
2026-07-23 12:29:32 | INFO    | campaign | Peer report ok | 248540763_telethon → @ubbiijjonbot | illegal_docs | I have reported a channel offering counterfeit legal documents. Please remove it
2026-07-23 12:29:35 | INFO    | campaign | Msg report ok | 248540763_telethon → @ubbiijjonbot msg=4905 | illegal_docs | This channel is involved in the illegal sale of forged documents. Please remove 
2026-07-23 12:29:38 | INFO    | campaign | Msg report ok | 248540763_telethon → @ubbiijjonbot msg=4905 | illegal_docs | I found a channel distributing fake legal documents. Kindly delete it promptly. 
2026-07-23 12:29:41 | INFO    | campaign | Msg report ok | 248540763_telethon → @ubbiijjonbot msg=4905 | illegal_docs | This platform is promoting the sale of counterfeit documents. Kindly remove it i
2026-07-23 12:29:43 | INFO    | campaign | Не удалось написать @komran_star с 248540763_telethon: You can't write in this chat (caused by SendMessageRequest)
2026-07-23 12:29:43 | WARNING | __main__ | Cannot notify admin 7362573437
2026-07-23 12:29:44 | INFO    | campaign | Peer report ok | 248540763_telethon → @komran_star | illegal_docs | There’s a channel involved in illegal sale of counterfeit documents. Request urg
2026-07-23 12:29:46 | INFO    | campaign | Peer report ok | 248540763_telethon → @komran_star | illegal_docs | SCAM ALERT! Этот канал – чистой воды мошенничество. Предлагают липовые документы
2026-07-23 12:29:48 | INFO    | campaign | Peer report ok | 248540763_telethon → @komran_star | illegal_docs | Additional variants with emphasis on different details (English): [Complaint #89
2026-07-23 12:29:51 | INFO    | campaign | Msg report ok | 248540763_telethon → @komran_star msg=560 | illegal_docs | Мошенничество! Будьте осторожны, данный ресурс содержит предложения о поддельных
2026-07-23 12:29:54 | INFO    | campaign | Msg report ok | 248540763_telethon → @komran_star msg=560 | illegal_docs | I urge the platform to delete this channel that sells illegal counterfeit docume
2026-07-23 12:29:56 | INFO    | campaign | Msg report ok | 248540763_telethon → @komran_star msg=560 | illegal_docs | SCAM! Продвигают фальшивые документы. Удалите эту мошенническую схему. [Complain
2026-07-23 12:29:57 | INFO    | campaign | ⏸ Пауза 5 мин до следующего аккаунта
2026-07-23 12:29:58 | WARNING | __main__ | Cannot notify admin 7362573437
2026-07-23 12:33:04 | INFO    | telethon.client.updates | Got difference for channel 2425655820 updates
2026-07-23 12:33:10 | INFO    | telethon.client.updates | Got difference for channel 2425655820 updates
2026-07-23 12:33:15 | INFO    | telethon.client.updates | Got difference for channel 2425655820 updates
2026-07-23 12:34:32 | INFO    | monitor | Target @resellerashabot deleted (Nobody is using this username or the username is unacceptable (caused by ResolveUsernameRequest)) via periodic
2026-07-23 12:34:32 | INFO    | monitor | Target @ciu638drfyejpulsekbot deleted (Nobody is using this username or the username is unacceptable (caused by ResolveUsernameRequest)) via periodic
2026-07-23 12:34:32 | INFO    | monitor | Target @lhtulwtgbot deleted (Nobody is using this username or the username is unacceptable (caused by ResolveUsernameRequest)) via periodic
2026-07-23 12:34:33 | INFO    | monitor | Target @o3kycz9ibot deleted (Nobody is using this username or the username is unacceptable (caused by ResolveUsernameRequest)) via periodic
2026-07-23 12:35:00 | INFO    | campaign | Аккаунт 248540764_telethon (5/5) → 9 бот(ов)
2026-07-23 12:35:01 | WARNING | __main__ | Cannot notify admin 7362573437
2026-07-23 12:35:07 | INFO    | campaign | Peer report ok | 248540764_telethon → @rqbhdg7gv3s0mdfjb0bot | illegal_docs | This channel is advertising illegal fake documents. Kindly delete it as soon as 
2026-07-23 12:35:09 | INFO    | campaign | Peer report ok | 248540764_telethon → @rqbhdg7gv3s0mdfjb0bot | illegal_docs | Beware, fraudulent channel/bot! They distribute fake documents. It's SCAM. [Comp
2026-07-23 12:35:11 | INFO    | campaign | Peer report ok | 248540764_telethon → @rqbhdg7gv3s0mdfjb0bot | illegal_docs | Attention, deception! This bot/channel is a fraudulent scheme distributing fake 
2026-07-23 12:35:13 | INFO    | campaign | Msg report ok | 248540764_telethon → @rqbhdg7gv3s0mdfjb0bot msg=3966 | illegal_docs | This is a platform selling illegal forged documents. Please delete the channel p
2026-07-23 12:35:16 | INFO    | campaign | Msg report ok | 248540764_telethon → @rqbhdg7gv3s0mdfjb0bot msg=3966 | illegal_docs | I found a channel distributing fake legal documents. Kindly delete it promptly. 
2026-07-23 12:35:19 | INFO    | campaign | Msg report ok | 248540764_telethon → @rqbhdg7gv3s0mdfjb0bot msg=3966 | illegal_docs | SCAM ALERT: This bot offers fake documents. These are scammers. [Complaint #65]
2026-07-23 12:35:28 | INFO    | campaign | Peer report ok | 248540764_telethon → @ay9bf5wwupuac8dmpwbot | illegal_docs | Please remove this channel that promotes the sale of counterfeit IDs and passpor
2026-07-23 12:35:30 | INFO    | campaign | Peer report ok | 248540764_telethon → @ay9bf5wwupuac8dmpwbot | illegal_docs | A channel offering fake legal papers such as IDs and passports must be deleted i
2026-07-23 12:35:33 | INFO    | campaign | Peer report ok | 248540764_telethon → @ay9bf5wwupuac8dmpwbot | illegal_docs | This channel promotes the sale of fake identification papers. Please take it dow
2026-07-23 12:35:35 | INFO    | campaign | Msg report ok | 248540764_telethon → @ay9bf5wwupuac8dmpwbot msg=3970 | illegal_docs | Критически важно: Сайт/бот предлагает поддельные документы. Это мошенники. Немед
2026-07-23 12:35:37 | INFO    | campaign | Msg report ok | 248540764_telethon → @ay9bf5wwupuac8dmpwbot msg=3970 | illegal_docs | Document Scam: bot/channel sells fakes. SCAM. [Complaint #92]
2026-07-23 12:35:39 | INFO    | campaign | Msg report ok | 248540764_telethon → @ay9bf5wwupuac8dmpwbot msg=3970 | illegal_docs | Additional variants with emphasis on different details (English): [Complaint #16
2026-07-23 12:35:47 | INFO    | campaign | Peer report ok | 248540764_telethon → @haporenbot | illegal_docs | Selling fake documents like passports through this channel is illegal. Requestin
2026-07-23 12:35:49 | INFO    | campaign | Peer report ok | 248540764_telethon → @haporenbot | illegal_docs | I urge the platform to delete this channel that sells illegal counterfeit docume
2026-07-23 12:35:51 | INFO    | campaign | Peer report ok | 248540764_telethon → @haporenbot | illegal_docs | Fraud! Be careful, this resource contains offers for fake documents. [Complaint 
2026-07-23 12:35:54 | INFO    | campaign | Msg report ok | 248540764_telethon → @haporenbot msg=3972 | illegal_docs | There is a channel offering counterfeit legal documents such as IDs and passport
2026-07-23 12:35:57 | INFO    | campaign | Msg report ok | 248540764_telethon → @haporenbot msg=3972 | illegal_docs | Additional variants with emphasis on different details (English): [Complaint #19
2026-07-23 12:36:00 | INFO    | campaign | Msg report ok | 248540764_telethon → @haporenbot msg=3972 | illegal_docs | Warning! Scammers! This bot/channel offers fake documents. Don't fall for it! SC
2026-07-23 12:36:08 | INFO    | campaign | Peer report ok | 248540764_telethon → @timbukturobot | illegal_docs | A channel is selling fraudulent documents illegally. Immediate removal requested
2026-07-23 12:36:10 | INFO    | campaign | Peer report ok | 248540764_telethon → @timbukturobot | illegal_docs | SCAM WARNING! The content of this channel is fraudulent. They sell fake document
2026-07-23 12:36:12 | INFO    | campaign | Peer report ok | 248540764_telethon → @timbukturobot | illegal_docs | SCAM! Требуется немедленное удаление канала/бота, предлагающего фальшивые докуме
2026-07-23 12:36:15 | INFO    | campaign | Msg report ok | 248540764_telethon → @timbukturobot msg=3975 | illegal_docs | Critically Important: The site/bot offers fake documents. These are scammers. Bl
2026-07-23 12:36:18 | INFO    | campaign | Msg report ok | 248540764_telethon → @timbukturobot msg=3975 | illegal_docs | This platform is promoting the sale of counterfeit documents. Kindly remove it i
2026-07-23 12:36:20 | INFO    | campaign | Msg report ok | 248540764_telethon → @timbukturobot msg=3975 | illegal_docs | Осторожно, мошенники! Ресурс занимается изготовлением и продажей фальшивых докум
2026-07-23 12:36:28 | INFO    | campaign | Peer report ok | 248540764_telethon → @thirtiethrobot | illegal_docs | SCAM! This bot/channel is an obvious deception. [Complaint #101]
2026-07-23 12:36:30 | INFO    | campaign | Peer report ok | 248540764_telethon → @thirtiethrobot | illegal_docs | SCAM ALERT: Этот бот предлагает фальшивые документы. Это мошенники. [Complaint #
2026-07-23 12:36:31 | INFO    | campaign | Peer report ok | 248540764_telethon → @thirtiethrobot | illegal_docs | SCAM! Продвигают фальшивые документы. Удалите эту мошенническую схему. [Complain
2026-07-23 12:36:34 | INFO    | campaign | Msg report ok | 248540764_telethon → @thirtiethrobot msg=3978 | illegal_docs | I report this channel for distributing fake documents. Immediate action required
2026-07-23 12:36:37 | INFO    | campaign | Msg report ok | 248540764_telethon → @thirtiethrobot msg=3978 | illegal_docs | This is a channel offering illegal fake documents. Please delete it right away. 
2026-07-23 12:36:39 | INFO    | campaign | Msg report ok | 248540764_telethon → @thirtiethrobot msg=3978 | illegal_docs | This channel is advertising illegal fake documents. Kindly delete it as soon as 
2026-07-23 12:36:49 | INFO    | campaign | Peer report ok | 248540764_telethon → @onondagarobot | illegal_docs | Дополнительные варианты с акцентом на разные детали (русский): [Complaint #20]
2026-07-23 12:36:51 | INFO    | campaign | Peer report ok | 248540764_telethon → @onondagarobot | illegal_docs | This is a channel promoting forged legal documents. Please remove it from the pl
2026-07-23 12:36:53 | INFO    | campaign | Peer report ok | 248540764_telethon → @onondagarobot | illegal_docs | Additional variants with emphasis on different details (English): [Complaint #92
2026-07-23 12:36:55 | INFO    | campaign | Msg report ok | 248540764_telethon → @onondagarobot msg=3981 | illegal_docs | Не верьте! Предлагают "документы" – это фальшивка. Чистое мошенничество. [Compla
2026-07-23 12:36:58 | INFO    | campaign | Msg report ok | 248540764_telethon → @onondagarobot msg=3981 | illegal_docs | Beware of fakes: the resource offers bogus documents, these are scammers. [Compl
2026-07-23 12:37:00 | INFO    | campaign | Msg report ok | 248540764_telethon → @onondagarobot msg=3981 | illegal_docs | This channel is involved in the illegal sale of forged documents. Please remove 
2026-07-23 12:37:07 | INFO    | campaign | Peer report ok | 248540764_telethon → @trigger1robot | illegal_docs | This is a channel offering illegal fake documents. Please delete it right away. 
2026-07-23 12:37:09 | INFO    | campaign | Peer report ok | 248540764_telethon → @trigger1robot | illegal_docs | This channel offers counterfeit documents, including fake passports and driver's
2026-07-23 12:37:12 | INFO    | campaign | Peer report ok | 248540764_telethon → @trigger1robot | illegal_docs | I’ve reported this channel for selling counterfeit documents. Please take down t
2026-07-23 12:37:14 | INFO    | campaign | Msg report ok | 248540764_telethon → @trigger1robot msg=3984 | illegal_docs | SCAM ALERT! This channel is pure fraud. They offer bogus documents. Ignore it! [
2026-07-23 12:37:17 | INFO    | campaign | Msg report ok | 248540764_telethon → @trigger1robot msg=3984 | illegal_docs | Document Scam: bot/channel sells fakes. SCAM. [Complaint #151]
2026-07-23 12:37:20 | INFO    | campaign | Msg report ok | 248540764_telethon → @trigger1robot msg=3984 | illegal_docs | Не верьте! Предлагают "документы" – это фальшивка. Чистое мошенничество. [Compla
2026-07-23 12:37:29 | INFO    | campaign | Peer report ok | 248540764_telethon → @ubbiijjonbot | illegal_docs | Внимание, обман! Данный бот/канал является мошеннической схемой, распространяюще
2026-07-23 12:37:31 | INFO    | campaign | Peer report ok | 248540764_telethon → @ubbiijjonbot | illegal_docs | Мошенничество! Будьте осторожны, данный ресурс содержит предложения о поддельных
2026-07-23 12:37:33 | INFO    | campaign | Peer report ok | 248540764_telethon → @ubbiijjonbot | illegal_docs | I request urgent removal of this channel involved in selling counterfeit legal d
2026-07-23 12:37:36 | INFO    | campaign | Msg report ok | 248540764_telethon → @ubbiijjonbot msg=3987 | illegal_docs | A channel distributing fake legal papers needs to be permanently removed now. [C
2026-07-23 12:37:39 | INFO    | campaign | Msg report ok | 248540764_telethon → @ubbiijjonbot msg=3987 | illegal_docs | This platform is promoting the sale of counterfeit documents. Kindly remove it i
2026-07-23 12:37:42 | INFO    | campaign | Msg report ok | 248540764_telethon → @ubbiijjonbot msg=3987 | illegal_docs | A channel is advertising the sale of fake documents, including driver’s licenses
2026-07-23 12:37:44 | INFO    | campaign | Не удалось написать @komran_star с 248540764_telethon: You can't write in this chat (caused by SendMessageRequest)
2026-07-23 12:37:44 | WARNING | __main__ | Cannot notify admin 7362573437
2026-07-23 12:37:45 | INFO    | campaign | Peer report ok | 248540764_telethon → @komran_star | illegal_docs | Дополнительные варианты с акцентом на разные детали (русский): [Complaint #112]
2026-07-23 12:37:47 | INFO    | campaign | Peer report ok | 248540764_telethon → @komran_star | illegal_docs | I request the immediate removal of this channel selling illegal counterfeit docu
2026-07-23 12:37:49 | INFO    | campaign | Peer report ok | 248540764_telethon → @komran_star | illegal_docs | This is a channel promoting forged legal documents. Please remove it from the pl
2026-07-23 12:37:52 | INFO    | campaign | Msg report ok | 248540764_telethon → @komran_star msg=560 | illegal_docs | A channel is advertising the sale of fake documents, including driver’s licenses
2026-07-23 12:37:54 | INFO    | campaign | Msg report ok | 248540764_telethon → @komran_star msg=560 | illegal_docs | Don't believe! They offer "documents" – they are fake. Pure fraud. [Complaint #6
2026-07-23 12:37:57 | INFO    | campaign | Msg report ok | 248540764_telethon → @komran_star msg=560 | illegal_docs | SCAM ALERT! Этот канал – чистой воды мошенничество. Предлагают липовые документы
2026-07-23 12:37:58 | INFO    | campaign | ⏸ Раунд 1 готов. Ждём 20 мин до раунда 2
2026-07-23 12:37:59 | WARNING | __main__ | Cannot notify admin 7362573437
2026-07-23 12:44:34 | INFO    | monitor | Target @resellerashabot deleted (Nobody is using this username or the username is unacceptable (caused by ResolveUsernameRequest)) via periodic
2026-07-23 12:44:34 | INFO    | monitor | Target @ciu638drfyejpulsekbot deleted (Nobody is using this username or the username is unacceptable (caused by ResolveUsernameRequest)) via periodic
2026-07-23 12:44:34 | INFO    | monitor | Target @lhtulwtgbot deleted (Nobody is using this username or the username is unacceptable (caused by ResolveUsernameRequest)) via periodic
2026-07-23 12:44:35 | INFO    | monitor | Target @o3kycz9ibot deleted (Nobody is using this username or the username is unacceptable (caused by ResolveUsernameRequest)) via periodic
2026-07-23 12:54:36 | INFO    | monitor | Target @resellerashabot deleted (Nobody is using this username or the username is unacceptable (caused by ResolveUsernameRequest)) via periodic
2026-07-23 12:54:36 | INFO    | monitor | Target @ciu638drfyejpulsekbot deleted (Nobody is using this username or the username is unacceptable (caused by ResolveUsernameRequest)) via periodic
2026-07-23 12:54:37 | INFO    | monitor | Target @lhtulwtgbot deleted (Nobody is using this username or the username is unacceptable (caused by ResolveUsernameRequest)) via periodic
2026-07-23 12:54:39 | INFO    | monitor | Target @o3kycz9ibot deleted (Nobody is using this username or the username is unacceptable (caused by ResolveUsernameRequest)) via periodic
2026-07-23 12:58:07 | INFO    | campaign | ▶ Раунд 2/5 | язык=English | жалобы=Подделка документов
2026-07-23 12:58:07 | WARNING | __main__ | Cannot notify admin 7362573437
2026-07-23 12:58:10 | INFO    | campaign | Аккаунт 248070613_telethon (1/5) → 9 бот(ов)
2026-07-23 12:58:11 | WARNING | __main__ | Cannot notify admin 7362573437
2026-07-23 12:58:17 | INFO    | campaign | Peer report ok | 248070613_telethon → @rqbhdg7gv3s0mdfjb0bot | illegal_docs | This channel is involved in the illegal sale of forged documents. Please delete 
2026-07-23 12:58:19 | INFO    | campaign | Peer report ok | 248070613_telethon → @rqbhdg7gv3s0mdfjb0bot | illegal_docs | Сигнал мошенничества: данный ресурс предлагает купить поддельные документы. Прош
2026-07-23 12:58:21 | INFO    | campaign | Peer report ok | 248070613_telethon → @rqbhdg7gv3s0mdfjb0bot | illegal_docs | SCAM! Требуется немедленное удаление канала/бота, предлагающего фальшивые докуме
2026-07-23 12:58:24 | INFO    | campaign | Msg report ok | 248070613_telethon → @rqbhdg7gv3s0mdfjb0bot msg=129 | illegal_docs | SCAM! Immediate deletion of the channel/bot offering fake documents is required.
2026-07-23 12:58:28 | INFO    | campaign | Msg report ok | 248070613_telethon → @rqbhdg7gv3s0mdfjb0bot msg=129 | illegal_docs | This channel is illegally distributing fake documents. Please take it down immed
2026-07-23 12:58:31 | INFO    | campaign | Msg report ok | 248070613_telethon → @rqbhdg7gv3s0mdfjb0bot msg=129 | illegal_docs | SCAM! Immediate deletion of the channel/bot offering fake documents is required.
2026-07-23 12:58:42 | INFO    | campaign | Peer report ok | 248070613_telethon → @ay9bf5wwupuac8dmpwbot | illegal_docs | Additional variants with emphasis on different details (English): [Complaint #95
2026-07-23 12:58:44 | INFO    | campaign | Peer report ok | 248070613_telethon → @ay9bf5wwupuac8dmpwbot | illegal_docs | A channel is advertising the sale of fake documents, including driver’s licenses
2026-07-23 12:58:47 | INFO    | campaign | Peer report ok | 248070613_telethon → @ay9bf5wwupuac8dmpwbot | illegal_docs | Beware, scammers! The resource is involved in creating and selling fake document
2026-07-23 12:58:50 | INFO    | campaign | Msg report ok | 248070613_telethon → @ay9bf5wwupuac8dmpwbot msg=133 | illegal_docs | This platform promotes the sale of fake legal identification documents. Please t
2026-07-23 12:58:53 | INFO    | campaign | Msg report ok | 248070613_telethon → @ay9bf5wwupuac8dmpwbot msg=133 | illegal_docs | This channel is involved in selling fake identification documents. Please remove
2026-07-23 12:58:56 | INFO    | campaign | Msg report ok | 248070613_telethon → @ay9bf5wwupuac8dmpwbot msg=133 | illegal_docs | This channel is involved in the illegal sale of forged documents. Please delete 
2026-07-23 12:59:05 | INFO    | campaign | Peer report ok | 248070613_telethon → @haporenbot | illegal_docs | Осторожно, мошеннический канал/бот! Распространяют фальшивые документы. Это SCAM
2026-07-23 12:59:07 | INFO    | campaign | Peer report ok | 248070613_telethon → @haporenbot | illegal_docs | This channel deals with counterfeit certificates and IDs. Please delete it at on
2026-07-23 12:59:09 | INFO    | campaign | Peer report ok | 248070613_telethon → @haporenbot | illegal_docs | There’s a channel involved in illegal sale of counterfeit documents. Request urg
2026-07-23 12:59:12 | INFO    | campaign | Msg report ok | 248070613_telethon → @haporenbot msg=135 | illegal_docs | This is a channel promoting forged legal documents. Please remove it from the pl
2026-07-23 12:59:15 | INFO    | campaign | Msg report ok | 248070613_telethon → @haporenbot msg=135 | illegal_docs | This is a channel offering illegal fake documents. Please delete it right away. 
2026-07-23 12:59:19 | INFO    | campaign | Msg report ok | 248070613_telethon → @haporenbot msg=135 | illegal_docs | This channel is involved in the illegal sale of forged documents. Please delete 
2026-07-23 12:59:28 | INFO    | campaign | Peer report ok | 248070613_telethon → @timbukturobot | illegal_docs | This platform promotes the sale of fake legal identification documents. Please t
2026-07-23 12:59:30 | INFO    | campaign | Peer report ok | 248070613_telethon → @timbukturobot | illegal_docs | SCAM! This bot/channel is an obvious deception. [Complaint #62]
2026-07-23 12:59:32 | INFO    | campaign | Peer report ok | 248070613_telethon → @timbukturobot | illegal_docs | This channel is distributing fake documents, including driver’s licenses. Please
2026-07-23 12:59:35 | INFO    | campaign | Msg report ok | 248070613_telethon → @timbukturobot msg=138 | illegal_docs | This channel is illegally distributing fake documents. Please take it down immed
2026-07-23 12:59:38 | INFO    | campaign | Msg report ok | 248070613_telethon → @timbukturobot msg=138 | illegal_docs | This platform deals in fake IDs and official documents. Please delete the channe
2026-07-23 12:59:41 | INFO    | campaign | Msg report ok | 248070613_telethon → @timbukturobot msg=138 | illegal_docs | This channel is involved in the illegal sale of forged documents. Please delete 
2026-07-23 12:59:50 | INFO    | campaign | Peer report ok | 248070613_telethon → @thirtiethrobot | illegal_docs | This channel promotes the sale of forged documents. Urgently remove it from the 
2026-07-23 12:59:52 | INFO    | campaign | Peer report ok | 248070613_telethon → @thirtiethrobot | illegal_docs | SCAM! This bot/channel is an obvious deception. [Complaint #48]
2026-07-23 12:59:54 | INFO    | campaign | Peer report ok | 248070613_telethon → @thirtiethrobot | illegal_docs | Selling illegal fake documents via this channel is a serious violation. Please d
2026-07-23 12:59:58 | INFO    | campaign | Msg report ok | 248070613_telethon → @thirtiethrobot msg=141 | illegal_docs | This channel is involved in the illegal sale of forged documents. Please remove 
2026-07-23 13:00:01 | INFO    | campaign | Msg report ok | 248070613_telethon → @thirtiethrobot msg=141 | illegal_docs | SCAM ALERT: Этот бот предлагает фальшивые документы. Это мошенники. [Complaint #
2026-07-23 13:00:05 | INFO    | campaign | Msg report ok | 248070613_telethon → @thirtiethrobot msg=141 | illegal_docs | Warning! Scammers! This bot/channel offers fake documents. Don't fall for it! SC
2026-07-23 13:00:13 | INFO    | campaign | Peer report ok | 248070613_telethon → @onondagarobot | illegal_docs | This channel deals with counterfeit certificates and IDs. Please delete it at on
2026-07-23 13:00:15 | INFO    | campaign | Peer report ok | 248070613_telethon → @onondagarobot | illegal_docs | SCAM! Продвигают фальшивые документы. Удалите эту мошенническую схему. [Complain
2026-07-23 13:00:17 | INFO    | campaign | Peer report ok | 248070613_telethon → @onondagarobot | illegal_docs | Document Scam: bot/channel sells fakes. SCAM. [Complaint #142]
2026-07-23 13:00:20 | INFO    | campaign | Msg report ok | 248070613_telethon → @onondagarobot msg=146 | illegal_docs | Critically Important: The site/bot offers fake documents. These are scammers. Bl
2026-07-23 13:00:23 | INFO    | campaign | Msg report ok | 248070613_telethon → @onondagarobot msg=146 | illegal_docs | Attention, deception! This bot/channel is a fraudulent scheme distributing fake 
2026-07-23 13:00:27 | INFO    | campaign | Msg report ok | 248070613_telethon → @onondagarobot msg=146 | illegal_docs | This platform hosts a channel selling fake legal documents. Remove it promptly. 
2026-07-23 13:00:37 | INFO    | campaign | Peer report ok | 248070613_telethon → @trigger1robot | illegal_docs | This channel is distributing fake documents, including driver’s licenses. Please
2026-07-23 13:00:39 | INFO    | campaign | Peer report ok | 248070613_telethon → @trigger1robot | illegal_docs | I found a channel distributing fake legal documents. Kindly delete it promptly. 
2026-07-23 13:00:42 | INFO    | campaign | Peer report ok | 248070613_telethon → @trigger1robot | illegal_docs | This platform offers counterfeit legal identification documents. Please delete i
2026-07-23 13:00:45 | INFO    | campaign | Msg report ok | 248070613_telethon → @trigger1robot msg=149 | illegal_docs | Danger! Fraudulent activity: sale of fake documents. [Complaint #6]
2026-07-23 13:00:48 | INFO    | campaign | Msg report ok | 248070613_telethon → @trigger1robot msg=149 | illegal_docs | This channel provides counterfeit documents like passports and ID cards. Please 
2026-07-23 13:00:51 | INFO    | campaign | Msg report ok | 248070613_telethon → @trigger1robot msg=149 | illegal_docs | Дополнительные варианты с акцентом на разные детали (русский): [Complaint #149]
2026-07-23 13:01:00 | INFO    | campaign | Peer report ok | 248070613_telethon → @ubbiijjonbot | illegal_docs | SCAM! This bot/channel is an obvious deception. [Complaint #72]
2026-07-23 13:01:02 | INFO    | campaign | Peer report ok | 248070613_telethon → @ubbiijjonbot | illegal_docs | There’s a channel offering fraudulent documents illegally. Kindly remove it imme
2026-07-23 13:01:05 | INFO    | campaign | Peer report ok | 248070613_telethon → @ubbiijjonbot | illegal_docs | This channel offers counterfeit documents, including fake passports and driver's
2026-07-23 13:01:08 | INFO    | campaign | Msg report ok | 248070613_telethon → @ubbiijjonbot msg=144 | illegal_docs | SCAM ALERT! This channel is pure fraud. They offer bogus documents. Ignore it! [
2026-07-23 13:01:11 | INFO    | campaign | Msg report ok | 248070613_telethon → @ubbiijjonbot msg=144 | illegal_docs | Immediate action needed for this channel selling illegal counterfeit documents. 
2026-07-23 13:01:13 | INFO    | campaign | Msg report ok | 248070613_telethon → @ubbiijjonbot msg=144 | illegal_docs | Beware, fraudulent channel/bot! They distribute fake documents. It's SCAM. [Comp
2026-07-23 13:01:16 | INFO    | campaign | Не удалось написать @komran_star с 248070613_telethon: You can't write in this chat (caused by SendMessageRequest)
2026-07-23 13:01:16 | WARNING | __main__ | Cannot notify admin 7362573437
2026-07-23 13:01:17 | INFO    | campaign | Peer report ok | 248070613_telethon → @komran_star | illegal_docs | This channel is illegally distributing fake documents. Please take it down immed
2026-07-23 13:01:20 | INFO    | campaign | Peer report ok | 248070613_telethon → @komran_star | illegal_docs | A channel offering counterfeit documents, including IDs and passports, needs to 
2026-07-23 13:01:23 | INFO    | campaign | Peer report ok | 248070613_telethon → @komran_star | illegal_docs | SCAM! Immediate deletion of the channel/bot offering fake documents is required.
2026-07-23 13:01:27 | INFO    | campaign | Msg report ok | 248070613_telethon → @komran_star msg=560 | illegal_docs | Selling illegal fake documents via this channel is a serious violation. Please d
2026-07-23 13:01:30 | INFO    | campaign | Msg report ok | 248070613_telethon → @komran_star msg=560 | illegal_docs | This is a channel offering illegal fake documents. Please delete it right away. 
2026-07-23 13:01:32 | INFO    | campaign | Msg report ok | 248070613_telethon → @komran_star msg=560 | illegal_docs | This channel provides counterfeit documents like passports and ID cards. Please 
2026-07-23 13:01:35 | INFO    | campaign | ⏸ Пауза 5 мин до следующего аккаунта
2026-07-23 13:01:36 | WARNING | __main__ | Cannot notify admin 7362573437
2026-07-23 13:03:04 | INFO    | telethon.client.updates | Cannot get difference since the account is not logged in: AuthKeyUnregisteredError
2026-07-23 13:03:04 | INFO    | telethon.network.mtprotosender | Disconnecting from 149.154.175.53:443/TcpFull...
2026-07-23 13:03:04 | INFO    | telethon.network.mtprotosender | Disconnection from 149.154.175.53:443/TcpFull complete!
2026-07-23 13:03:10 | INFO    | telethon.client.updates | Cannot get difference since the account is not logged in: AuthKeyUnregisteredError
2026-07-23 13:03:10 | INFO    | telethon.network.mtprotosender | Disconnecting from 149.154.175.53:443/TcpFull...
2026-07-23 13:03:10 | INFO    | telethon.network.mtprotosender | Disconnection from 149.154.175.53:443/TcpFull complete!
2026-07-23 13:03:16 | INFO    | telethon.client.updates | Cannot get difference since the account is not logged in: AuthKeyUnregisteredError
2026-07-23 13:03:16 | INFO    | telethon.network.mtprotosender | Disconnecting from 149.154.175.53:443/TcpFull...
2026-07-23 13:03:16 | INFO    | telethon.network.mtprotosender | Disconnection from 149.154.175.53:443/TcpFull complete!
2026-07-23 13:04:39 | INFO    | monitor | Target @resellerashabot deleted (Nobody is using this username or the username is unacceptable (caused by ResolveUsernameRequest)) via periodic
2026-07-23 13:04:39 | INFO    | monitor | Target @ciu638drfyejpulsekbot deleted (Nobody is using this username or the username is unacceptable (caused by ResolveUsernameRequest)) via periodic
2026-07-23 13:04:40 | INFO    | monitor | Target @lhtulwtgbot deleted (Nobody is using this username or the username is unacceptable (caused by ResolveUsernameRequest)) via periodic
2026-07-23 13:04:42 | INFO    | monitor | Target @o3kycz9ibot deleted (Nobody is using this username or the username is unacceptable (caused by ResolveUsernameRequest)) via periodic
2026-07-23 13:06:38 | INFO    | campaign | Аккаунт 248070621_telethon (2/5) → 9 бот(ов)
2026-07-23 13:06:40 | WARNING | __main__ | Cannot notify admin 7362573437
2026-07-23 13:06:47 | INFO    | campaign | Peer report ok | 248070621_telethon → @rqbhdg7gv3s0mdfjb0bot | illegal_docs | There is a channel advertising counterfeit legal documents. Please take action a
2026-07-23 13:06:49 | INFO    | campaign | Peer report ok | 248070621_telethon → @rqbhdg7gv3s0mdfjb0bot | illegal_docs | I’ve reported this channel for selling counterfeit documents. Please take down t
2026-07-23 13:06:50 | INFO    | campaign | Peer report ok | 248070621_telethon → @rqbhdg7gv3s0mdfjb0bot | illegal_docs | There is a channel selling fake passports and IDs. Request immediate removal. [C
2026-07-23 13:06:53 | INFO    | campaign | Msg report ok | 248070621_telethon → @rqbhdg7gv3s0mdfjb0bot msg=359 | illegal_docs | This channel promotes the sale of forged documents. Urgently remove it from the 
2026-07-23 13:06:57 | INFO    | campaign | Msg report ok | 248070621_telethon → @rqbhdg7gv3s0mdfjb0bot msg=359 | illegal_docs | There is a channel advertising counterfeit legal documents. Please take action a
2026-07-23 13:07:01 | INFO    | campaign | Msg report ok | 248070621_telethon → @rqbhdg7gv3s0mdfjb0bot msg=359 | illegal_docs | This channel is involved in selling fake identification documents. Please remove
2026-07-23 13:07:12 | INFO    | campaign | Peer report ok | 248070621_telethon → @ay9bf5wwupuac8dmpwbot | illegal_docs | Attention, deception! This bot/channel is a fraudulent scheme distributing fake 
2026-07-23 13:07:14 | INFO    | campaign | Peer report ok | 248070621_telethon → @ay9bf5wwupuac8dmpwbot | illegal_docs | Опасно! Мошенническая деятельность: продажа поддельных документов. [Complaint #6
2026-07-23 13:07:17 | INFO    | campaign | Peer report ok | 248070621_telethon → @ay9bf5wwupuac8dmpwbot | illegal_docs | A channel offering counterfeit documents, including IDs and passports, needs to 
2026-07-23 13:07:20 | INFO    | campaign | Msg report ok | 248070621_telethon → @ay9bf5wwupuac8dmpwbot msg=363 | illegal_docs | Fraud alert: This resource offers to buy fake documents. Please delete. [Complai
2026-07-23 13:07:23 | INFO    | campaign | Msg report ok | 248070621_telethon → @ay9bf5wwupuac8dmpwbot msg=363 | illegal_docs | This platform hosts a channel selling fake legal documents. Remove it promptly. 
2026-07-23 13:07:26 | INFO    | campaign | Msg report ok | 248070621_telethon → @ay9bf5wwupuac8dmpwbot msg=363 | illegal_docs | There’s a channel dealing in fake legal papers, including passports and driver’s
2026-07-23 13:07:34 | INFO    | campaign | Peer report ok | 248070621_telethon → @haporenbot | illegal_docs | Опасно! Мошенническая деятельность: продажа поддельных документов. [Complaint #1
2026-07-23 13:07:36 | INFO    | campaign | Peer report ok | 248070621_telethon → @haporenbot | illegal_docs | Внимание, обман! Данный бот/канал является мошеннической схемой, распространяюще
2026-07-23 13:07:39 | INFO    | campaign | Peer report ok | 248070621_telethon → @haporenbot | illegal_docs | I reported a channel selling fake IDs and passports. Please take appropriate act
2026-07-23 13:07:41 | INFO    | campaign | Msg report ok | 248070621_telethon → @haporenbot msg=365 | illegal_docs | I’ve reported this channel for selling counterfeit documents. Please take down t
2026-07-23 13:07:44 | INFO    | campaign | Msg report ok | 248070621_telethon → @haporenbot msg=365 | illegal_docs | SCAM! Этот бот/канал – очевидный обман. [Complaint #124]
2026-07-23 13:07:48 | INFO    | campaign | Msg report ok | 248070621_telethon → @haporenbot msg=365 | illegal_docs | I have reported a channel offering counterfeit legal documents. Please remove it
2026-07-23 13:07:58 | INFO    | campaign | Peer report ok | 248070621_telethon → @timbukturobot | illegal_docs | This channel is involved in selling fake identification documents. Please remove
2026-07-23 13:07:59 | INFO    | campaign | Peer report ok | 248070621_telethon → @timbukturobot | illegal_docs | Мошенничество! Будьте осторожны, данный ресурс содержит предложения о поддельных
2026-07-23 13:08:01 | INFO    | campaign | Peer report ok | 248070621_telethon → @timbukturobot | illegal_docs | This channel is distributing fake documents, including driver’s licenses. Please
2026-07-23 13:08:03 | INFO    | campaign | Msg report ok | 248070621_telethon → @timbukturobot msg=368 | illegal_docs | This channel offers counterfeit documents, including fake passports and driver's
2026-07-23 13:08:07 | INFO    | campaign | Msg report ok | 248070621_telethon → @timbukturobot msg=368 | illegal_docs | Не верьте! Предлагают "документы" – это фальшивка. Чистое мошенничество. [Compla
2026-07-23 13:08:09 | INFO    | campaign | Msg report ok | 248070621_telethon → @timbukturobot msg=368 | illegal_docs | Critically Important: The site/bot offers fake documents. These are scammers. Bl
2026-07-23 13:08:18 | INFO    | campaign | Peer report ok | 248070621_telethon → @thirtiethrobot | illegal_docs | There’s a channel involved in selling fake official documents. Request immediate
2026-07-23 13:08:21 | INFO    | campaign | Peer report ok | 248070621_telethon → @thirtiethrobot | illegal_docs | This channel is distributing fake documents, including driver’s licenses. Please
2026-07-23 13:08:23 | INFO    | campaign | Peer report ok | 248070621_telethon → @thirtiethrobot | illegal_docs | Осторожно, мошеннический канал/бот! Распространяют фальшивые документы. Это SCAM
2026-07-23 13:08:27 | INFO    | campaign | Msg report ok | 248070621_telethon → @thirtiethrobot msg=371 | illegal_docs | Immediate action required for this channel offering counterfeit official documen
2026-07-23 13:08:29 | INFO    | campaign | Msg report ok | 248070621_telethon → @thirtiethrobot msg=371 | illegal_docs | There’s a channel offering fraudulent documents illegally. Kindly remove it imme
2026-07-23 13:08:31 | INFO    | campaign | Msg report ok | 248070621_telethon → @thirtiethrobot msg=371 | illegal_docs | A channel is advertising the sale of fake documents, including driver’s licenses
2026-07-23 13:08:40 | INFO    | campaign | Peer report ok | 248070621_telethon → @onondagarobot | illegal_docs | This platform hosts a channel selling fake legal documents. Remove it promptly. 
2026-07-23 13:08:42 | INFO    | campaign | Peer report ok | 248070621_telethon → @onondagarobot | illegal_docs | Мошенничество с документами: бот/канал продает подделки. SCAM. [Complaint #18]
2026-07-23 13:08:44 | INFO    | campaign | Peer report ok | 248070621_telethon → @onondagarobot | illegal_docs | Selling fake documents like IDs and passports through this channel is unlawful. 
2026-07-23 13:08:48 | INFO    | campaign | Msg report ok | 248070621_telethon → @onondagarobot msg=374 | illegal_docs | This channel promotes the sale of forged documents. Urgently remove it from the 
2026-07-23 13:08:52 | INFO    | campaign | Msg report ok | 248070621_telethon → @onondagarobot msg=374 | illegal_docs | A channel distributing fake legal papers needs to be permanently removed now. [C
2026-07-23 13:08:55 | INFO    | campaign | Msg report ok | 248070621_telethon → @onondagarobot msg=374 | illegal_docs | This channel provides counterfeit documents like passports and ID cards. Please 
2026-07-23 13:09:03 | INFO    | campaign | Peer report ok | 248070621_telethon → @trigger1robot | illegal_docs | This channel is distributing fake documents, including driver’s licenses. Please
2026-07-23 13:09:05 | INFO    | campaign | Peer report ok | 248070621_telethon → @trigger1robot | illegal_docs | Beware, a scam! Be vigilant, this resource is involved in fraud, selling fake do
2026-07-23 13:09:07 | INFO    | campaign | Peer report ok | 248070621_telethon → @trigger1robot | illegal_docs | Immediate action needed for this channel selling illegal counterfeit documents. 
2026-07-23 13:09:10 | INFO    | campaign | Msg report ok | 248070621_telethon → @trigger1robot msg=377 | illegal_docs | Внимание, обман! Данный бот/канал является мошеннической схемой, распространяюще
2026-07-23 13:09:13 | INFO    | campaign | Msg report ok | 248070621_telethon → @trigger1robot msg=377 | illegal_docs | This platform promotes the sale of fake legal identification documents. Please t
2026-07-23 13:09:16 | INFO    | campaign | Msg report ok | 248070621_telethon → @trigger1robot msg=377 | illegal_docs | SCAM! Этот бот/канал – очевидный обман. [Complaint #130]
2026-07-23 13:09:26 | INFO    | campaign | Peer report ok | 248070621_telethon → @ubbiijjonbot | illegal_docs | Immediate action needed for this channel selling illegal counterfeit documents. 
2026-07-23 13:09:28 | INFO    | campaign | Peer report ok | 248070621_telethon → @ubbiijjonbot | illegal_docs | Beware, a scam! Be vigilant, this resource is involved in fraud, selling fake do
2026-07-23 13:09:30 | INFO    | campaign | Peer report ok | 248070621_telethon → @ubbiijjonbot | illegal_docs | This platform is promoting the sale of counterfeit documents. Kindly remove it i
2026-07-23 13:09:33 | INFO    | campaign | Msg report ok | 248070621_telethon → @ubbiijjonbot msg=353 | illegal_docs | There is a channel offering counterfeit legal documents such as IDs and passport
2026-07-23 13:09:35 | INFO    | campaign | Msg report ok | 248070621_telethon → @ubbiijjonbot msg=353 | illegal_docs | Мошенничество! Будьте осторожны, данный ресурс содержит предложения о поддельных
2026-07-23 13:09:39 | INFO    | campaign | Msg report ok | 248070621_telethon → @ubbiijjonbot msg=353 | illegal_docs | SCAM ALERT: This bot offers fake documents. These are scammers. [Complaint #39]
2026-07-23 13:09:40 | INFO    | campaign | Не удалось написать @komran_star с 248070621_telethon: You can't write in this chat (caused by SendMessageRequest)
2026-07-23 13:09:41 | WARNING | __main__ | Cannot notify admin 7362573437
2026-07-23 13:09:42 | INFO    | campaign | Peer report ok | 248070621_telethon → @komran_star | illegal_docs | Selling counterfeit documents like passports through this channel is illegal. Re
2026-07-23 13:09:44 | INFO    | campaign | Peer report ok | 248070621_telethon → @komran_star | illegal_docs | Attention, deception! This bot/channel is a fraudulent scheme distributing fake 
2026-07-23 13:09:46 | INFO    | campaign | Peer report ok | 248070621_telethon → @komran_star | illegal_docs | Attention! This channel is a source of fraud, trading in fake documents. [Compla
2026-07-23 13:09:48 | INFO    | campaign | Msg report ok | 248070621_telethon → @komran_star msg=560 | illegal_docs | This channel is involved in illegal sale of counterfeit legal documents. Please 
2026-07-23 13:09:51 | INFO    | campaign | Msg report ok | 248070621_telethon → @komran_star msg=560 | illegal_docs | SCAM ALERT: Этот бот предлагает фальшивые документы. Это мошенники. [Complaint #
2026-07-23 13:09:54 | INFO    | campaign | Msg report ok | 248070621_telethon → @komran_star msg=560 | illegal_docs | Мошенничество с документами: бот/канал продает подделки. SCAM. [Complaint #108]
2026-07-23 13:09:56 | INFO    | campaign | ⏸ Пауза 5 мин до следующего аккаунта
2026-07-23 13:09:56 | WARNING | __main__ | Cannot notify admin 7362573437
2026-07-23 13:14:42 | INFO    | monitor | Target @resellerashabot deleted (Nobody is using this username or the username is unacceptable (caused by ResolveUsernameRequest)) via periodic
2026-07-23 13:14:42 | INFO    | monitor | Target @ciu638drfyejpulsekbot deleted (Nobody is using this username or the username is unacceptable (caused by ResolveUsernameRequest)) via periodic
2026-07-23 13:14:42 | INFO    | monitor | Target @lhtulwtgbot deleted (Nobody is using this username or the username is unacceptable (caused by ResolveUsernameRequest)) via periodic
2026-07-23 13:14:44 | INFO    | monitor | Target @o3kycz9ibot deleted (Nobody is using this username or the username is unacceptable (caused by ResolveUsernameRequest)) via periodic
2026-07-23 13:14:56 | INFO    | telethon.network.mtprotosender | Connecting to 149.154.175.53:443/TcpFull...
2026-07-23 13:14:58 | INFO    | telethon.network.mtprotosender | Connection to 149.154.175.53:443/TcpFull complete!
2026-07-23 13:14:59 | INFO    | telethon.network.mtprotosender | Disconnecting from 149.154.175.53:443/TcpFull...
2026-07-23 13:14:59 | INFO    | telethon.network.mtprotosender | Disconnection from 149.154.175.53:443/TcpFull complete!
2026-07-23 13:14:59 | INFO    | campaign | ⏭ 248540751_telethon недоступен — пропуск
2026-07-23 13:15:00 | WARNING | __main__ | Cannot notify admin 7362573437
2026-07-23 13:15:00 | INFO    | telethon.network.mtprotosender | Connecting to 149.154.175.53:443/TcpFull...
2026-07-23 13:15:00 | INFO    | telethon.network.mtprotosender | Connection to 149.154.175.53:443/TcpFull complete!
2026-07-23 13:15:01 | INFO    | telethon.network.mtprotosender | Disconnecting from 149.154.175.53:443/TcpFull...
2026-07-23 13:15:01 | INFO    | telethon.network.mtprotosender | Disconnection from 149.154.175.53:443/TcpFull complete!
2026-07-23 13:15:01 | INFO    | campaign | ⏭ 248540763_telethon недоступен — пропуск
2026-07-23 13:15:02 | WARNING | __main__ | Cannot notify admin 7362573437
2026-07-23 13:15:02 | INFO    | telethon.network.mtprotosender | Connecting to 149.154.175.53:443/TcpFull...
2026-07-23 13:15:02 | INFO    | telethon.network.mtprotosender | Connection to 149.154.175.53:443/TcpFull complete!
2026-07-23 13:15:02 | INFO    | telethon.network.mtprotosender | Disconnecting from 149.154.175.53:443/TcpFull...
2026-07-23 13:15:02 | INFO    | telethon.network.mtprotosender | Disconnection from 149.154.175.53:443/TcpFull complete!
2026-07-23 13:15:02 | INFO    | campaign | ⏭ 248540764_telethon недоступен — пропуск
2026-07-23 13:15:04 | WARNING | __main__ | Cannot notify admin 7362573437
2026-07-23 13:15:04 | INFO    | campaign | ⏸ Раунд 2 готов. Ждём 20 мин до раунда 3
2026-07-23 13:15:04 | WARNING | __main__ | Cannot notify admin 7362573437
2026-07-23 13:20:24 | INFO    | telethon.client.updates | Got difference for account updates
2026-07-23 13:24:44 | INFO    | monitor | Target @resellerashabot deleted (Nobody is using this username or the username is unacceptable (caused by ResolveUsernameRequest)) via periodic
2026-07-23 13:24:44 | INFO    | monitor | Target @ciu638drfyejpulsekbot deleted (Nobody is using this username or the username is unacceptable (caused by ResolveUsernameRequest)) via periodic
2026-07-23 13:24:45 | INFO    | monitor | Target @lhtulwtgbot deleted (Nobody is using this username or the username is unacceptable (caused by ResolveUsernameRequest)) via periodic
2026-07-23 13:24:46 | INFO    | monitor | Target @o3kycz9ibot deleted (Nobody is using this username or the username is unacceptable (caused by ResolveUsernameRequest)) via periodic
2026-07-23 13:34:46 | INFO    | monitor | Target @resellerashabot deleted (Nobody is using this username or the username is unacceptable (caused by ResolveUsernameRequest)) via periodic
2026-07-23 13:34:46 | INFO    | monitor | Target @ciu638drfyejpulsekbot deleted (Nobody is using this username or the username is unacceptable (caused by ResolveUsernameRequest)) via periodic
2026-07-23 13:34:47 | INFO    | monitor | Target @lhtulwtgbot deleted (Nobody is using this username or the username is unacceptable (caused by ResolveUsernameRequest)) via periodic
2026-07-23 13:34:48 | INFO    | monitor | Target @o3kycz9ibot deleted (Nobody is using this username or the username is unacceptable (caused by ResolveUsernameRequest)) via periodic
2026-07-23 13:35:08 | INFO    | campaign | ▶ Раунд 3/5 | язык=English | жалобы=Подделка документов
2026-07-23 13:35:08 | WARNING | __main__ | Cannot notify admin 7362573437
2026-07-23 13:35:11 | INFO    | campaign | Аккаунт 248070613_telethon (1/2) → 9 бот(ов)
2026-07-23 13:35:11 | WARNING | __main__ | Cannot notify admin 7362573437
2026-07-23 13:35:18 | INFO    | campaign | Peer report ok | 248070613_telethon → @rqbhdg7gv3s0mdfjb0bot | illegal_docs | SCAM ALERT! Этот канал – чистой воды мошенничество. Предлагают липовые документы
2026-07-23 13:35:20 | INFO    | campaign | Peer report ok | 248070613_telethon → @rqbhdg7gv3s0mdfjb0bot | illegal_docs | Не верьте! Предлагают "документы" – это фальшивка. Чистое мошенничество. [Compla
2026-07-23 13:35:22 | INFO    | campaign | Peer report ok | 248070613_telethon → @rqbhdg7gv3s0mdfjb0bot | illegal_docs | SCAM! Promoting fake documents. Delete this fraudulent scheme. [Complaint #156]
2026-07-23 13:35:25 | INFO    | campaign | Msg report ok | 248070613_telethon → @rqbhdg7gv3s0mdfjb0bot msg=169 | illegal_docs | SCAM ALERT: This bot offers fake documents. These are scammers. [Complaint #181]
2026-07-23 13:35:27 | INFO    | campaign | Msg report ok | 248070613_telethon → @rqbhdg7gv3s0mdfjb0bot msg=169 | illegal_docs | I have reported a channel offering counterfeit legal documents. Please remove it
2026-07-23 13:35:30 | INFO    | campaign | Msg report ok | 248070613_telethon → @rqbhdg7gv3s0mdfjb0bot msg=169 | illegal_docs | Immediate action needed for this channel selling illegal counterfeit documents. 
2026-07-23 13:35:40 | INFO    | campaign | Peer report ok | 248070613_telethon → @ay9bf5wwupuac8dmpwbot | illegal_docs | Immediate action needed for this channel selling illegal counterfeit documents. 
2026-07-23 13:35:42 | INFO    | campaign | Peer report ok | 248070613_telethon → @ay9bf5wwupuac8dmpwbot | illegal_docs | Selling fake documents like passports through this channel is illegal. Requestin
2026-07-23 13:35:44 | INFO    | campaign | Peer report ok | 248070613_telethon → @ay9bf5wwupuac8dmpwbot | illegal_docs | This is a channel offering illegal fake documents. Please delete it right away. 
2026-07-23 13:35:47 | INFO    | campaign | Msg report ok | 248070613_telethon → @ay9bf5wwupuac8dmpwbot msg=173 | illegal_docs | A channel distributing fake legal papers needs to be permanently removed now. [C
2026-07-23 13:35:50 | INFO    | campaign | Msg report ok | 248070613_telethon → @ay9bf5wwupuac8dmpwbot msg=173 | illegal_docs | This platform hosts a channel selling fake legal documents. Remove it promptly. 
2026-07-23 13:35:53 | INFO    | campaign | Msg report ok | 248070613_telethon → @ay9bf5wwupuac8dmpwbot msg=173 | illegal_docs | Selling fake documents like IDs and passports through this channel is unlawful. 
2026-07-23 13:36:01 | INFO    | campaign | Peer report ok | 248070613_telethon → @haporenbot | illegal_docs | There’s a channel involved in illegal sale of counterfeit documents. Request urg
2026-07-23 13:36:02 | INFO    | campaign | Peer report ok | 248070613_telethon → @haporenbot | illegal_docs | Please remove this channel that promotes the sale of counterfeit IDs and passpor
2026-07-23 13:36:05 | INFO    | campaign | Peer report ok | 248070613_telethon → @haporenbot | illegal_docs | There is a channel selling fake passports and IDs. Request immediate removal. [C
2026-07-23 13:36:07 | INFO    | campaign | Msg report ok | 248070613_telethon → @haporenbot msg=175 | illegal_docs | Опасно! Мошенническая деятельность: продажа поддельных документов. [Complaint #2
2026-07-23 13:36:10 | INFO    | campaign | Msg report ok | 248070613_telethon → @haporenbot msg=175 | illegal_docs | Document Scam: bot/channel sells fakes. SCAM. [Complaint #156]
2026-07-23 13:36:13 | INFO    | campaign | Msg report ok | 248070613_telethon → @haporenbot msg=175 | illegal_docs | This channel offers counterfeit documents, including fake passports and driver's
2026-07-23 13:36:23 | INFO    | campaign | Peer report ok | 248070613_telethon → @timbukturobot | illegal_docs | Document Scam: bot/channel sells fakes. SCAM. [Complaint #68]
2026-07-23 13:36:26 | INFO    | campaign | Peer report ok | 248070613_telethon → @timbukturobot | illegal_docs | This is a platform selling illegal forged documents. Please delete the channel p
2026-07-23 13:36:28 | INFO    | campaign | Peer report ok | 248070613_telethon → @timbukturobot | illegal_docs | This channel promotes the sale of forged documents. Urgently remove it from the 
2026-07-23 13:36:31 | INFO    | campaign | Msg report ok | 248070613_telethon → @timbukturobot msg=178 | illegal_docs | Beware, fraudulent channel/bot! They distribute fake documents. It's SCAM. [Comp
2026-07-23 13:36:34 | INFO    | campaign | Msg report ok | 248070613_telethon → @timbukturobot msg=178 | illegal_docs | Beware, fraudulent channel/bot! They distribute fake documents. It's SCAM. [Comp
2026-07-23 13:36:36 | INFO    | campaign | Msg report ok | 248070613_telethon → @timbukturobot msg=178 | illegal_docs | This platform offers counterfeit legal identification documents. Please delete i
2026-07-23 13:36:46 | INFO    | campaign | Peer report ok | 248070613_telethon → @thirtiethrobot | illegal_docs | Attention! This channel is a source of fraud, trading in fake documents. [Compla
2026-07-23 13:36:49 | INFO    | campaign | Peer report ok | 248070613_telethon → @thirtiethrobot | illegal_docs | Beware, a scam! Be vigilant, this resource is involved in fraud, selling fake do
2026-07-23 13:36:51 | INFO    | campaign | Peer report ok | 248070613_telethon → @thirtiethrobot | illegal_docs | I reported a channel selling fake IDs and passports. Please take appropriate act
2026-07-23 13:36:54 | INFO    | campaign | Msg report ok | 248070613_telethon → @thirtiethrobot msg=181 | illegal_docs | I have found a channel selling fake documents like IDs and passports. Kindly tak
2026-07-23 13:36:57 | INFO    | campaign | Msg report ok | 248070613_telethon → @thirtiethrobot msg=181 | illegal_docs | There is a channel selling fake passports and IDs. Request immediate removal. [C
2026-07-23 13:36:59 | INFO    | campaign | Msg report ok | 248070613_telethon → @thirtiethrobot msg=181 | illegal_docs | Attention! This channel is a source of fraud, trading in fake documents. [Compla
2026-07-23 13:37:09 | INFO    | campaign | Peer report ok | 248070613_telethon → @onondagarobot | illegal_docs | This platform is promoting the sale of counterfeit documents. Kindly remove it i
2026-07-23 13:37:12 | INFO    | campaign | Peer report ok | 248070613_telethon → @onondagarobot | illegal_docs | Immediate action needed for this channel selling illegal counterfeit documents. 
2026-07-23 13:37:14 | INFO    | campaign | Peer report ok | 248070613_telethon → @onondagarobot | illegal_docs | I found a channel distributing fake legal documents. Kindly delete it promptly. 
2026-07-23 13:37:17 | INFO    | campaign | Msg report ok | 248070613_telethon → @onondagarobot msg=184 | illegal_docs | Immediate action required for this channel offering counterfeit official documen
2026-07-23 13:37:20 | INFO    | campaign | Msg report ok | 248070613_telethon → @onondagarobot msg=184 | illegal_docs | Опасно! Мошенническая деятельность: продажа поддельных документов. [Complaint #9
2026-07-23 13:37:23 | INFO    | campaign | Msg report ok | 248070613_telethon → @onondagarobot msg=184 | illegal_docs | There is a channel offering counterfeit legal documents such as IDs and passport
2026-07-23 13:37:33 | INFO    | campaign | Peer report ok | 248070613_telethon → @trigger1robot | illegal_docs | There’s a channel offering fraudulent documents illegally. Kindly remove it imme
2026-07-23 13:37:35 | INFO    | campaign | Peer report ok | 248070613_telethon → @trigger1robot | illegal_docs | SCAM! Требуется немедленное удаление канала/бота, предлагающего фальшивые докуме
2026-07-23 13:37:37 | INFO    | campaign | Peer report ok | 248070613_telethon → @trigger1robot | illegal_docs | This channel is involved in selling fake identification documents. Please remove
2026-07-23 13:37:39 | INFO    | campaign | Msg report ok | 248070613_telethon → @trigger1robot msg=187 | illegal_docs | There’s a channel involved in illegal sale of counterfeit documents. Request urg
2026-07-23 13:37:42 | INFO    | campaign | Msg report ok | 248070613_telethon → @trigger1robot msg=187 | illegal_docs | This is a channel promoting forged legal documents. Please remove it from the pl
2026-07-23 13:37:45 | INFO    | campaign | Msg report ok | 248070613_telethon → @trigger1robot msg=187 | illegal_docs | There is a channel selling fake passports and IDs. Request immediate removal. [C
2026-07-23 13:37:54 | INFO    | campaign | Peer report ok | 248070613_telethon → @ubbiijjonbot | illegal_docs | Additional variants with emphasis on different details (English): [Complaint #19
2026-07-23 13:37:57 | INFO    | campaign | Peer report ok | 248070613_telethon → @ubbiijjonbot | illegal_docs | Не верьте! Предлагают "документы" – это фальшивка. Чистое мошенничество. [Compla
2026-07-23 13:37:58 | INFO    | campaign | Peer report ok | 248070613_telethon → @ubbiijjonbot | illegal_docs | This platform promotes the sale of fake legal identification documents. Please t
2026-07-23 13:38:01 | INFO    | campaign | Msg report ok | 248070613_telethon → @ubbiijjonbot msg=193 | illegal_docs | Critically Important: The site/bot offers fake documents. These are scammers. Bl
2026-07-23 13:38:04 | INFO    | campaign | Msg report ok | 248070613_telethon → @ubbiijjonbot msg=193 | illegal_docs | Attention, deception! This bot/channel is a fraudulent scheme distributing fake 
2026-07-23 13:38:07 | INFO    | campaign | Msg report ok | 248070613_telethon → @ubbiijjonbot msg=193 | illegal_docs | I report this channel for distributing fake documents. Immediate action required
2026-07-23 13:38:09 | INFO    | campaign | Не удалось написать @komran_star с 248070613_telethon: You can't write in this chat (caused by SendMessageRequest)
2026-07-23 13:38:10 | WARNING | __main__ | Cannot notify admin 7362573437
2026-07-23 13:38:10 | INFO    | campaign | Peer report ok | 248070613_telethon → @komran_star | illegal_docs | SCAM! Этот бот/канал – очевидный обман. [Complaint #1]
2026-07-23 13:38:12 | INFO    | campaign | Peer report ok | 248070613_telethon → @komran_star | illegal_docs | This platform deals in fake IDs and official documents. Please delete the channe
2026-07-23 13:38:14 | INFO    | campaign | Peer report ok | 248070613_telethon → @komran_star | illegal_docs | SCAM WARNING! The content of this channel is fraudulent. They sell fake document
2026-07-23 13:38:18 | INFO    | campaign | Msg report ok | 248070613_telethon → @komran_star msg=560 | illegal_docs | There is a channel selling fake passports and IDs. Request immediate removal. [C
2026-07-23 13:38:20 | INFO    | campaign | Msg report ok | 248070613_telethon → @komran_star msg=560 | illegal_docs | This platform deals in fake IDs and official documents. Please delete the channe
2026-07-23 13:38:24 | INFO    | campaign | Msg report ok | 248070613_telethon → @komran_star msg=560 | illegal_docs | This channel is illegally distributing fake documents. Please take it down immed
2026-07-23 13:38:26 | INFO    | campaign | ⏸ Пауза 5 мин до следующего аккаунта
2026-07-23 13:38:26 | WARNING | __main__ | Cannot notify admin 7362573437
2026-07-23 13:43:29 | INFO    | campaign | Аккаунт 248070621_telethon (2/2) → 9 бот(ов)
2026-07-23 13:43:29 | WARNING | __main__ | Cannot notify admin 7362573437
2026-07-23 13:43:35 | INFO    | campaign | Peer report ok | 248070621_telethon → @rqbhdg7gv3s0mdfjb0bot | illegal_docs | SCAM! Требуется немедленное удаление канала/бота, предлагающего фальшивые докуме
2026-07-23 13:43:37 | INFO    | campaign | Peer report ok | 248070621_telethon → @rqbhdg7gv3s0mdfjb0bot | illegal_docs | SCAM! Этот бот/канал – очевидный обман. [Complaint #189]
2026-07-23 13:43:39 | INFO    | campaign | Peer report ok | 248070621_telethon → @rqbhdg7gv3s0mdfjb0bot | illegal_docs | I request the immediate removal of this channel selling illegal counterfeit docu
2026-07-23 13:43:42 | INFO    | campaign | Msg report ok | 248070621_telethon → @rqbhdg7gv3s0mdfjb0bot msg=396 | illegal_docs | A channel is advertising the sale of fake documents, including driver’s licenses
2026-07-23 13:43:44 | INFO    | campaign | Msg report ok | 248070621_telethon → @rqbhdg7gv3s0mdfjb0bot msg=396 | illegal_docs | Beware, fraudulent channel/bot! They distribute fake documents. It's SCAM. [Comp
2026-07-23 13:43:48 | INFO    | campaign | Msg report ok | 248070621_telethon → @rqbhdg7gv3s0mdfjb0bot msg=396 | illegal_docs | This platform offers counterfeit legal identification documents. Please delete i
2026-07-23 13:43:55 | INFO    | campaign | Peer report ok | 248070621_telethon → @ay9bf5wwupuac8dmpwbot | illegal_docs | SCAM! Продвигают фальшивые документы. Удалите эту мошенническую схему. [Complain
2026-07-23 13:43:57 | INFO    | campaign | Peer report ok | 248070621_telethon → @ay9bf5wwupuac8dmpwbot | illegal_docs | I request the immediate removal of this channel selling illegal counterfeit docu
2026-07-23 13:43:59 | INFO    | campaign | Peer report ok | 248070621_telethon → @ay9bf5wwupuac8dmpwbot | illegal_docs | I have reported a channel offering counterfeit legal documents. Please remove it
2026-07-23 13:44:02 | INFO    | campaign | Msg report ok | 248070621_telethon → @ay9bf5wwupuac8dmpwbot msg=400 | illegal_docs | Selling illegal fake documents via this channel is a serious violation. Please d
2026-07-23 13:44:05 | INFO    | campaign | Msg report ok | 248070621_telethon → @ay9bf5wwupuac8dmpwbot msg=400 | illegal_docs | Остерегайтесь подделок: ресурс предлагает липовые документы, это мошенники. [Com
2026-07-23 13:44:08 | INFO    | campaign | Msg report ok | 248070621_telethon → @ay9bf5wwupuac8dmpwbot msg=400 | illegal_docs | This is a platform selling illegal forged documents. Please delete the channel p
2026-07-23 13:44:17 | INFO    | campaign | Peer report ok | 248070621_telethon → @haporenbot | illegal_docs | SCAM WARNING! The content of this channel is fraudulent. They sell fake document
2026-07-23 13:44:18 | INFO    | campaign | Peer report ok | 248070621_telethon → @haporenbot | illegal_docs | This platform offers counterfeit legal identification documents. Please delete i
2026-07-23 13:44:21 | INFO    | campaign | Peer report ok | 248070621_telethon → @haporenbot | illegal_docs | Осторожно, мошенники! Ресурс занимается изготовлением и продажей фальшивых докум
2026-07-23 13:44:24 | INFO    | campaign | Msg report ok | 248070621_telethon → @haporenbot msg=402 | illegal_docs | I found a channel distributing fake legal documents. Kindly delete it promptly. 
2026-07-23 13:44:27 | INFO    | campaign | Msg report ok | 248070621_telethon → @haporenbot msg=402 | illegal_docs | Fraud! Be careful, this resource contains offers for fake documents. [Complaint 
2026-07-23 13:44:30 | INFO    | campaign | Msg report ok | 248070621_telethon → @haporenbot msg=402 | illegal_docs | Осторожно, мошеннический канал/бот! Распространяют фальшивые документы. Это SCAM
2026-07-23 13:44:37 | INFO    | campaign | Peer report ok | 248070621_telethon → @timbukturobot | illegal_docs | Serious Fraud! This bot/channel is involved in the distribution of fake document
2026-07-23 13:44:38 | INFO    | campaign | Peer report ok | 248070621_telethon → @timbukturobot | illegal_docs | Immediate action required for this channel offering counterfeit official documen
2026-07-23 13:44:40 | INFO    | campaign | Peer report ok | 248070621_telethon → @timbukturobot | illegal_docs | Selling illegal fake documents via this channel is a serious violation. Please d
2026-07-23 13:44:43 | INFO    | campaign | Msg report ok | 248070621_telethon → @timbukturobot msg=405 | illegal_docs | This platform hosts a channel selling fake legal documents. Remove it promptly. 
2026-07-23 13:44:46 | INFO    | campaign | Msg report ok | 248070621_telethon → @timbukturobot msg=405 | illegal_docs | Сигнал мошенничества: данный ресурс предлагает купить поддельные документы. Прош
2026-07-23 13:44:48 | INFO    | monitor | Target @resellerashabot deleted (Nobody is using this username or the username is unacceptable (caused by ResolveUsernameRequest)) via periodic
2026-07-23 13:44:48 | INFO    | campaign | Msg report ok | 248070621_telethon → @timbukturobot msg=405 | illegal_docs | Immediate action required for this channel offering counterfeit official documen
2026-07-23 13:44:48 | INFO    | monitor | Target @ciu638drfyejpulsekbot deleted (Nobody is using this username or the username is unacceptable (caused by ResolveUsernameRequest)) via periodic
2026-07-23 13:44:49 | INFO    | monitor | Target @lhtulwtgbot deleted (Nobody is using this username or the username is unacceptable (caused by ResolveUsernameRequest)) via periodic
2026-07-23 13:44:50 | INFO    | monitor | Target @o3kycz9ibot deleted (Nobody is using this username or the username is unacceptable (caused by ResolveUsernameRequest)) via periodic
2026-07-23 13:44:56 | INFO    | campaign | Peer report ok | 248070621_telethon → @thirtiethrobot | illegal_docs | Document Scam: bot/channel sells fakes. SCAM. [Complaint #111]
2026-07-23 13:44:58 | INFO    | campaign | Peer report ok | 248070621_telethon → @thirtiethrobot | illegal_docs | Beware, fraudulent channel/bot! They distribute fake documents. It's SCAM. [Comp
2026-07-23 13:45:00 | INFO    | campaign | Peer report ok | 248070621_telethon → @thirtiethrobot | illegal_docs | This is a channel offering illegal fake documents. Please delete it right away. 
2026-07-23 13:45:03 | INFO    | campaign | Msg report ok | 248070621_telethon → @thirtiethrobot msg=408 | illegal_docs | SCAM! Immediate deletion of the channel/bot offering fake documents is required.
2026-07-23 13:45:07 | INFO    | campaign | Msg report ok | 248070621_telethon → @thirtiethrobot msg=408 | illegal_docs | I found a channel distributing fake legal documents. Kindly delete it promptly. 
2026-07-23 13:45:10 | INFO    | campaign | Msg report ok | 248070621_telethon → @thirtiethrobot msg=408 | illegal_docs | This channel is advertising illegal fake documents. Kindly delete it as soon as 
2026-07-23 13:45:19 | INFO    | campaign | Peer report ok | 248070621_telethon → @onondagarobot | illegal_docs | Selling counterfeit documents like passports through this channel is illegal. Re
2026-07-23 13:45:20 | INFO    | campaign | Peer report ok | 248070621_telethon → @onondagarobot | illegal_docs | Дополнительные варианты с акцентом на разные детали (русский): [Complaint #55]
2026-07-23 13:45:23 | INFO    | campaign | Peer report ok | 248070621_telethon → @onondagarobot | illegal_docs | This channel is advertising illegal fake documents. Kindly delete it as soon as 
2026-07-23 13:45:26 | INFO    | campaign | Msg report ok | 248070621_telethon → @onondagarobot msg=411 | illegal_docs | There is a channel selling fake passports and IDs. Request immediate removal. [C
2026-07-23 13:45:30 | INFO    | campaign | Msg report ok | 248070621_telethon → @onondagarobot msg=411 | illegal_docs | Warning! Scammers! This bot/channel offers fake documents. Don't fall for it! SC
2026-07-23 13:45:32 | INFO    | campaign | Msg report ok | 248070621_telethon → @onondagarobot msg=411 | illegal_docs | Selling counterfeit documents like passports through this channel is illegal. Re
2026-07-23 13:45:41 | INFO    | campaign | Peer report ok | 248070621_telethon → @trigger1robot | illegal_docs | Мошенничество с документами: бот/канал продает подделки. SCAM. [Complaint #41]
2026-07-23 13:45:44 | INFO    | campaign | Peer report ok | 248070621_telethon → @trigger1robot | illegal_docs | This channel deals with counterfeit certificates and IDs. Please delete it at on
2026-07-23 13:45:45 | INFO    | campaign | Peer report ok | 248070621_telethon → @trigger1robot | illegal_docs | This is a platform selling illegal forged documents. Please delete the channel p
2026-07-23 13:45:48 | INFO    | campaign | Msg report ok | 248070621_telethon → @trigger1robot msg=414 | illegal_docs | I have reported a channel offering counterfeit legal documents. Please remove it
2026-07-23 13:45:51 | INFO    | campaign | Msg report ok | 248070621_telethon → @trigger1robot msg=414 | illegal_docs | I have found a channel selling fake documents like IDs and passports. Kindly tak
2026-07-23 13:45:54 | INFO    | campaign | Msg report ok | 248070621_telethon → @trigger1robot msg=414 | illegal_docs | Beware of fakes: the resource offers bogus documents, these are scammers. [Compl
2026-07-23 13:46:03 | INFO    | campaign | Peer report ok | 248070621_telethon → @ubbiijjonbot | illegal_docs | Warning! Scammers! This bot/channel offers fake documents. Don't fall for it! SC
2026-07-23 13:46:06 | INFO    | campaign | Peer report ok | 248070621_telethon → @ubbiijjonbot | illegal_docs | Immediate action needed for this channel selling illegal counterfeit documents. 
2026-07-23 13:46:08 | INFO    | campaign | Peer report ok | 248070621_telethon → @ubbiijjonbot | illegal_docs | This is a platform selling illegal forged documents. Please delete the channel p
2026-07-23 13:46:11 | INFO    | campaign | Msg report ok | 248070621_telethon → @ubbiijjonbot msg=420 | illegal_docs | Fraud alert: This resource offers to buy fake documents. Please delete. [Complai
2026-07-23 13:46:15 | INFO    | campaign | Msg report ok | 248070621_telethon → @ubbiijjonbot msg=420 | illegal_docs | A channel offering fake legal papers such as IDs and passports must be deleted i
2026-07-23 13:46:18 | INFO    | campaign | Msg report ok | 248070621_telethon → @ubbiijjonbot msg=420 | illegal_docs | A channel offering fake legal papers such as IDs and passports must be deleted i
2026-07-23 13:46:20 | INFO    | campaign | Не удалось написать @komran_star с 248070621_telethon: You can't write in this chat (caused by SendMessageRequest)
2026-07-23 13:46:21 | WARNING | __main__ | Cannot notify admin 7362573437
2026-07-23 13:46:21 | INFO    | campaign | Peer report ok | 248070621_telethon → @komran_star | illegal_docs | Внимание, обман! Данный бот/канал является мошеннической схемой, распространяюще
2026-07-23 13:46:23 | INFO    | campaign | Peer report ok | 248070621_telethon → @komran_star | illegal_docs | SCAM! Требуется немедленное удаление канала/бота, предлагающего фальшивые докуме
2026-07-23 13:46:26 | INFO    | campaign | Peer report ok | 248070621_telethon → @komran_star | illegal_docs | A channel is advertising the sale of fake documents, including driver’s licenses
2026-07-23 13:46:28 | INFO    | campaign | Msg report ok | 248070621_telethon → @komran_star msg=560 | illegal_docs | There’s a channel involved in selling fake official documents. Request immediate
2026-07-23 13:46:31 | INFO    | campaign | Msg report ok | 248070621_telethon → @komran_star msg=560 | illegal_docs | There’s a channel offering fraudulent documents illegally. Kindly remove it imme
2026-07-23 13:46:34 | INFO    | campaign | Msg report ok | 248070621_telethon → @komran_star msg=560 | illegal_docs | I urge the platform to delete this channel that sells illegal counterfeit docume
2026-07-23 13:46:35 | INFO    | campaign | ⏸ Раунд 3 готов. Ждём 20 мин до раунда 4
2026-07-23 13:46:36 | WARNING | __main__ | Cannot notify admin 7362573437
2026-07-23 13:54:50 | INFO    | monitor | Target @resellerashabot deleted (Nobody is using this username or the username is unacceptable (caused by ResolveUsernameRequest)) via periodic
2026-07-23 13:54:50 | INFO    | monitor | Target @ciu638drfyejpulsekbot deleted (Nobody is using this username or the username is unacceptable (caused by ResolveUsernameRequest)) via periodic
2026-07-23 13:54:51 | INFO    | monitor | Target @lhtulwtgbot deleted (Nobody is using this username or the username is unacceptable (caused by ResolveUsernameRequest)) via periodic
2026-07-23 13:54:52 | INFO    | monitor | Target @o3kycz9ibot deleted (Nobody is using this username or the username is unacceptable (caused by ResolveUsernameRequest)) via periodic
2026-07-23 14:04:52 | INFO    | monitor | Target @resellerashabot deleted (Nobody is using this username or the username is unacceptable (caused by ResolveUsernameRequest)) via periodic
2026-07-23 14:04:52 | INFO    | monitor | Target @ciu638drfyejpulsekbot deleted (Nobody is using this username or the username is unacceptable (caused by ResolveUsernameRequest)) via periodic
2026-07-23 14:04:53 | INFO    | monitor | Target @lhtulwtgbot deleted (Nobody is using this username or the username is unacceptable (caused by ResolveUsernameRequest)) via periodic
2026-07-23 14:04:54 | INFO    | monitor | Target @o3kycz9ibot deleted (Nobody is using this username or the username is unacceptable (caused by ResolveUsernameRequest)) via periodic
2026-07-23 14:04:54 | INFO    | monitor | Target @resellerashabot deleted (Nobody is using this username or the username is unacceptable (caused by ResolveUsernameRequest)) via checkpoint_2h
2026-07-23 14:04:54 | INFO    | monitor | Target @ciu638drfyejpulsekbot deleted (Nobody is using this username or the username is unacceptable (caused by ResolveUsernameRequest)) via checkpoint_2h
2026-07-23 14:04:55 | INFO    | monitor | Target @lhtulwtgbot deleted (Nobody is using this username or the username is unacceptable (caused by ResolveUsernameRequest)) via checkpoint_2h
2026-07-23 14:04:56 | INFO    | monitor | Target @o3kycz9ibot deleted (Nobody is using this username or the username is unacceptable (caused by ResolveUsernameRequest)) via checkpoint_2h
2026-07-23 14:04:56 | INFO    | monitor | 📋 Контроль через 2ч:
Проверка (checkpoint_2h) акк. 14099810198
✅ Активны: 9
🗑 Удалены: 4
❓ Неясно: 0
Активны: @rqbhdg7gv3s0mdfjb0bot, @ay9bf5wwupuac8dmpwbot, @haporenbot, @timbukturobot, @thirtiethrobot, @onondagarobot, @trigger1robot, @ubbiijjonbot, @komran_star
Удалены: @resellerashabot, @ciu638drfyejpulsekbot, @lhtulwtgbot, @o3kycz9ibot
Счётчик удалённых за 3 суток: 14
2026-07-23 14:04:57 | WARNING | __main__ | Cannot notify admin 7362573437
2026-07-23 14:07:08 | INFO    | campaign | ▶ Раунд 4/5 | язык=English | жалобы=Подделка документов
2026-07-23 14:07:08 | WARNING | __main__ | Cannot notify admin 7362573437
2026-07-23 14:07:11 | INFO    | campaign | Аккаунт 248070613_telethon (1/2) → 9 бот(ов)
2026-07-23 14:07:11 | WARNING | __main__ | Cannot notify admin 7362573437
2026-07-23 14:07:19 | INFO    | campaign | Peer report ok | 248070613_telethon → @rqbhdg7gv3s0mdfjb0bot | illegal_docs | SCAM ALERT: Этот бот предлагает фальшивые документы. Это мошенники. [Complaint #
2026-07-23 14:07:21 | INFO    | campaign | Peer report ok | 248070613_telethon → @rqbhdg7gv3s0mdfjb0bot | illegal_docs | Дополнительные варианты с акцентом на разные детали (русский): [Complaint #124]
2026-07-23 14:07:23 | INFO    | campaign | Peer report ok | 248070613_telethon → @rqbhdg7gv3s0mdfjb0bot | illegal_docs | Beware of fakes: the resource offers bogus documents, these are scammers. [Compl
2026-07-23 14:07:26 | INFO    | campaign | Msg report ok | 248070613_telethon → @rqbhdg7gv3s0mdfjb0bot msg=199 | illegal_docs | I have reported a channel offering counterfeit legal documents. Please remove it
2026-07-23 14:07:28 | INFO    | campaign | Msg report ok | 248070613_telethon → @rqbhdg7gv3s0mdfjb0bot msg=199 | illegal_docs | Опасно! Мошенническая деятельность: продажа поддельных документов. [Complaint #1
2026-07-23 14:07:32 | INFO    | campaign | Msg report ok | 248070613_telethon → @rqbhdg7gv3s0mdfjb0bot msg=199 | illegal_docs | There’s a channel offering fraudulent documents illegally. Kindly remove it imme
2026-07-23 14:07:41 | INFO    | campaign | Peer report ok | 248070613_telethon → @ay9bf5wwupuac8dmpwbot | illegal_docs | I report this channel for distributing fake documents. Immediate action required
2026-07-23 14:07:43 | INFO    | campaign | Peer report ok | 248070613_telethon → @ay9bf5wwupuac8dmpwbot | illegal_docs | SCAM WARNING! The content of this channel is fraudulent. They sell fake document
2026-07-23 14:07:45 | INFO    | campaign | Peer report ok | 248070613_telethon → @ay9bf5wwupuac8dmpwbot | illegal_docs | Selling fake documents like passports through this channel is illegal. Requestin
2026-07-23 14:07:48 | INFO    | campaign | Msg report ok | 248070613_telethon → @ay9bf5wwupuac8dmpwbot msg=203 | illegal_docs | Selling counterfeit documents like passports through this channel is illegal. Re
2026-07-23 14:07:51 | INFO    | campaign | Msg report ok | 248070613_telethon → @ay9bf5wwupuac8dmpwbot msg=203 | illegal_docs | Осторожно, мошеннический канал/бот! Распространяют фальшивые документы. Это SCAM
2026-07-23 14:07:54 | INFO    | campaign | Msg report ok | 248070613_telethon → @ay9bf5wwupuac8dmpwbot msg=203 | illegal_docs | This channel is advertising illegal fake documents. Kindly delete it as soon as 
2026-07-23 14:08:03 | INFO    | campaign | Peer report ok | 248070613_telethon → @haporenbot | illegal_docs | This platform deals in fake IDs and official documents. Please delete the channe
2026-07-23 14:08:05 | INFO    | campaign | Peer report ok | 248070613_telethon → @haporenbot | illegal_docs | There is a channel offering counterfeit legal documents such as IDs and passport
2026-07-23 14:08:06 | INFO    | campaign | Peer report ok | 248070613_telethon → @haporenbot | illegal_docs | Опасно! Мошенническая деятельность: продажа поддельных документов. [Complaint #6
2026-07-23 14:08:09 | INFO    | campaign | Msg report ok | 248070613_telethon → @haporenbot msg=205 | illegal_docs | There’s a channel involved in illegal sale of counterfeit documents. Request urg
2026-07-23 14:08:12 | INFO    | campaign | Msg report ok | 248070613_telethon → @haporenbot msg=205 | illegal_docs | This channel deals with counterfeit certificates and IDs. Please delete it at on
2026-07-23 14:08:15 | INFO    | campaign | Msg report ok | 248070613_telethon → @haporenbot msg=205 | illegal_docs | Attention! This channel is a source of fraud, trading in fake documents. [Compla
2026-07-23 14:08:24 | INFO    | campaign | Peer report ok | 248070613_telethon → @timbukturobot | illegal_docs | This channel deals with counterfeit certificates and IDs. Please delete it at on
2026-07-23 14:08:26 | INFO    | campaign | Peer report ok | 248070613_telethon → @timbukturobot | illegal_docs | There’s a channel offering fraudulent documents illegally. Kindly remove it imme
2026-07-23 14:08:28 | INFO    | campaign | Peer report ok | 248070613_telethon → @timbukturobot | illegal_docs | SCAM ALERT: Этот бот предлагает фальшивые документы. Это мошенники. [Complaint #
2026-07-23 14:08:31 | INFO    | campaign | Msg report ok | 248070613_telethon → @timbukturobot msg=208 | illegal_docs | Beware, scammers! The resource is involved in creating and selling fake document
2026-07-23 14:08:34 | INFO    | campaign | Msg report ok | 248070613_telethon → @timbukturobot msg=208 | illegal_docs | This channel is involved in illegal sale of counterfeit legal documents. Please 
2026-07-23 14:08:36 | INFO    | campaign | Msg report ok | 248070613_telethon → @timbukturobot msg=208 | illegal_docs | SCAM! Immediate deletion of the channel/bot offering fake documents is required.
2026-07-23 14:08:45 | INFO    | campaign | Peer report ok | 248070613_telethon → @thirtiethrobot | illegal_docs | This channel promotes the sale of forged documents. Urgently remove it from the 
2026-07-23 14:08:46 | INFO    | campaign | Peer report ok | 248070613_telethon → @thirtiethrobot | illegal_docs | This channel is involved in selling fake identification documents. Please remove
2026-07-23 14:08:48 | INFO    | campaign | Peer report ok | 248070613_telethon → @thirtiethrobot | illegal_docs | This channel is involved in illegal sale of counterfeit legal documents. Please 
2026-07-23 14:08:50 | INFO    | campaign | Msg report ok | 248070613_telethon → @thirtiethrobot msg=211 | illegal_docs | There is a channel advertising counterfeit legal documents. Please take action a
2026-07-23 14:08:53 | INFO    | campaign | Msg report ok | 248070613_telethon → @thirtiethrobot msg=211 | illegal_docs | This is a channel offering illegal fake documents. Please delete it right away. 
2026-07-23 14:08:56 | INFO    | campaign | Msg report ok | 248070613_telethon → @thirtiethrobot msg=211 | illegal_docs | Attention! This channel is a source of fraud, trading in fake documents. [Compla
2026-07-23 14:09:04 | INFO    | campaign | Peer report ok | 248070613_telethon → @onondagarobot | illegal_docs | Don't believe! They offer "documents" – they are fake. Pure fraud. [Complaint #4
2026-07-23 14:09:06 | INFO    | campaign | Peer report ok | 248070613_telethon → @onondagarobot | illegal_docs | This channel is involved in the illegal sale of forged documents. Please delete 
2026-07-23 14:09:09 | INFO    | campaign | Peer report ok | 248070613_telethon → @onondagarobot | illegal_docs | Опасно! Мошенническая деятельность: продажа поддельных документов. [Complaint #1
2026-07-23 14:09:12 | INFO    | campaign | Msg report ok | 248070613_telethon → @onondagarobot msg=214 | illegal_docs | Мошенничество! Будьте осторожны, данный ресурс содержит предложения о поддельных
2026-07-23 14:09:15 | INFO    | campaign | Msg report ok | 248070613_telethon → @onondagarobot msg=214 | illegal_docs | Beware, a scam! Be vigilant, this resource is involved in fraud, selling fake do
2026-07-23 14:09:17 | INFO    | campaign | Msg report ok | 248070613_telethon → @onondagarobot msg=214 | illegal_docs | There’s a channel offering fake personal and legal documents. Requesting urgent 
2026-07-23 14:09:26 | INFO    | campaign | Peer report ok | 248070613_telethon → @trigger1robot | illegal_docs | I report this channel for distributing fake documents. Immediate action required
2026-07-23 14:09:28 | INFO    | campaign | Peer report ok | 248070613_telethon → @trigger1robot | illegal_docs | This channel is involved in the illegal sale of forged documents. Please remove 
2026-07-23 14:09:31 | INFO    | campaign | Peer report ok | 248070613_telethon → @trigger1robot | illegal_docs | Beware, a scam! Be vigilant, this resource is involved in fraud, selling fake do
2026-07-23 14:09:33 | INFO    | campaign | Msg report ok | 248070613_telethon → @trigger1robot msg=217 | illegal_docs | There is a channel selling fake passports and IDs. Request immediate removal. [C
2026-07-23 14:09:36 | INFO    | campaign | Msg report ok | 248070613_telethon → @trigger1robot msg=217 | illegal_docs | There’s a channel offering fake personal and legal documents. Requesting urgent 
2026-07-23 14:09:39 | INFO    | campaign | Msg report ok | 248070613_telethon → @trigger1robot msg=217 | illegal_docs | Selling fake documents like IDs and passports through this channel is unlawful. 
2026-07-23 14:09:47 | INFO    | campaign | Peer report ok | 248070613_telethon → @ubbiijjonbot | illegal_docs | This channel deals with counterfeit certificates and IDs. Please delete it at on
2026-07-23 14:09:49 | INFO    | campaign | Peer report ok | 248070613_telethon → @ubbiijjonbot | illegal_docs | I have found a channel selling fake documents like IDs and passports. Kindly tak
2026-07-23 14:09:50 | INFO    | campaign | Peer report ok | 248070613_telethon → @ubbiijjonbot | illegal_docs | Мошенничество! Будьте осторожны, данный ресурс содержит предложения о поддельных
2026-07-23 14:09:53 | INFO    | campaign | Msg report ok | 248070613_telethon → @ubbiijjonbot msg=223 | illegal_docs | SCAM ALERT! This channel is pure fraud. They offer bogus documents. Ignore it! [
2026-07-23 14:09:55 | INFO    | campaign | Msg report ok | 248070613_telethon → @ubbiijjonbot msg=223 | illegal_docs | SCAM ALERT! Этот канал – чистой воды мошенничество. Предлагают липовые документы
2026-07-23 14:09:59 | INFO    | campaign | Msg report ok | 248070613_telethon → @ubbiijjonbot msg=223 | illegal_docs | I request the immediate removal of this channel selling illegal counterfeit docu
2026-07-23 14:10:01 | INFO    | campaign | Не удалось написать @komran_star с 248070613_telethon: You can't write in this chat (caused by SendMessageRequest)
2026-07-23 14:10:01 | WARNING | __main__ | Cannot notify admin 7362573437
2026-07-23 14:10:02 | INFO    | campaign | Peer report ok | 248070613_telethon → @komran_star | illegal_docs | SCAM! Этот бот/канал – очевидный обман. [Complaint #42]
2026-07-23 14:10:04 | INFO    | campaign | Peer report ok | 248070613_telethon → @komran_star | illegal_docs | Please remove this channel that promotes the sale of counterfeit IDs and passpor
2026-07-23 14:10:06 | INFO    | campaign | Peer report ok | 248070613_telethon → @komran_star | illegal_docs | SCAM ALERT! This channel is pure fraud. They offer bogus documents. Ignore it! [
2026-07-23 14:10:08 | INFO    | campaign | Msg report ok | 248070613_telethon → @komran_star msg=560 | illegal_docs | SCAM! This bot/channel is an obvious deception. [Complaint #66]
2026-07-23 14:10:11 | INFO    | campaign | Msg report ok | 248070613_telethon → @komran_star msg=560 | illegal_docs | This channel provides counterfeit documents like passports and ID cards. Please 
2026-07-23 14:10:14 | INFO    | campaign | Msg report ok | 248070613_telethon → @komran_star msg=560 | illegal_docs | This channel provides counterfeit documents like passports and ID cards. Please 
2026-07-23 14:10:16 | INFO    | campaign | ⏸ Пауза 5 мин до следующего аккаунта
2026-07-23 14:10:16 | WARNING | __main__ | Cannot notify admin 7362573437
2026-07-23 14:14:57 | INFO    | monitor | Target @resellerashabot deleted (Nobody is using this username or the username is unacceptable (caused by ResolveUsernameRequest)) via periodic
2026-07-23 14:14:57 | INFO    | monitor | Target @ciu638drfyejpulsekbot deleted (Nobody is using this username or the username is unacceptable (caused by ResolveUsernameRequest)) via periodic
2026-07-23 14:14:57 | INFO    | monitor | Target @lhtulwtgbot deleted (Nobody is using this username or the username is unacceptable (caused by ResolveUsernameRequest)) via periodic
2026-07-23 14:14:59 | INFO    | monitor | Target @o3kycz9ibot deleted (Nobody is using this username or the username is unacceptable (caused by ResolveUsernameRequest)) via periodic
2026-07-23 14:15:19 | INFO    | campaign | Аккаунт 248070621_telethon (2/2) → 9 бот(ов)
2026-07-23 14:15:19 | WARNING | __main__ | Cannot notify admin 7362573437
2026-07-23 14:15:25 | INFO    | campaign | Peer report ok | 248070621_telethon → @rqbhdg7gv3s0mdfjb0bot | illegal_docs | I request urgent removal of this channel involved in selling counterfeit legal d
2026-07-23 14:15:27 | INFO    | campaign | Peer report ok | 248070621_telethon → @rqbhdg7gv3s0mdfjb0bot | illegal_docs | Критически важно: Сайт/бот предлагает поддельные документы. Это мошенники. Немед
2026-07-23 14:15:29 | INFO    | campaign | Peer report ok | 248070621_telethon → @rqbhdg7gv3s0mdfjb0bot | illegal_docs | SCAM! Этот бот/канал – очевидный обман. [Complaint #110]
2026-07-23 14:15:33 | INFO    | campaign | Msg report ok | 248070621_telethon → @rqbhdg7gv3s0mdfjb0bot msg=426 | illegal_docs | SCAM! Этот бот/канал – очевидный обман. [Complaint #131]
2026-07-23 14:15:36 | INFO    | campaign | Msg report ok | 248070621_telethon → @rqbhdg7gv3s0mdfjb0bot msg=426 | illegal_docs | Critically Important: The site/bot offers fake documents. These are scammers. Bl
2026-07-23 14:15:39 | INFO    | campaign | Msg report ok | 248070621_telethon → @rqbhdg7gv3s0mdfjb0bot msg=426 | illegal_docs | This channel is advertising illegal fake documents. Kindly delete it as soon as 
2026-07-23 14:15:47 | INFO    | campaign | Peer report ok | 248070621_telethon → @ay9bf5wwupuac8dmpwbot | illegal_docs | SCAM WARNING! Контент этого канала – мошенничество. Продают поддельные документы
2026-07-23 14:15:48 | INFO    | campaign | Peer report ok | 248070621_telethon → @ay9bf5wwupuac8dmpwbot | illegal_docs | This channel is advertising illegal fake documents. Kindly delete it as soon as 
2026-07-23 14:15:50 | INFO    | campaign | Peer report ok | 248070621_telethon → @ay9bf5wwupuac8dmpwbot | illegal_docs | A channel offering fake legal papers such as IDs and passports must be deleted i
2026-07-23 14:15:53 | INFO    | campaign | Msg report ok | 248070621_telethon → @ay9bf5wwupuac8dmpwbot msg=430 | illegal_docs | Fraud! Be careful, this resource contains offers for fake documents. [Complaint 
2026-07-23 14:15:56 | INFO    | campaign | Msg report ok | 248070621_telethon → @ay9bf5wwupuac8dmpwbot msg=430 | illegal_docs | SCAM ALERT! This channel is pure fraud. They offer bogus documents. Ignore it! [
2026-07-23 14:15:59 | INFO    | campaign | Msg report ok | 248070621_telethon → @ay9bf5wwupuac8dmpwbot msg=430 | illegal_docs | Критически важно: Сайт/бот предлагает поддельные документы. Это мошенники. Немед
2026-07-23 14:16:04 | INFO    | aiogram.event | Update id=452969103 is handled. Duration 169 ms by bot id=8949896798
2026-07-23 14:16:06 | INFO    | aiogram.event | Update id=452969104 is handled. Duration 361 ms by bot id=8949896798
2026-07-23 14:16:09 | INFO    | campaign | Peer report ok | 248070621_telethon → @haporenbot | illegal_docs | Остерегайтесь подделок: ресурс предлагает липовые документы, это мошенники. [Com
2026-07-23 14:16:11 | INFO    | campaign | Peer report ok | 248070621_telethon → @haporenbot | illegal_docs | Warning! Scammers! This bot/channel offers fake documents. Don't fall for it! SC
2026-07-23 14:16:13 | INFO    | campaign | Peer report ok | 248070621_telethon → @haporenbot | illegal_docs | Serious Fraud! This bot/channel is involved in the distribution of fake document
2026-07-23 14:16:17 | INFO    | campaign | Msg report ok | 248070621_telethon → @haporenbot msg=432 | illegal_docs | Selling fake documents like IDs and passports through this channel is unlawful. 
2026-07-23 14:16:19 | INFO    | campaign | Msg report ok | 248070621_telethon → @haporenbot msg=432 | illegal_docs | This channel promotes the sale of fake identification papers. Please take it dow
2026-07-23 14:16:22 | INFO    | campaign | Msg report ok | 248070621_telethon → @haporenbot msg=432 | illegal_docs | Selling fake documents like IDs and passports through this channel is unlawful. 
2026-07-23 14:16:32 | INFO    | campaign | Peer report ok | 248070621_telethon → @timbukturobot | illegal_docs | Danger! Fraudulent activity: sale of fake documents. [Complaint #8]
2026-07-23 14:16:35 | INFO    | campaign | Peer report ok | 248070621_telethon → @timbukturobot | illegal_docs | Attention, deception! This bot/channel is a fraudulent scheme distributing fake 
2026-07-23 14:16:37 | INFO    | campaign | Peer report ok | 248070621_telethon → @timbukturobot | illegal_docs | A channel distributing fake legal papers needs to be permanently removed now. [C
2026-07-23 14:16:39 | INFO    | campaign | Msg report ok | 248070621_telethon → @timbukturobot msg=435 | illegal_docs | This channel is illegally distributing fake documents. Please take it down immed
2026-07-23 14:16:42 | INFO    | campaign | Msg report ok | 248070621_telethon → @timbukturobot msg=435 | illegal_docs | Не верьте! Предлагают "документы" – это фальшивка. Чистое мошенничество. [Compla
2026-07-23 14:16:45 | INFO    | campaign | Msg report ok | 248070621_telethon → @timbukturobot msg=435 | illegal_docs | Attention! This channel is a source of fraud, trading in fake documents. [Compla
2026-07-23 14:16:53 | INFO    | campaign | Peer report ok | 248070621_telethon → @thirtiethrobot | illegal_docs | Дополнительные варианты с акцентом на разные детали (русский): [Complaint #98]
2026-07-23 14:16:55 | INFO    | campaign | Peer report ok | 248070621_telethon → @thirtiethrobot | illegal_docs | Не верьте! Предлагают "документы" – это фальшивка. Чистое мошенничество. [Compla
2026-07-23 14:16:57 | INFO    | campaign | Peer report ok | 248070621_telethon → @thirtiethrobot | illegal_docs | Опасно! Мошенническая деятельность: продажа поддельных документов. [Complaint #1
2026-07-23 14:17:00 | INFO    | campaign | Msg report ok | 248070621_telethon → @thirtiethrobot msg=438 | illegal_docs | This channel is involved in the illegal sale of forged documents. Please remove 
2026-07-23 14:17:02 | INFO    | campaign | Msg report ok | 248070621_telethon → @thirtiethrobot msg=438 | illegal_docs | SCAM! Этот бот/канал – очевидный обман. [Complaint #81]
2026-07-23 14:17:05 | INFO    | campaign | Msg report ok | 248070621_telethon → @thirtiethrobot msg=438 | illegal_docs | Beware, a scam! Be vigilant, this resource is involved in fraud, selling fake do
2026-07-23 14:17:14 | INFO    | campaign | Peer report ok | 248070621_telethon → @onondagarobot | illegal_docs | I urge the platform to delete this channel that sells illegal counterfeit docume
2026-07-23 14:17:17 | INFO    | campaign | Peer report ok | 248070621_telethon → @onondagarobot | illegal_docs | Attention! This channel is a source of fraud, trading in fake documents. [Compla
2026-07-23 14:17:19 | INFO    | campaign | Peer report ok | 248070621_telethon → @onondagarobot | illegal_docs | Дополнительные варианты с акцентом на разные детали (русский): [Complaint #173]
2026-07-23 14:17:23 | INFO    | campaign | Msg report ok | 248070621_telethon → @onondagarobot msg=441 | illegal_docs | Selling fake documents like IDs and passports through this channel is unlawful. 
2026-07-23 14:17:26 | INFO    | campaign | Msg report ok | 248070621_telethon → @onondagarobot msg=441 | illegal_docs | A channel offering counterfeit documents, including IDs and passports, needs to 
2026-07-23 14:17:29 | INFO    | campaign | Msg report ok | 248070621_telethon → @onondagarobot msg=441 | illegal_docs | Immediate action required for this channel offering counterfeit official documen
2026-07-23 14:17:37 | INFO    | campaign | Peer report ok | 248070621_telethon → @trigger1robot | illegal_docs | This channel is distributing fake documents, including driver’s licenses. Please
2026-07-23 14:17:40 | INFO    | campaign | Peer report ok | 248070621_telethon → @trigger1robot | illegal_docs | This platform promotes the sale of fake legal identification documents. Please t
2026-07-23 14:17:42 | INFO    | campaign | Peer report ok | 248070621_telethon → @trigger1robot | illegal_docs | Selling fake documents like passports through this channel is illegal. Requestin
2026-07-23 14:17:44 | INFO    | campaign | Msg report ok | 248070621_telethon → @trigger1robot msg=444 | illegal_docs | This channel is involved in selling fake identification documents. Please remove
2026-07-23 14:17:47 | INFO    | campaign | Msg report ok | 248070621_telethon → @trigger1robot msg=444 | illegal_docs | Attention, deception! This bot/channel is a fraudulent scheme distributing fake 
2026-07-23 14:17:50 | INFO    | campaign | Msg report ok | 248070621_telethon → @trigger1robot msg=444 | illegal_docs | Additional variants with emphasis on different details (English): [Complaint #20
2026-07-23 14:17:59 | INFO    | campaign | Peer report ok | 248070621_telethon → @ubbiijjonbot | illegal_docs | There is a channel selling fake passports and IDs. Request immediate removal. [C
2026-07-23 14:18:00 | INFO    | campaign | Peer report ok | 248070621_telethon → @ubbiijjonbot | illegal_docs | Серьезное мошенничество! Данный бот/канал занимается распространением поддельных
2026-07-23 14:18:02 | INFO    | campaign | Peer report ok | 248070621_telethon → @ubbiijjonbot | illegal_docs | SCAM ALERT: This bot offers fake documents. These are scammers. [Complaint #183]
2026-07-23 14:18:04 | INFO    | campaign | Msg report ok | 248070621_telethon → @ubbiijjonbot msg=450 | illegal_docs | I request urgent removal of this channel involved in selling counterfeit legal d
2026-07-23 14:18:08 | INFO    | campaign | Msg report ok | 248070621_telethon → @ubbiijjonbot msg=450 | illegal_docs | This is a platform selling illegal forged documents. Please delete the channel p
2026-07-23 14:18:11 | INFO    | campaign | Msg report ok | 248070621_telethon → @ubbiijjonbot msg=450 | illegal_docs | Attention! This channel is a source of fraud, trading in fake documents. [Compla
2026-07-23 14:18:13 | INFO    | campaign | Не удалось написать @komran_star с 248070621_telethon: You can't write in this chat (caused by SendMessageRequest)
2026-07-23 14:18:14 | WARNING | __main__ | Cannot notify admin 7362573437
2026-07-23 14:18:14 | INFO    | campaign | Peer report ok | 248070621_telethon → @komran_star | illegal_docs | SCAM ALERT! This channel is pure fraud. They offer bogus documents. Ignore it! [
2026-07-23 14:18:17 | INFO    | campaign | Peer report ok | 248070621_telethon → @komran_star | illegal_docs | There’s a channel offering fake personal and legal documents. Requesting urgent 
2026-07-23 14:18:19 | INFO    | campaign | Peer report ok | 248070621_telethon → @komran_star | illegal_docs | This platform deals in fake IDs and official documents. Please delete the channe
2026-07-23 14:18:22 | INFO    | campaign | Msg report ok | 248070621_telethon → @komran_star msg=560 | illegal_docs | This platform promotes the sale of fake legal identification documents. Please t
2026-07-23 14:18:25 | INFO    | campaign | Msg report ok | 248070621_telethon → @komran_star msg=560 | illegal_docs | Мошенничество с документами: бот/канал продает подделки. SCAM. [Complaint #154]
2026-07-23 14:18:28 | INFO    | campaign | Msg report ok | 248070621_telethon → @komran_star msg=560 | illegal_docs | Опасно! Мошенническая деятельность: продажа поддельных документов. [Complaint #7
2026-07-23 14:18:30 | INFO    | campaign | ⏸ Раунд 4 готов. Ждём 20 мин до раунда 5
2026-07-23 14:18:30 | WARNING | __main__ | Cannot notify admin 7362573437
2026-07-23 14:24:59 | INFO    | monitor | Target @resellerashabot deleted (Nobody is using this username or the username is unacceptable (caused by ResolveUsernameRequest)) via periodic
2026-07-23 14:24:59 | INFO    | monitor | Target @ciu638drfyejpulsekbot deleted (Nobody is using this username or the username is unacceptable (caused by ResolveUsernameRequest)) via periodic
2026-07-23 14:24:59 | INFO    | monitor | Target @lhtulwtgbot deleted (Nobody is using this username or the username is unacceptable (caused by ResolveUsernameRequest)) via periodic
2026-07-23 14:25:01 | INFO    | monitor | Target @o3kycz9ibot deleted (Nobody is using this username or the username is unacceptable (caused by ResolveUsernameRequest)) via periodic
2026-07-23 14:35:01 | INFO    | monitor | Target @resellerashabot deleted (Nobody is using this username or the username is unacceptable (caused by ResolveUsernameRequest)) via periodic
2026-07-23 14:35:01 | INFO    | monitor | Target @ciu638drfyejpulsekbot deleted (Nobody is using this username or the username is unacceptable (caused by ResolveUsernameRequest)) via periodic
2026-07-23 14:35:01 | INFO    | monitor | Target @lhtulwtgbot deleted (Nobody is using this username or the username is unacceptable (caused by ResolveUsernameRequest)) via periodic
2026-07-23 14:35:03 | INFO    | monitor | Target @o3kycz9ibot deleted (Nobody is using this username or the username is unacceptable (caused by ResolveUsernameRequest)) via periodic
2026-07-23 14:39:22 | INFO    | campaign | ▶ Раунд 5/5 | язык=English | жалобы=Подделка документов
2026-07-23 14:39:23 | WARNING | __main__ | Cannot notify admin 7362573437
2026-07-23 14:39:26 | INFO    | campaign | Аккаунт 248070613_telethon (1/2) → 9 бот(ов)
2026-07-23 14:39:26 | WARNING | __main__ | Cannot notify admin 7362573437
2026-07-23 14:39:34 | INFO    | campaign | Peer report ok | 248070613_telethon → @rqbhdg7gv3s0mdfjb0bot | illegal_docs | This platform offers counterfeit legal identification documents. Please delete i
2026-07-23 14:39:36 | INFO    | campaign | Peer report ok | 248070613_telethon → @rqbhdg7gv3s0mdfjb0bot | illegal_docs | This platform offers counterfeit legal identification documents. Please delete i
2026-07-23 14:39:39 | INFO    | campaign | Peer report ok | 248070613_telethon → @rqbhdg7gv3s0mdfjb0bot | illegal_docs | This platform is promoting the sale of counterfeit documents. Kindly remove it i
2026-07-23 14:39:42 | INFO    | campaign | Msg report ok | 248070613_telethon → @rqbhdg7gv3s0mdfjb0bot msg=229 | illegal_docs | This channel is involved in the illegal sale of forged documents. Please delete 
2026-07-23 14:39:45 | INFO    | campaign | Msg report ok | 248070613_telethon → @rqbhdg7gv3s0mdfjb0bot msg=229 | illegal_docs | Beware, fraudulent channel/bot! They distribute fake documents. It's SCAM. [Comp
2026-07-23 14:39:47 | INFO    | campaign | Msg report ok | 248070613_telethon → @rqbhdg7gv3s0mdfjb0bot msg=229 | illegal_docs | Внимание! Этот канал – источник мошенничества, торгует фальшивыми документами. [
2026-07-23 14:39:56 | INFO    | campaign | Peer report ok | 248070613_telethon → @ay9bf5wwupuac8dmpwbot | illegal_docs | Additional variants with emphasis on different details (English): [Complaint #16
2026-07-23 14:39:59 | INFO    | campaign | Peer report ok | 248070613_telethon → @ay9bf5wwupuac8dmpwbot | illegal_docs | This platform offers counterfeit legal identification documents. Please delete i
2026-07-23 14:40:01 | INFO    | campaign | Peer report ok | 248070613_telethon → @ay9bf5wwupuac8dmpwbot | illegal_docs | Опасно! Мошенническая деятельность: продажа поддельных документов. [Complaint #6
2026-07-23 14:40:04 | INFO    | campaign | Msg report ok | 248070613_telethon → @ay9bf5wwupuac8dmpwbot msg=233 | illegal_docs | Beware, scammers! The resource is involved in creating and selling fake document
2026-07-23 14:40:06 | INFO    | campaign | Msg report ok | 248070613_telethon → @ay9bf5wwupuac8dmpwbot msg=233 | illegal_docs | I have found a channel selling fake documents like IDs and passports. Kindly tak
2026-07-23 14:40:09 | INFO    | campaign | Msg report ok | 248070613_telethon → @ay9bf5wwupuac8dmpwbot msg=233 | illegal_docs | This channel is distributing fake documents, including driver’s licenses. Please
2026-07-23 14:40:17 | INFO    | campaign | Peer report ok | 248070613_telethon → @haporenbot | illegal_docs | SCAM! Immediate deletion of the channel/bot offering fake documents is required.
2026-07-23 14:40:19 | INFO    | campaign | Peer report ok | 248070613_telethon → @haporenbot | illegal_docs | This channel deals with counterfeit certificates and IDs. Please delete it at on
2026-07-23 14:40:22 | INFO    | campaign | Peer report ok | 248070613_telethon → @haporenbot | illegal_docs | There’s a channel involved in selling fake official documents. Request immediate
2026-07-23 14:40:25 | INFO    | campaign | Msg report ok | 248070613_telethon → @haporenbot msg=235 | illegal_docs | Please remove this channel that promotes the sale of counterfeit IDs and passpor
2026-07-23 14:40:29 | INFO    | campaign | Msg report ok | 248070613_telethon → @haporenbot msg=235 | illegal_docs | I have reported a channel offering counterfeit legal documents. Please remove it
2026-07-23 14:40:32 | INFO    | campaign | Msg report ok | 248070613_telethon → @haporenbot msg=235 | illegal_docs | A channel distributing fake legal papers needs to be permanently removed now. [C
2026-07-23 14:40:40 | INFO    | campaign | Peer report ok | 248070613_telethon → @timbukturobot | illegal_docs | This channel promotes the sale of forged documents. Urgently remove it from the 
2026-07-23 14:40:42 | INFO    | campaign | Peer report ok | 248070613_telethon → @timbukturobot | illegal_docs | Additional variants with emphasis on different details (English): [Complaint #72
2026-07-23 14:40:44 | INFO    | campaign | Peer report ok | 248070613_telethon → @timbukturobot | illegal_docs | This platform is promoting the sale of counterfeit documents. Kindly remove it i
2026-07-23 14:40:48 | INFO    | campaign | Msg report ok | 248070613_telethon → @timbukturobot msg=238 | illegal_docs | I report this channel for distributing fake documents. Immediate action required
2026-07-23 14:40:51 | INFO    | campaign | Msg report ok | 248070613_telethon → @timbukturobot msg=238 | illegal_docs | There’s a channel involved in illegal sale of counterfeit documents. Request urg
2026-07-23 14:40:54 | INFO    | campaign | Msg report ok | 248070613_telethon → @timbukturobot msg=238 | illegal_docs | Дополнительные варианты с акцентом на разные детали (русский): [Complaint #96]
2026-07-23 14:41:01 | INFO    | campaign | Peer report ok | 248070613_telethon → @thirtiethrobot | illegal_docs | SCAM WARNING! The content of this channel is fraudulent. They sell fake document
2026-07-23 14:41:03 | INFO    | campaign | Peer report ok | 248070613_telethon → @thirtiethrobot | illegal_docs | I’ve reported this channel for selling counterfeit documents. Please take down t
2026-07-23 14:41:05 | INFO    | campaign | Peer report ok | 248070613_telethon → @thirtiethrobot | illegal_docs | Осторожно, мошенники! Ресурс занимается изготовлением и продажей фальшивых докум
2026-07-23 14:41:08 | INFO    | campaign | Msg report ok | 248070613_telethon → @thirtiethrobot msg=241 | illegal_docs | There’s a channel involved in selling fake official documents. Request immediate
2026-07-23 14:41:10 | INFO    | campaign | Msg report ok | 248070613_telethon → @thirtiethrobot msg=241 | illegal_docs | Внимание, обман! Данный бот/канал является мошеннической схемой, распространяюще
2026-07-23 14:41:12 | INFO    | campaign | Msg report ok | 248070613_telethon → @thirtiethrobot msg=241 | illegal_docs | Внимание, обман! Данный бот/канал является мошеннической схемой, распространяюще
2026-07-23 14:41:22 | INFO    | campaign | Peer report ok | 248070613_telethon → @onondagarobot | illegal_docs | Beware, fraudulent channel/bot! They distribute fake documents. It's SCAM. [Comp
2026-07-23 14:41:23 | INFO    | campaign | Peer report ok | 248070613_telethon → @onondagarobot | illegal_docs | Attention, deception! This bot/channel is a fraudulent scheme distributing fake 
2026-07-23 14:41:26 | INFO    | campaign | Peer report ok | 248070613_telethon → @onondagarobot | illegal_docs | Внимание, обман! Данный бот/канал является мошеннической схемой, распространяюще
2026-07-23 14:41:28 | INFO    | campaign | Msg report ok | 248070613_telethon → @onondagarobot msg=244 | illegal_docs | A channel distributing fake legal papers needs to be permanently removed now. [C
2026-07-23 14:41:32 | INFO    | campaign | Msg report ok | 248070613_telethon → @onondagarobot msg=244 | illegal_docs | SCAM ALERT! This channel is pure fraud. They offer bogus documents. Ignore it! [
2026-07-23 14:41:34 | INFO    | campaign | Msg report ok | 248070613_telethon → @onondagarobot msg=244 | illegal_docs | Не верьте! Предлагают "документы" – это фальшивка. Чистое мошенничество. [Compla
2026-07-23 14:41:43 | INFO    | campaign | Peer report ok | 248070613_telethon → @trigger1robot | illegal_docs | This channel is involved in the illegal sale of forged documents. Please delete 
2026-07-23 14:41:45 | INFO    | campaign | Peer report ok | 248070613_telethon → @trigger1robot | illegal_docs | Selling fake documents like passports through this channel is illegal. Requestin
2026-07-23 14:41:48 | INFO    | campaign | Peer report ok | 248070613_telethon → @trigger1robot | illegal_docs | SCAM ALERT: Этот бот предлагает фальшивые документы. Это мошенники. [Complaint #
2026-07-23 14:41:50 | INFO    | campaign | Msg report ok | 248070613_telethon → @trigger1robot msg=247 | illegal_docs | Selling fake documents like passports through this channel is illegal. Requestin
2026-07-23 14:41:53 | INFO    | campaign | Msg report ok | 248070613_telethon → @trigger1robot msg=247 | illegal_docs | There’s a channel involved in illegal sale of counterfeit documents. Request urg
2026-07-23 14:41:55 | INFO    | campaign | Msg report ok | 248070613_telethon → @trigger1robot msg=247 | illegal_docs | Serious Fraud! This bot/channel is involved in the distribution of fake document
2026-07-23 14:42:04 | INFO    | campaign | Peer report ok | 248070613_telethon → @ubbiijjonbot | illegal_docs | A channel offering counterfeit documents, including IDs and passports, needs to 
2026-07-23 14:42:06 | INFO    | campaign | Peer report ok | 248070613_telethon → @ubbiijjonbot | illegal_docs | Beware, scammers! The resource is involved in creating and selling fake document
2026-07-23 14:42:08 | INFO    | campaign | Peer report ok | 248070613_telethon → @ubbiijjonbot | illegal_docs | This is a channel promoting forged legal documents. Please remove it from the pl
2026-07-23 14:42:10 | INFO    | campaign | Msg report ok | 248070613_telethon → @ubbiijjonbot msg=253 | illegal_docs | Immediate action required for this channel offering counterfeit official documen
2026-07-23 14:42:14 | INFO    | campaign | Msg report ok | 248070613_telethon → @ubbiijjonbot msg=253 | illegal_docs | Beware, a scam! Be vigilant, this resource is involved in fraud, selling fake do
2026-07-23 14:42:17 | INFO    | campaign | Msg report ok | 248070613_telethon → @ubbiijjonbot msg=253 | illegal_docs | This channel is distributing fake documents, including driver’s licenses. Please
2026-07-23 14:42:20 | INFO    | campaign | Не удалось написать @komran_star с 248070613_telethon: You can't write in this chat (caused by SendMessageRequest)
2026-07-23 14:42:20 | WARNING | __main__ | Cannot notify admin 7362573437
2026-07-23 14:42:21 | INFO    | campaign | Peer report ok | 248070613_telethon → @komran_star | illegal_docs | I have reported a channel offering counterfeit legal documents. Please remove it
2026-07-23 14:42:23 | INFO    | campaign | Peer report ok | 248070613_telethon → @komran_star | illegal_docs | This is a channel promoting forged legal documents. Please remove it from the pl
2026-07-23 14:42:25 | INFO    | campaign | Peer report ok | 248070613_telethon → @komran_star | illegal_docs | Осторожно, мошеннический канал/бот! Распространяют фальшивые документы. Это SCAM
2026-07-23 14:42:28 | INFO    | campaign | Msg report ok | 248070613_telethon → @komran_star msg=560 | illegal_docs | A channel offering counterfeit documents, including IDs and passports, needs to 
2026-07-23 14:42:31 | INFO    | campaign | Msg report ok | 248070613_telethon → @komran_star msg=560 | illegal_docs | I request the immediate removal of this channel selling illegal counterfeit docu
2026-07-23 14:42:33 | INFO    | campaign | Msg report ok | 248070613_telethon → @komran_star msg=560 | illegal_docs | This platform hosts a channel selling fake legal documents. Remove it promptly. 
2026-07-23 14:42:35 | INFO    | campaign | ⏸ Пауза 5 мин до следующего аккаунта
2026-07-23 14:42:35 | WARNING | __main__ | Cannot notify admin 7362573437
2026-07-23 14:45:03 | INFO    | monitor | Target @resellerashabot deleted (Nobody is using this username or the username is unacceptable (caused by ResolveUsernameRequest)) via periodic
2026-07-23 14:45:03 | INFO    | monitor | Target @ciu638drfyejpulsekbot deleted (Nobody is using this username or the username is unacceptable (caused by ResolveUsernameRequest)) via periodic
2026-07-23 14:45:03 | INFO    | monitor | Target @lhtulwtgbot deleted (Nobody is using this username or the username is unacceptable (caused by ResolveUsernameRequest)) via periodic
2026-07-23 14:45:05 | INFO    | monitor | Target @o3kycz9ibot deleted (Nobody is using this username or the username is unacceptable (caused by ResolveUsernameRequest)) via periodic
2026-07-23 14:47:38 | INFO    | campaign | Аккаунт 248070621_telethon (2/2) → 9 бот(ов)
2026-07-23 14:47:39 | WARNING | __main__ | Cannot notify admin 7362573437
2026-07-23 14:47:44 | INFO    | campaign | Peer report ok | 248070621_telethon → @rqbhdg7gv3s0mdfjb0bot | illegal_docs | Selling counterfeit documents like passports through this channel is illegal. Re
2026-07-23 14:47:46 | INFO    | campaign | Peer report ok | 248070621_telethon → @rqbhdg7gv3s0mdfjb0bot | illegal_docs | SCAM! Этот бот/канал – очевидный обман. [Complaint #64]
2026-07-23 14:47:49 | INFO    | campaign | Peer report ok | 248070621_telethon → @rqbhdg7gv3s0mdfjb0bot | illegal_docs | Beware, scammers! The resource is involved in creating and selling fake document
2026-07-23 14:47:52 | INFO    | campaign | Msg report ok | 248070621_telethon → @rqbhdg7gv3s0mdfjb0bot msg=456 | illegal_docs | Beware, a scam! Be vigilant, this resource is involved in fraud, selling fake do
2026-07-23 14:47:55 | INFO    | campaign | Msg report ok | 248070621_telethon → @rqbhdg7gv3s0mdfjb0bot msg=456 | illegal_docs | This channel promotes the sale of fake certified documents. Request urgent remov
2026-07-23 14:47:58 | INFO    | campaign | Msg report ok | 248070621_telethon → @rqbhdg7gv3s0mdfjb0bot msg=456 | illegal_docs | SCAM! Immediate deletion of the channel/bot offering fake documents is required.
2026-07-23 14:48:08 | INFO    | campaign | Peer report ok | 248070621_telethon → @ay9bf5wwupuac8dmpwbot | illegal_docs | Внимание, обман! Данный бот/канал является мошеннической схемой, распространяюще
2026-07-23 14:48:10 | INFO    | campaign | Peer report ok | 248070621_telethon → @ay9bf5wwupuac8dmpwbot | illegal_docs | This channel promotes the sale of forged documents. Urgently remove it from the 
2026-07-23 14:48:12 | INFO    | campaign | Peer report ok | 248070621_telethon → @ay9bf5wwupuac8dmpwbot | illegal_docs | This channel is advertising illegal fake documents. Kindly delete it as soon as 
2026-07-23 14:48:15 | INFO    | campaign | Msg report ok | 248070621_telethon → @ay9bf5wwupuac8dmpwbot msg=460 | illegal_docs | SCAM ALERT! This channel is pure fraud. They offer bogus documents. Ignore it! [
2026-07-23 14:48:18 | INFO    | campaign | Msg report ok | 248070621_telethon → @ay9bf5wwupuac8dmpwbot msg=460 | illegal_docs | SCAM! Этот бот/канал – очевидный обман. [Complaint #32]
2026-07-23 14:48:21 | INFO    | campaign | Msg report ok | 248070621_telethon → @ay9bf5wwupuac8dmpwbot msg=460 | illegal_docs | Дополнительные варианты с акцентом на разные детали (русский): [Complaint #2]
2026-07-23 14:48:29 | INFO    | campaign | Peer report ok | 248070621_telethon → @haporenbot | illegal_docs | Warning! Scammers! This bot/channel offers fake documents. Don't fall for it! SC
2026-07-23 14:48:31 | INFO    | campaign | Peer report ok | 248070621_telethon → @haporenbot | illegal_docs | This channel promotes the sale of fake certified documents. Request urgent remov
2026-07-23 14:48:33 | INFO    | campaign | Peer report ok | 248070621_telethon → @haporenbot | illegal_docs | Immediate action required for this channel offering counterfeit official documen
2026-07-23 14:48:36 | INFO    | campaign | Msg report ok | 248070621_telethon → @haporenbot msg=462 | illegal_docs | Critically Important: The site/bot offers fake documents. These are scammers. Bl
2026-07-23 14:48:39 | INFO    | campaign | Msg report ok | 248070621_telethon → @haporenbot msg=462 | illegal_docs | SCAM ALERT! Этот канал – чистой воды мошенничество. Предлагают липовые документы
2026-07-23 14:48:42 | INFO    | campaign | Msg report ok | 248070621_telethon → @haporenbot msg=462 | illegal_docs | This channel is involved in selling fake identification documents. Please remove
2026-07-23 14:48:49 | INFO    | campaign | Peer report ok | 248070621_telethon → @timbukturobot | illegal_docs | I’ve reported this channel for selling counterfeit documents. Please take down t
2026-07-23 14:48:51 | INFO    | campaign | Peer report ok | 248070621_telethon → @timbukturobot | illegal_docs | This channel is involved in the illegal sale of forged documents. Please remove 
2026-07-23 14:48:53 | INFO    | campaign | Peer report ok | 248070621_telethon → @timbukturobot | illegal_docs | This platform deals in fake IDs and official documents. Please delete the channe
2026-07-23 14:48:56 | INFO    | campaign | Msg report ok | 248070621_telethon → @timbukturobot msg=465 | illegal_docs | There is a channel selling fake passports and IDs. Request immediate removal. [C
2026-07-23 14:48:58 | INFO    | campaign | Msg report ok | 248070621_telethon → @timbukturobot msg=465 | illegal_docs | Мошенничество! Будьте осторожны, данный ресурс содержит предложения о поддельных
2026-07-23 14:49:01 | INFO    | campaign | Msg report ok | 248070621_telethon → @timbukturobot msg=465 | illegal_docs | This channel is illegally distributing fake documents. Please take it down immed
2026-07-23 14:49:09 | INFO    | campaign | Peer report ok | 248070621_telethon → @thirtiethrobot | illegal_docs | Не верьте! Предлагают "документы" – это фальшивка. Чистое мошенничество. [Compla
2026-07-23 14:49:11 | INFO    | campaign | Peer report ok | 248070621_telethon → @thirtiethrobot | illegal_docs | This platform deals in fake IDs and official documents. Please delete the channe
2026-07-23 14:49:13 | INFO    | campaign | Peer report ok | 248070621_telethon → @thirtiethrobot | illegal_docs | Warning! Scammers! This bot/channel offers fake documents. Don't fall for it! SC
2026-07-23 14:49:16 | INFO    | campaign | Msg report ok | 248070621_telethon → @thirtiethrobot msg=468 | illegal_docs | This channel is distributing fake documents, including driver’s licenses. Please
2026-07-23 14:49:19 | INFO    | campaign | Msg report ok | 248070621_telethon → @thirtiethrobot msg=468 | illegal_docs | Осторожно, мошеннический канал/бот! Распространяют фальшивые документы. Это SCAM
2026-07-23 14:49:21 | INFO    | campaign | Msg report ok | 248070621_telethon → @thirtiethrobot msg=468 | illegal_docs | SCAM ALERT: Этот бот предлагает фальшивые документы. Это мошенники. [Complaint #
2026-07-23 14:49:29 | INFO    | campaign | Peer report ok | 248070621_telethon → @onondagarobot | illegal_docs | Осторожно, мошеннический канал/бот! Распространяют фальшивые документы. Это SCAM
2026-07-23 14:49:32 | INFO    | campaign | Peer report ok | 248070621_telethon → @onondagarobot | illegal_docs | I have found a channel selling fake documents like IDs and passports. Kindly tak
2026-07-23 14:49:34 | INFO    | campaign | Peer report ok | 248070621_telethon → @onondagarobot | illegal_docs | This channel provides counterfeit documents like passports and ID cards. Please 
2026-07-23 14:49:38 | INFO    | campaign | Msg report ok | 248070621_telethon → @onondagarobot msg=471 | illegal_docs | I have reported a channel offering counterfeit legal documents. Please remove it
2026-07-23 14:49:41 | INFO    | campaign | Msg report ok | 248070621_telethon → @onondagarobot msg=471 | illegal_docs | There’s a channel offering fraudulent documents illegally. Kindly remove it imme
2026-07-23 14:49:43 | INFO    | campaign | Msg report ok | 248070621_telethon → @onondagarobot msg=471 | illegal_docs | There’s a channel offering fraudulent documents illegally. Kindly remove it imme
2026-07-23 14:49:51 | INFO    | campaign | Peer report ok | 248070621_telethon → @trigger1robot | illegal_docs | Beware, scammers! The resource is involved in creating and selling fake document
2026-07-23 14:49:54 | INFO    | campaign | Peer report ok | 248070621_telethon → @trigger1robot | illegal_docs | This channel is illegally distributing fake documents. Please take it down immed
2026-07-23 14:49:55 | INFO    | campaign | Peer report ok | 248070621_telethon → @trigger1robot | illegal_docs | SCAM WARNING! The content of this channel is fraudulent. They sell fake document
2026-07-23 14:49:58 | INFO    | campaign | Msg report ok | 248070621_telethon → @trigger1robot msg=474 | illegal_docs | SCAM! Продвигают фальшивые документы. Удалите эту мошенническую схему. [Complain
2026-07-23 14:50:01 | INFO    | campaign | Msg report ok | 248070621_telethon → @trigger1robot msg=474 | illegal_docs | SCAM ALERT! This channel is pure fraud. They offer bogus documents. Ignore it! [
2026-07-23 14:50:03 | INFO    | campaign | Msg report ok | 248070621_telethon → @trigger1robot msg=474 | illegal_docs | SCAM! Продвигают фальшивые документы. Удалите эту мошенническую схему. [Complain
2026-07-23 14:50:12 | INFO    | campaign | Peer report ok | 248070621_telethon → @ubbiijjonbot | illegal_docs | Attention, deception! This bot/channel is a fraudulent scheme distributing fake 
2026-07-23 14:50:14 | INFO    | campaign | Peer report ok | 248070621_telethon → @ubbiijjonbot | illegal_docs | SCAM! Требуется немедленное удаление канала/бота, предлагающего фальшивые докуме
2026-07-23 14:50:16 | INFO    | campaign | Peer report ok | 248070621_telethon → @ubbiijjonbot | illegal_docs | SCAM! Продвигают фальшивые документы. Удалите эту мошенническую схему. [Complain
2026-07-23 14:50:19 | INFO    | campaign | Msg report ok | 248070621_telethon → @ubbiijjonbot msg=480 | illegal_docs | Selling illegal fake documents via this channel is a serious violation. Please d
2026-07-23 14:50:22 | INFO    | campaign | Msg report ok | 248070621_telethon → @ubbiijjonbot msg=480 | illegal_docs | This channel is involved in illegal sale of counterfeit legal documents. Please 
2026-07-23 14:50:24 | INFO    | campaign | Msg report ok | 248070621_telethon → @ubbiijjonbot msg=480 | illegal_docs | Fraud! Be careful, this resource contains offers for fake documents. [Complaint 
2026-07-23 14:50:26 | INFO    | campaign | Не удалось написать @komran_star с 248070621_telethon: You can't write in this chat (caused by SendMessageRequest)
2026-07-23 14:50:26 | WARNING | __main__ | Cannot notify admin 7362573437
2026-07-23 14:50:27 | INFO    | campaign | Peer report ok | 248070621_telethon → @komran_star | illegal_docs | A channel offering counterfeit documents, including IDs and passports, needs to 
2026-07-23 14:50:29 | INFO    | campaign | Peer report ok | 248070621_telethon → @komran_star | illegal_docs | This channel is involved in selling fake identification documents. Please remove
2026-07-23 14:50:31 | INFO    | campaign | Peer report ok | 248070621_telethon → @komran_star | illegal_docs | Beware, a scam! Be vigilant, this resource is involved in fraud, selling fake do
2026-07-23 14:50:33 | INFO    | campaign | Msg report ok | 248070621_telethon → @komran_star msg=560 | illegal_docs | Danger! Fraudulent activity: sale of fake documents. [Complaint #79]
2026-07-23 14:50:36 | INFO    | campaign | Msg report ok | 248070621_telethon → @komran_star msg=560 | illegal_docs | This channel is distributing fake documents, including driver’s licenses. Please
2026-07-23 14:50:39 | INFO    | campaign | Msg report ok | 248070621_telethon → @komran_star msg=560 | illegal_docs | Warning! Scammers! This bot/channel offers fake documents. Don't fall for it! SC
2026-07-23 14:50:42 | INFO    | campaign | ■ Кампания завершена (finished). Через 12ч придёт контроль удаления целевых ботов.
2026-07-23 14:50:43 | WARNING | __main__ | Cannot notify admin 7362573437
2026-07-23 14:55:05 | INFO    | monitor | Target @resellerashabot deleted (Nobody is using this username or the username is unacceptable (caused by ResolveUsernameRequest)) via periodic
2026-07-23 14:55:05 | INFO    | monitor | Target @ciu638drfyejpulsekbot deleted (Nobody is using this username or the username is unacceptable (caused by ResolveUsernameRequest)) via periodic
2026-07-23 14:55:05 | INFO    | monitor | Target @lhtulwtgbot deleted (Nobody is using this username or the username is unacceptable (caused by ResolveUsernameRequest)) via periodic
2026-07-23 14:55:07 | INFO    | monitor | Target @o3kycz9ibot deleted (Nobody is using this username or the username is unacceptable (caused by ResolveUsernameRequest)) via periodic
2026-07-23 14:57:06 | INFO    | aiogram.event | Update id=452969105 is handled. Duration 171 ms by bot id=8949896798
2026-07-23 14:57:08 | INFO    | aiogram.event | Update id=452969106 is handled. Duration 321 ms by bot id=8949896798
2026-07-23 14:57:16 | INFO    | telethon.network.mtprotosender | Connecting to 149.154.175.53:443/TcpFull...
2026-07-23 14:57:17 | INFO    | telethon.network.mtprotosender | Connection to 149.154.175.53:443/TcpFull complete!
2026-07-23 14:57:20 | INFO    | aiogram.event | Update id=452969107 is handled. Duration 3780 ms by bot id=8949896798
2026-07-23 14:57:38 | INFO    | telethon.network.mtprotosender | Connecting to 149.154.175.53:443/TcpFull...
2026-07-23 14:57:39 | INFO    | telethon.network.mtprotosender | Connection to 149.154.175.53:443/TcpFull complete!
2026-07-23 14:57:42 | INFO    | aiogram.event | Update id=452969108 is handled. Duration 3707 ms by bot id=8949896798
2026-07-23 14:57:46 | INFO    | aiogram.event | Update id=452969109 is handled. Duration 163 ms by bot id=8949896798
2026-07-23 14:57:47 | INFO    | aiogram.event | Update id=452969110 is handled. Duration 330 ms by bot id=8949896798
2026-07-23 14:58:11 | INFO    | aiogram.event | Update id=452969111 is handled. Duration 174 ms by bot id=8949896798
2026-07-23 14:58:12 | INFO    | aiogram.event | Update id=452969112 is handled. Duration 321 ms by bot id=8949896798
2026-07-23 14:58:16 | INFO    | aiogram.event | Update id=452969113 is handled. Duration 169 ms by bot id=8949896798
2026-07-23 14:58:21 | INFO    | aiogram.event | Update id=452969114 is handled. Duration 169 ms by bot id=8949896798
2026-07-23 14:58:24 | INFO    | aiogram.event | Update id=452969115 is handled. Duration 339 ms by bot id=8949896798
2026-07-23 14:58:27 | INFO    | aiogram.event | Update id=452969116 is handled. Duration 172 ms by bot id=8949896798
2026-07-23 14:58:30 | INFO    | aiogram.event | Update id=452969117 is handled. Duration 324 ms by bot id=8949896798
2026-07-23 14:58:36 | INFO    | aiogram.event | Update id=452969118 is handled. Duration 177 ms by bot id=8949896798
2026-07-23 14:58:37 | INFO    | aiogram.event | Update id=452969119 is handled. Duration 328 ms by bot id=8949896798
2026-07-23 14:58:43 | INFO    | aiogram.event | Update id=452969120 is handled. Duration 175 ms by bot id=8949896798
2026-07-23 14:58:45 | INFO    | aiogram.event | Update id=452969121 is handled. Duration 339 ms by bot id=8949896798
2026-07-23 14:58:53 | INFO    | aiogram.event | Update id=452969122 is handled. Duration 171 ms by bot id=8949896798
2026-07-23 14:58:57 | INFO    | aiogram.event | Update id=452969123 is handled. Duration 391 ms by bot id=8949896798
2026-07-23 14:59:05 | INFO    | aiogram.event | Update id=452969124 is handled. Duration 170 ms by bot id=8949896798
2026-07-23 14:59:07 | INFO    | aiogram.event | Update id=452969125 is handled. Duration 165 ms by bot id=8949896798
2026-07-23 14:59:08 | INFO    | aiogram.event | Update id=452969126 is handled. Duration 331 ms by bot id=8949896798
2026-07-23 14:59:13 | INFO    | telethon.network.mtprotosender | Disconnecting from 149.154.175.50:443/TcpFull...
2026-07-23 14:59:13 | INFO    | telethon.network.mtprotosender | Disconnection from 149.154.175.50:443/TcpFull complete!
2026-07-23 14:59:13 | INFO    | aiogram.event | Update id=452969127 is handled. Duration 286 ms by bot id=8949896798
2026-07-23 14:59:14 | INFO    | aiogram.event | Update id=452969128 is handled. Duration 327 ms by bot id=8949896798
2026-07-23 14:59:21 | INFO    | aiogram.event | Update id=452969129 is handled. Duration 167 ms by bot id=8949896798
2026-07-23 14:59:23 | INFO    | aiogram.event | Update id=452969130 is handled. Duration 464 ms by bot id=8949896798
2026-07-23 14:59:29 | INFO    | aiogram.event | Update id=452969131 is handled. Duration 167 ms by bot id=8949896798
2026-07-23 14:59:31 | INFO    | aiogram.event | Update id=452969132 is handled. Duration 169 ms by bot id=8949896798
2026-07-23 14:59:32 | INFO    | aiogram.event | Update id=452969133 is handled. Duration 326 ms by bot id=8949896798
2026-07-23 14:59:45 | INFO    | aiogram.event | Update id=452969134 is handled. Duration 335 ms by bot id=8949896798
2026-07-23 14:59:47 | INFO    | aiogram.event | Update id=452969135 is handled. Duration 168 ms by bot id=8949896798
2026-07-23 14:59:51 | INFO    | aiogram.event | Update id=452969136 is handled. Duration 316 ms by bot id=8949896798
2026-07-23 14:59:54 | INFO    | aiogram.event | Update id=452969137 is handled. Duration 170 ms by bot id=8949896798
2026-07-23 15:00:01 | INFO    | aiogram.event | Update id=452969138 is handled. Duration 320 ms by bot id=8949896798
2026-07-23 15:00:02 | INFO    | aiogram.event | Update id=452969139 is handled. Duration 185 ms by bot id=8949896798
2026-07-23 15:00:04 | INFO    | aiogram.event | Update id=452969140 is handled. Duration 170 ms by bot id=8949896798
2026-07-23 15:00:05 | INFO    | aiogram.event | Update id=452969141 is handled. Duration 335 ms by bot id=8949896798
2026-07-23 15:05:07 | INFO    | monitor | Target @resellerashabot deleted (Nobody is using this username or the username is unacceptable (caused by ResolveUsernameRequest)) via periodic
2026-07-23 15:05:07 | INFO    | monitor | Target @ciu638drfyejpulsekbot deleted (Nobody is using this username or the username is unacceptable (caused by ResolveUsernameRequest)) via periodic
2026-07-23 15:05:08 | INFO    | monitor | Target @lhtulwtgbot deleted (Nobody is using this username or the username is unacceptable (caused by ResolveUsernameRequest)) via periodic
2026-07-23 15:05:09 | INFO    | monitor | Target @o3kycz9ibot deleted (Nobody is using this username or the username is unacceptable (caused by ResolveUsernameRequest)) via periodic
2026-07-23 15:10:02 | INFO    | monitor | Target @resellerashabot deleted (Nobody is using this username or the username is unacceptable (caused by ResolveUsernameRequest)) via manual
2026-07-23 15:10:03 | INFO    | monitor | Target @ciu638drfyejpulsekbot deleted (Nobody is using this username or the username is unacceptable (caused by ResolveUsernameRequest)) via manual
2026-07-23 15:10:03 | INFO    | monitor | Target @lhtulwtgbot deleted (Nobody is using this username or the username is unacceptable (caused by ResolveUsernameRequest)) via manual
2026-07-23 15:10:05 | INFO    | monitor | Target @o3kycz9ibot deleted (Nobody is using this username or the username is unacceptable (caused by ResolveUsernameRequest)) via manual
2026-07-23 15:10:05 | INFO    | aiogram.event | Update id=452969142 is handled. Duration 3192 ms by bot id=8949896798
2026-07-23 15:15:10 | INFO    | monitor | Target @resellerashabot deleted (Nobody is using this username or the username is unacceptable (caused by ResolveUsernameRequest)) via periodic
2026-07-23 15:15:10 | INFO    | monitor | Target @ciu638drfyejpulsekbot deleted (Nobody is using this username or the username is unacceptable (caused by ResolveUsernameRequest)) via periodic
2026-07-23 15:15:11 | INFO    | monitor | Target @lhtulwtgbot deleted (Nobody is using this username or the username is unacceptable (caused by ResolveUsernameRequest)) via periodic
2026-07-23 15:15:12 | INFO    | monitor | Target @o3kycz9ibot deleted (Nobody is using this username or the username is unacceptable (caused by ResolveUsernameRequest)) via periodic
2026-07-23 15:25:12 | INFO    | monitor | Target @resellerashabot deleted (Nobody is using this username or the username is unacceptable (caused by ResolveUsernameRequest)) via periodic
2026-07-23 15:25:13 | INFO    | monitor | Target @ciu638drfyejpulsekbot deleted (Nobody is using this username or the username is unacceptable (caused by ResolveUsernameRequest)) via periodic
2026-07-23 15:25:14 | INFO    | monitor | Target @lhtulwtgbot deleted (Nobody is using this username or the username is unacceptable (caused by ResolveUsernameRequest)) via periodic
2026-07-23 15:25:15 | INFO    | monitor | Target @o3kycz9ibot deleted (Nobody is using this username or the username is unacceptable (caused by ResolveUsernameRequest)) via periodic
2026-07-23 15:35:16 | INFO    | monitor | Target @resellerashabot deleted (Nobody is using this username or the username is unacceptable (caused by ResolveUsernameRequest)) via periodic
2026-07-23 15:35:16 | INFO    | monitor | Target @ciu638drfyejpulsekbot deleted (Nobody is using this username or the username is unacceptable (caused by ResolveUsernameRequest)) via periodic
2026-07-23 15:35:17 | INFO    | monitor | Target @lhtulwtgbot deleted (Nobody is using this username or the username is unacceptable (caused by ResolveUsernameRequest)) via periodic
2026-07-23 15:35:18 | INFO    | monitor | Target @o3kycz9ibot deleted (Nobody is using this username or the username is unacceptable (caused by ResolveUsernameRequest)) via periodic
2026-07-23 15:43:34 | INFO    | aiogram.event | Update id=452969143 is handled. Duration 264 ms by bot id=8949896798
2026-07-23 15:43:35 | INFO    | aiogram.event | Update id=452969144 is handled. Duration 319 ms by bot id=8949896798
2026-07-23 15:43:37 | INFO    | campaign | ▶ Раунд 1/5 | язык=English | жалобы=Подделка документов
2026-07-23 15:43:37 | INFO    | aiogram.event | Update id=452969145 is handled. Duration 327 ms by bot id=8949896798
2026-07-23 15:43:37 | WARNING | __main__ | Cannot notify admin 7362573437
2026-07-23 15:43:40 | INFO    | campaign | Аккаунт 248070613_telethon (1/4) → 9 бот(ов)
2026-07-23 15:43:40 | WARNING | __main__ | Cannot notify admin 7362573437
2026-07-23 15:43:46 | INFO    | campaign | Peer report ok | 248070613_telethon → @rqbhdg7gv3s0mdfjb0bot | illegal_docs | Fraud! Be careful, this resource contains offers for fake documents. [Complaint 
2026-07-23 15:43:48 | INFO    | campaign | Peer report ok | 248070613_telethon → @rqbhdg7gv3s0mdfjb0bot | illegal_docs | Immediate action needed for this channel selling illegal counterfeit documents. 
2026-07-23 15:43:49 | INFO    | campaign | Peer report ok | 248070613_telethon → @rqbhdg7gv3s0mdfjb0bot | illegal_docs | Selling illegal fake documents via this channel is a serious violation. Please d
2026-07-23 15:43:52 | INFO    | campaign | Msg report ok | 248070613_telethon → @rqbhdg7gv3s0mdfjb0bot msg=259 | illegal_docs | Serious Fraud! This bot/channel is involved in the distribution of fake document
2026-07-23 15:43:56 | INFO    | campaign | Msg report ok | 248070613_telethon → @rqbhdg7gv3s0mdfjb0bot msg=259 | illegal_docs | Selling counterfeit documents like passports through this channel is illegal. Re
2026-07-23 15:43:58 | INFO    | campaign | Msg report ok | 248070613_telethon → @rqbhdg7gv3s0mdfjb0bot msg=259 | illegal_docs | Beware, scammers! The resource is involved in creating and selling fake document
2026-07-23 15:44:06 | INFO    | campaign | Peer report ok | 248070613_telethon → @ay9bf5wwupuac8dmpwbot | illegal_docs | This platform deals in fake IDs and official documents. Please delete the channe
2026-07-23 15:44:08 | INFO    | campaign | Peer report ok | 248070613_telethon → @ay9bf5wwupuac8dmpwbot | illegal_docs | This channel is involved in selling fake identification documents. Please remove
2026-07-23 15:44:10 | INFO    | campaign | Peer report ok | 248070613_telethon → @ay9bf5wwupuac8dmpwbot | illegal_docs | There is a channel offering counterfeit legal documents such as IDs and passport
2026-07-23 15:44:14 | INFO    | campaign | Msg report ok | 248070613_telethon → @ay9bf5wwupuac8dmpwbot msg=263 | illegal_docs | I urge the platform to delete this channel that sells illegal counterfeit docume
2026-07-23 15:44:16 | INFO    | campaign | Msg report ok | 248070613_telethon → @ay9bf5wwupuac8dmpwbot msg=263 | illegal_docs | This is a platform selling illegal forged documents. Please delete the channel p
2026-07-23 15:44:19 | INFO    | campaign | Msg report ok | 248070613_telethon → @ay9bf5wwupuac8dmpwbot msg=263 | illegal_docs | There is a channel selling fake passports and IDs. Request immediate removal. [C
2026-07-23 15:44:27 | INFO    | campaign | Peer report ok | 248070613_telethon → @haporenbot | illegal_docs | Immediate action required for this channel offering counterfeit official documen
2026-07-23 15:44:30 | INFO    | campaign | Peer report ok | 248070613_telethon → @haporenbot | illegal_docs | Остерегайтесь подделок: ресурс предлагает липовые документы, это мошенники. [Com
2026-07-23 15:44:32 | INFO    | campaign | Peer report ok | 248070613_telethon → @haporenbot | illegal_docs | I request the immediate removal of this channel selling illegal counterfeit docu
2026-07-23 15:44:35 | INFO    | campaign | Msg report ok | 248070613_telethon → @haporenbot msg=265 | illegal_docs | Серьезное мошенничество! Данный бот/канал занимается распространением поддельных
2026-07-23 15:44:38 | INFO    | campaign | Msg report ok | 248070613_telethon → @haporenbot msg=265 | illegal_docs | Warning! Scammers! This bot/channel offers fake documents. Don't fall for it! SC
2026-07-23 15:44:41 | INFO    | campaign | Msg report ok | 248070613_telethon → @haporenbot msg=265 | illegal_docs | I have reported a channel offering counterfeit legal documents. Please remove it
2026-07-23 15:44:50 | INFO    | campaign | Peer report ok | 248070613_telethon → @timbukturobot | illegal_docs | Selling counterfeit documents like passports through this channel is illegal. Re
2026-07-23 15:44:51 | INFO    | campaign | Peer report ok | 248070613_telethon → @timbukturobot | illegal_docs | This platform hosts a channel selling fake legal documents. Remove it promptly. 
2026-07-23 15:44:53 | INFO    | campaign | Peer report ok | 248070613_telethon → @timbukturobot | illegal_docs | Fraud alert: This resource offers to buy fake documents. Please delete. [Complai
2026-07-23 15:44:56 | INFO    | campaign | Msg report ok | 248070613_telethon → @timbukturobot msg=268 | illegal_docs | This platform hosts a channel selling fake legal documents. Remove it promptly. 
2026-07-23 15:44:59 | INFO    | campaign | Msg report ok | 248070613_telethon → @timbukturobot msg=268 | illegal_docs | Остерегайтесь подделок: ресурс предлагает липовые документы, это мошенники. [Com
2026-07-23 15:45:02 | INFO    | campaign | Msg report ok | 248070613_telethon → @timbukturobot msg=268 | illegal_docs | Fraud alert: This resource offers to buy fake documents. Please delete. [Complai
2026-07-23 15:45:10 | INFO    | campaign | Peer report ok | 248070613_telethon → @thirtiethrobot | illegal_docs | This channel is involved in the illegal sale of forged documents. Please delete 
2026-07-23 15:45:12 | INFO    | campaign | Peer report ok | 248070613_telethon → @thirtiethrobot | illegal_docs | Сигнал мошенничества: данный ресурс предлагает купить поддельные документы. Прош
2026-07-23 15:45:14 | INFO    | campaign | Peer report ok | 248070613_telethon → @thirtiethrobot | illegal_docs | Attention! This channel is a source of fraud, trading in fake documents. [Compla
2026-07-23 15:45:17 | INFO    | campaign | Msg report ok | 248070613_telethon → @thirtiethrobot msg=271 | illegal_docs | I request the immediate removal of this channel selling illegal counterfeit docu
2026-07-23 15:45:18 | INFO    | monitor | Target @resellerashabot deleted (Nobody is using this username or the username is unacceptable (caused by ResolveUsernameRequest)) via periodic
2026-07-23 15:45:19 | INFO    | monitor | Target @ciu638drfyejpulsekbot deleted (Nobody is using this username or the username is unacceptable (caused by ResolveUsernameRequest)) via periodic
2026-07-23 15:45:19 | INFO    | monitor | Target @lhtulwtgbot deleted (Nobody is using this username or the username is unacceptable (caused by ResolveUsernameRequest)) via periodic
2026-07-23 15:45:20 | INFO    | campaign | Msg report ok | 248070613_telethon → @thirtiethrobot msg=271 | illegal_docs | SCAM ALERT! Этот канал – чистой воды мошенничество. Предлагают липовые документы
2026-07-23 15:45:21 | INFO    | monitor | Target @o3kycz9ibot deleted (Nobody is using this username or the username is unacceptable (caused by ResolveUsernameRequest)) via periodic
2026-07-23 15:45:23 | INFO    | campaign | Msg report ok | 248070613_telethon → @thirtiethrobot msg=271 | illegal_docs | I’ve reported this channel for selling counterfeit documents. Please take down t
2026-07-23 15:45:33 | INFO    | campaign | Peer report ok | 248070613_telethon → @onondagarobot | illegal_docs | SCAM! Продвигают фальшивые документы. Удалите эту мошенническую схему. [Complain
2026-07-23 15:45:35 | INFO    | campaign | Peer report ok | 248070613_telethon → @onondagarobot | illegal_docs | A channel offering fake legal papers such as IDs and passports must be deleted i
2026-07-23 15:45:37 | INFO    | campaign | Peer report ok | 248070613_telethon → @onondagarobot | illegal_docs | This channel provides counterfeit documents like passports and ID cards. Please 
2026-07-23 15:45:41 | INFO    | campaign | Msg report ok | 248070613_telethon → @onondagarobot msg=274 | illegal_docs | Критически важно: Сайт/бот предлагает поддельные документы. Это мошенники. Немед
2026-07-23 15:45:43 | INFO    | campaign | Msg report ok | 248070613_telethon → @onondagarobot msg=274 | illegal_docs | This channel offers counterfeit documents, including fake passports and driver's
2026-07-23 15:45:46 | INFO    | campaign | Msg report ok | 248070613_telethon → @onondagarobot msg=274 | illegal_docs | SCAM ALERT: This bot offers fake documents. These are scammers. [Complaint #131]
2026-07-23 15:45:55 | INFO    | campaign | Peer report ok | 248070613_telethon → @trigger1robot | illegal_docs | SCAM ALERT! This channel is pure fraud. They offer bogus documents. Ignore it! [
2026-07-23 15:45:57 | INFO    | campaign | Peer report ok | 248070613_telethon → @trigger1robot | illegal_docs | SCAM ALERT: Этот бот предлагает фальшивые документы. Это мошенники. [Complaint #
2026-07-23 15:45:58 | INFO    | campaign | Peer report ok | 248070613_telethon → @trigger1robot | illegal_docs | This platform promotes the sale of fake legal identification documents. Please t
2026-07-23 15:46:02 | INFO    | campaign | Msg report ok | 248070613_telethon → @trigger1robot msg=277 | illegal_docs | I reported a channel selling fake IDs and passports. Please take appropriate act
2026-07-23 15:46:05 | INFO    | campaign | Msg report ok | 248070613_telethon → @trigger1robot msg=277 | illegal_docs | SCAM! Immediate deletion of the channel/bot offering fake documents is required.
2026-07-23 15:46:08 | INFO    | campaign | Msg report ok | 248070613_telethon → @trigger1robot msg=277 | illegal_docs | This channel promotes the sale of forged documents. Urgently remove it from the 
2026-07-23 15:46:18 | INFO    | campaign | Peer report ok | 248070613_telethon → @ubbiijjonbot | illegal_docs | Осторожно, мошенники! Ресурс занимается изготовлением и продажей фальшивых докум
2026-07-23 15:46:19 | INFO    | campaign | Peer report ok | 248070613_telethon → @ubbiijjonbot | illegal_docs | This channel is involved in the illegal sale of forged documents. Please remove 
2026-07-23 15:46:22 | INFO    | campaign | Peer report ok | 248070613_telethon → @ubbiijjonbot | illegal_docs | I reported a channel selling fake IDs and passports. Please take appropriate act
2026-07-23 15:46:25 | INFO    | campaign | Msg report ok | 248070613_telethon → @ubbiijjonbot msg=283 | illegal_docs | A channel distributing fake legal papers needs to be permanently removed now. [C
2026-07-23 15:46:27 | INFO    | campaign | Msg report ok | 248070613_telethon → @ubbiijjonbot msg=283 | illegal_docs | This channel offers counterfeit documents, including fake passports and driver's
2026-07-23 15:46:31 | INFO    | campaign | Msg report ok | 248070613_telethon → @ubbiijjonbot msg=283 | illegal_docs | Внимание, обман! Данный бот/канал является мошеннической схемой, распространяюще
2026-07-23 15:46:33 | INFO    | campaign | Не удалось написать @komran_star с 248070613_telethon: You can't write in this chat (caused by SendMessageRequest)
2026-07-23 15:46:34 | WARNING | __main__ | Cannot notify admin 7362573437
2026-07-23 15:46:34 | INFO    | campaign | Peer report ok | 248070613_telethon → @komran_star | illegal_docs | Внимание! Этот канал – источник мошенничества, торгует фальшивыми документами. [
2026-07-23 15:46:36 | INFO    | campaign | Peer report ok | 248070613_telethon → @komran_star | illegal_docs | Внимание, обман! Данный бот/канал является мошеннической схемой, распространяюще
2026-07-23 15:46:39 | INFO    | campaign | Peer report ok | 248070613_telethon → @komran_star | illegal_docs | This channel promotes the sale of forged documents. Urgently remove it from the 
2026-07-23 15:46:41 | INFO    | campaign | Msg report ok | 248070613_telethon → @komran_star msg=560 | illegal_docs | Серьезное мошенничество! Данный бот/канал занимается распространением поддельных
2026-07-23 15:46:44 | INFO    | campaign | Msg report ok | 248070613_telethon → @komran_star msg=560 | illegal_docs | There’s a channel dealing in fake legal papers, including passports and driver’s
2026-07-23 15:46:48 | INFO    | campaign | Msg report ok | 248070613_telethon → @komran_star msg=560 | illegal_docs | There’s a channel involved in selling fake official documents. Request immediate
2026-07-23 15:46:50 | INFO    | campaign | ⏸ Пауза 5 мин до следующего аккаунта
2026-07-23 15:46:50 | WARNING | __main__ | Cannot notify admin 7362573437
2026-07-23 15:51:53 | INFO    | campaign | Аккаунт 248070621_telethon (2/4) → 9 бот(ов)
2026-07-23 15:51:53 | WARNING | __main__ | Cannot notify admin 7362573437
2026-07-23 15:52:00 | INFO    | campaign | Peer report ok | 248070621_telethon → @rqbhdg7gv3s0mdfjb0bot | illegal_docs | Сигнал мошенничества: данный ресурс предлагает купить поддельные документы. Прош
2026-07-23 15:52:02 | INFO    | campaign | Peer report ok | 248070621_telethon → @rqbhdg7gv3s0mdfjb0bot | illegal_docs | SCAM! Требуется немедленное удаление канала/бота, предлагающего фальшивые докуме
2026-07-23 15:52:03 | INFO    | campaign | Peer report ok | 248070621_telethon → @rqbhdg7gv3s0mdfjb0bot | illegal_docs | Дополнительные варианты с акцентом на разные детали (русский): [Complaint #141]
2026-07-23 15:52:07 | INFO    | campaign | Msg report ok | 248070621_telethon → @rqbhdg7gv3s0mdfjb0bot msg=487 | illegal_docs | This channel is distributing fake documents, including driver’s licenses. Please
2026-07-23 15:52:09 | INFO    | campaign | Msg report ok | 248070621_telethon → @rqbhdg7gv3s0mdfjb0bot msg=487 | illegal_docs | This channel offers counterfeit documents, including fake passports and driver's
2026-07-23 15:52:13 | INFO    | campaign | Msg report ok | 248070621_telethon → @rqbhdg7gv3s0mdfjb0bot msg=487 | illegal_docs | This channel is involved in illegal sale of counterfeit legal documents. Please 
2026-07-23 15:52:23 | INFO    | campaign | Peer report ok | 248070621_telethon → @ay9bf5wwupuac8dmpwbot | illegal_docs | This channel is involved in selling fake identification documents. Please remove
2026-07-23 15:52:26 | INFO    | campaign | Peer report ok | 248070621_telethon → @ay9bf5wwupuac8dmpwbot | illegal_docs | This channel is advertising illegal fake documents. Kindly delete it as soon as 
2026-07-23 15:52:28 | INFO    | campaign | Peer report ok | 248070621_telethon → @ay9bf5wwupuac8dmpwbot | illegal_docs | Immediate action required for this channel offering counterfeit official documen
2026-07-23 15:52:31 | INFO    | campaign | Msg report ok | 248070621_telethon → @ay9bf5wwupuac8dmpwbot msg=491 | illegal_docs | I report this channel for distributing fake documents. Immediate action required
2026-07-23 15:52:33 | INFO    | campaign | Msg report ok | 248070621_telethon → @ay9bf5wwupuac8dmpwbot msg=491 | illegal_docs | Beware of fakes: the resource offers bogus documents, these are scammers. [Compl
2026-07-23 15:52:36 | INFO    | campaign | Msg report ok | 248070621_telethon → @ay9bf5wwupuac8dmpwbot msg=491 | illegal_docs | This platform offers counterfeit legal identification documents. Please delete i
2026-07-23 15:52:44 | INFO    | campaign | Peer report ok | 248070621_telethon → @haporenbot | illegal_docs | There is a channel selling fake passports and IDs. Request immediate removal. [C
2026-07-23 15:52:46 | INFO    | campaign | Peer report ok | 248070621_telethon → @haporenbot | illegal_docs | Сигнал мошенничества: данный ресурс предлагает купить поддельные документы. Прош
2026-07-23 15:52:48 | INFO    | campaign | Peer report ok | 248070621_telethon → @haporenbot | illegal_docs | Осторожно, мошенники! Ресурс занимается изготовлением и продажей фальшивых докум
2026-07-23 15:52:51 | INFO    | campaign | Msg report ok | 248070621_telethon → @haporenbot msg=493 | illegal_docs | Beware, scammers! The resource is involved in creating and selling fake document
2026-07-23 15:52:53 | INFO    | campaign | Msg report ok | 248070621_telethon → @haporenbot msg=493 | illegal_docs | Selling illegal fake documents via this channel is a serious violation. Please d
2026-07-23 15:52:56 | INFO    | campaign | Msg report ok | 248070621_telethon → @haporenbot msg=493 | illegal_docs | SCAM! Продвигают фальшивые документы. Удалите эту мошенническую схему. [Complain
2026-07-23 15:53:05 | INFO    | campaign | Peer report ok | 248070621_telethon → @timbukturobot | illegal_docs | Дополнительные варианты с акцентом на разные детали (русский): [Complaint #104]
2026-07-23 15:53:07 | INFO    | campaign | Peer report ok | 248070621_telethon → @timbukturobot | illegal_docs | Остерегайтесь подделок: ресурс предлагает липовые документы, это мошенники. [Com
2026-07-23 15:53:09 | INFO    | campaign | Peer report ok | 248070621_telethon → @timbukturobot | illegal_docs | Selling fake documents like IDs and passports through this channel is unlawful. 
2026-07-23 15:53:12 | INFO    | campaign | Msg report ok | 248070621_telethon → @timbukturobot msg=496 | illegal_docs | Attention, deception! This bot/channel is a fraudulent scheme distributing fake 
2026-07-23 15:53:15 | INFO    | campaign | Msg report ok | 248070621_telethon → @timbukturobot msg=496 | illegal_docs | Серьезное мошенничество! Данный бот/канал занимается распространением поддельных
2026-07-23 15:53:17 | INFO    | campaign | Msg report ok | 248070621_telethon → @timbukturobot msg=496 | illegal_docs | Критически важно: Сайт/бот предлагает поддельные документы. Это мошенники. Немед
2026-07-23 15:53:25 | INFO    | campaign | Peer report ok | 248070621_telethon → @thirtiethrobot | illegal_docs | Beware of fakes: the resource offers bogus documents, these are scammers. [Compl
2026-07-23 15:53:27 | INFO    | campaign | Peer report ok | 248070621_telethon → @thirtiethrobot | illegal_docs | I’ve reported this channel for selling counterfeit documents. Please take down t
2026-07-23 15:53:29 | INFO    | campaign | Peer report ok | 248070621_telethon → @thirtiethrobot | illegal_docs | This channel is involved in the illegal sale of forged documents. Please delete 
2026-07-23 15:53:33 | INFO    | campaign | Msg report ok | 248070621_telethon → @thirtiethrobot msg=499 | illegal_docs | SCAM! This bot/channel is an obvious deception. [Complaint #121]
2026-07-23 15:53:36 | INFO    | campaign | Msg report ok | 248070621_telethon → @thirtiethrobot msg=499 | illegal_docs | A channel is advertising the sale of fake documents, including driver’s licenses
2026-07-23 15:53:38 | INFO    | campaign | Msg report ok | 248070621_telethon → @thirtiethrobot msg=499 | illegal_docs | I urge the platform to delete this channel that sells illegal counterfeit docume
2026-07-23 15:53:46 | INFO    | campaign | Peer report ok | 248070621_telethon → @onondagarobot | illegal_docs | I urge the platform to delete this channel that sells illegal counterfeit docume
2026-07-23 15:53:48 | INFO    | campaign | Peer report ok | 248070621_telethon → @onondagarobot | illegal_docs | This is a channel promoting forged legal documents. Please remove it from the pl
2026-07-23 15:53:50 | INFO    | campaign | Peer report ok | 248070621_telethon → @onondagarobot | illegal_docs | This is a channel offering illegal fake documents. Please delete it right away. 
2026-07-23 15:53:53 | INFO    | campaign | Msg report ok | 248070621_telethon → @onondagarobot msg=502 | illegal_docs | SCAM! Требуется немедленное удаление канала/бота, предлагающего фальшивые докуме
2026-07-23 15:53:56 | INFO    | campaign | Msg report ok | 248070621_telethon → @onondagarobot msg=502 | illegal_docs | This channel provides counterfeit documents like passports and ID cards. Please 
2026-07-23 15:53:59 | INFO    | campaign | Msg report ok | 248070621_telethon → @onondagarobot msg=502 | illegal_docs | Мошенничество! Будьте осторожны, данный ресурс содержит предложения о поддельных
2026-07-23 15:54:09 | INFO    | campaign | Peer report ok | 248070621_telethon → @trigger1robot | illegal_docs | Please remove this channel that promotes the sale of counterfeit IDs and passpor
2026-07-23 15:54:11 | INFO    | campaign | Peer report ok | 248070621_telethon → @trigger1robot | illegal_docs | I have reported a channel offering counterfeit legal documents. Please remove it
2026-07-23 15:54:13 | INFO    | campaign | Peer report ok | 248070621_telethon → @trigger1robot | illegal_docs | Серьезное мошенничество! Данный бот/канал занимается распространением поддельных
2026-07-23 15:54:15 | INFO    | campaign | Msg report ok | 248070621_telethon → @trigger1robot msg=505 | illegal_docs | There’s a channel dealing in fake legal papers, including passports and driver’s
2026-07-23 15:54:18 | INFO    | campaign | Msg report ok | 248070621_telethon → @trigger1robot msg=505 | illegal_docs | This channel deals with counterfeit certificates and IDs. Please delete it at on
2026-07-23 15:54:21 | INFO    | campaign | Msg report ok | 248070621_telethon → @trigger1robot msg=505 | illegal_docs | Опасно! Мошенническая деятельность: продажа поддельных документов. [Complaint #1
2026-07-23 15:54:30 | INFO    | campaign | Peer report ok | 248070621_telethon → @ubbiijjonbot | illegal_docs | There’s a channel involved in selling fake official documents. Request immediate
2026-07-23 15:54:32 | INFO    | campaign | Peer report ok | 248070621_telethon → @ubbiijjonbot | illegal_docs | SCAM! This bot/channel is an obvious deception. [Complaint #178]
2026-07-23 15:54:34 | INFO    | campaign | Peer report ok | 248070621_telethon → @ubbiijjonbot | illegal_docs | Fraud alert: This resource offers to buy fake documents. Please delete. [Complai
2026-07-23 15:54:37 | INFO    | campaign | Msg report ok | 248070621_telethon → @ubbiijjonbot msg=511 | illegal_docs | Критически важно: Сайт/бот предлагает поддельные документы. Это мошенники. Немед
2026-07-23 15:54:39 | INFO    | campaign | Msg report ok | 248070621_telethon → @ubbiijjonbot msg=511 | illegal_docs | This channel is involved in the illegal sale of forged documents. Please remove 
2026-07-23 15:54:42 | INFO    | campaign | Msg report ok | 248070621_telethon → @ubbiijjonbot msg=511 | illegal_docs | SCAM ALERT! This channel is pure fraud. They offer bogus documents. Ignore it! [
2026-07-23 15:54:44 | INFO    | campaign | Не удалось написать @komran_star с 248070621_telethon: You can't write in this chat (caused by SendMessageRequest)
2026-07-23 15:54:45 | WARNING | __main__ | Cannot notify admin 7362573437
2026-07-23 15:54:46 | INFO    | campaign | Peer report ok | 248070621_telethon → @komran_star | illegal_docs | I have reported a channel offering counterfeit legal documents. Please remove it
2026-07-23 15:54:48 | INFO    | campaign | Peer report ok | 248070621_telethon → @komran_star | illegal_docs | I found a channel distributing fake legal documents. Kindly delete it promptly. 
2026-07-23 15:54:49 | INFO    | campaign | Peer report ok | 248070621_telethon → @komran_star | illegal_docs | A channel offering fake legal papers such as IDs and passports must be deleted i
2026-07-23 15:54:52 | INFO    | campaign | Msg report ok | 248070621_telethon → @komran_star msg=560 | illegal_docs | This channel promotes the sale of forged documents. Urgently remove it from the 
2026-07-23 15:54:55 | INFO    | campaign | Msg report ok | 248070621_telethon → @komran_star msg=560 | illegal_docs | SCAM ALERT: Этот бот предлагает фальшивые документы. Это мошенники. [Complaint #
2026-07-23 15:54:57 | INFO    | campaign | Msg report ok | 248070621_telethon → @komran_star msg=560 | illegal_docs | Selling counterfeit documents like passports through this channel is illegal. Re
2026-07-23 15:54:59 | INFO    | campaign | ⏸ Пауза 5 мин до следующего аккаунта
2026-07-23 15:55:00 | WARNING | __main__ | Cannot notify admin 7362573437
2026-07-23 15:55:21 | INFO    | monitor | Target @resellerashabot deleted (Nobody is using this username or the username is unacceptable (caused by ResolveUsernameRequest)) via periodic
2026-07-23 15:55:21 | INFO    | monitor | Target @ciu638drfyejpulsekbot deleted (Nobody is using this username or the username is unacceptable (caused by ResolveUsernameRequest)) via periodic
2026-07-23 15:55:22 | INFO    | monitor | Target @lhtulwtgbot deleted (Nobody is using this username or the username is unacceptable (caused by ResolveUsernameRequest)) via periodic
2026-07-23 15:55:23 | INFO    | monitor | Target @o3kycz9ibot deleted (Nobody is using this username or the username is unacceptable (caused by ResolveUsernameRequest)) via periodic
2026-07-23 16:00:02 | INFO    | campaign | Аккаунт 243404491_telethon (3/4) → 9 бот(ов)
2026-07-23 16:00:02 | WARNING | __main__ | Cannot notify admin 7362573437
2026-07-23 16:00:09 | INFO    | campaign | Peer report ok | 243404491_telethon → @rqbhdg7gv3s0mdfjb0bot | illegal_docs | Selling fake documents like passports through this channel is illegal. Requestin
2026-07-23 16:00:11 | INFO    | campaign | Peer report ok | 243404491_telethon → @rqbhdg7gv3s0mdfjb0bot | illegal_docs | This channel promotes the sale of forged documents. Urgently remove it from the 
2026-07-23 16:00:13 | INFO    | campaign | Peer report ok | 243404491_telethon → @rqbhdg7gv3s0mdfjb0bot | illegal_docs | Остерегайтесь подделок: ресурс предлагает липовые документы, это мошенники. [Com
2026-07-23 16:00:16 | INFO    | campaign | Msg report ok | 243404491_telethon → @rqbhdg7gv3s0mdfjb0bot msg=65 | illegal_docs | This channel promotes the sale of fake identification papers. Please take it dow
2026-07-23 16:00:18 | INFO    | campaign | Msg report ok | 243404491_telethon → @rqbhdg7gv3s0mdfjb0bot msg=65 | illegal_docs | SCAM WARNING! The content of this channel is fraudulent. They sell fake document
2026-07-23 16:00:21 | INFO    | campaign | Msg report ok | 243404491_telethon → @rqbhdg7gv3s0mdfjb0bot msg=65 | illegal_docs | There’s a channel involved in selling fake official documents. Request immediate
2026-07-23 16:00:30 | INFO    | campaign | Peer report ok | 243404491_telethon → @ay9bf5wwupuac8dmpwbot | illegal_docs | Мошенничество с документами: бот/канал продает подделки. SCAM. [Complaint #33]
2026-07-23 16:00:32 | INFO    | campaign | Peer report ok | 243404491_telethon → @ay9bf5wwupuac8dmpwbot | illegal_docs | Don't believe! They offer "documents" – they are fake. Pure fraud. [Complaint #5
2026-07-23 16:00:34 | INFO    | campaign | Peer report ok | 243404491_telethon → @ay9bf5wwupuac8dmpwbot | illegal_docs | A channel offering fake legal papers such as IDs and passports must be deleted i
2026-07-23 16:00:37 | INFO    | campaign | Msg report ok | 243404491_telethon → @ay9bf5wwupuac8dmpwbot msg=69 | illegal_docs | Beware, a scam! Be vigilant, this resource is involved in fraud, selling fake do
2026-07-23 16:00:39 | INFO    | campaign | Msg report ok | 243404491_telethon → @ay9bf5wwupuac8dmpwbot msg=69 | illegal_docs | SCAM ALERT: Этот бот предлагает фальшивые документы. Это мошенники. [Complaint #
2026-07-23 16:00:41 | INFO    | campaign | Msg report ok | 243404491_telethon → @ay9bf5wwupuac8dmpwbot msg=69 | illegal_docs | SCAM! Этот бот/канал – очевидный обман. [Complaint #28]
2026-07-23 16:00:49 | INFO    | campaign | Peer report ok | 243404491_telethon → @haporenbot | illegal_docs | I request urgent removal of this channel involved in selling counterfeit legal d
2026-07-23 16:00:50 | INFO    | campaign | Peer report ok | 243404491_telethon → @haporenbot | illegal_docs | This channel is advertising illegal fake documents. Kindly delete it as soon as 
2026-07-23 16:00:53 | INFO    | campaign | Peer report ok | 243404491_telethon → @haporenbot | illegal_docs | Warning! Scammers! This bot/channel offers fake documents. Don't fall for it! SC
2026-07-23 16:00:55 | INFO    | campaign | Msg report ok | 243404491_telethon → @haporenbot msg=71 | illegal_docs | Selling counterfeit documents like passports through this channel is illegal. Re
2026-07-23 16:00:58 | INFO    | campaign | Msg report ok | 243404491_telethon → @haporenbot msg=71 | illegal_docs | SCAM ALERT! This channel is pure fraud. They offer bogus documents. Ignore it! [
2026-07-23 16:01:01 | INFO    | campaign | Msg report ok | 243404491_telethon → @haporenbot msg=71 | illegal_docs | This channel is involved in the illegal sale of forged documents. Please remove 
2026-07-23 16:01:10 | INFO    | campaign | Peer report ok | 243404491_telethon → @timbukturobot | illegal_docs | Attention! This channel is a source of fraud, trading in fake documents. [Compla
2026-07-23 16:01:12 | INFO    | campaign | Peer report ok | 243404491_telethon → @timbukturobot | illegal_docs | This channel is involved in the illegal sale of forged documents. Please remove 
2026-07-23 16:01:13 | INFO    | campaign | Peer report ok | 243404491_telethon → @timbukturobot | illegal_docs | SCAM! Требуется немедленное удаление канала/бота, предлагающего фальшивые докуме
2026-07-23 16:01:17 | INFO    | campaign | Msg report ok | 243404491_telethon → @timbukturobot msg=74 | illegal_docs | This channel is illegally distributing fake documents. Please take it down immed
2026-07-23 16:01:19 | INFO    | campaign | Msg report ok | 243404491_telethon → @timbukturobot msg=74 | illegal_docs | This channel promotes the sale of fake certified documents. Request urgent remov
2026-07-23 16:01:22 | INFO    | campaign | Msg report ok | 243404491_telethon → @timbukturobot msg=74 | illegal_docs | This is a channel offering illegal fake documents. Please delete it right away. 
2026-07-23 16:01:31 | INFO    | campaign | Peer report ok | 243404491_telethon → @thirtiethrobot | illegal_docs | Серьезное мошенничество! Данный бот/канал занимается распространением поддельных
2026-07-23 16:01:33 | INFO    | campaign | Peer report ok | 243404491_telethon → @thirtiethrobot | illegal_docs | I’ve reported this channel for selling counterfeit documents. Please take down t
2026-07-23 16:01:35 | INFO    | campaign | Peer report ok | 243404491_telethon → @thirtiethrobot | illegal_docs | There’s a channel dealing in fake legal papers, including passports and driver’s
2026-07-23 16:01:38 | INFO    | campaign | Msg report ok | 243404491_telethon → @thirtiethrobot msg=77 | illegal_docs | Please remove this channel that promotes the sale of counterfeit IDs and passpor
2026-07-23 16:01:40 | INFO    | campaign | Msg report ok | 243404491_telethon → @thirtiethrobot msg=77 | illegal_docs | Fraud! Be careful, this resource contains offers for fake documents. [Complaint 
2026-07-23 16:01:42 | INFO    | campaign | Msg report ok | 243404491_telethon → @thirtiethrobot msg=77 | illegal_docs | I have reported a channel offering counterfeit legal documents. Please remove it
2026-07-23 16:01:50 | INFO    | campaign | Peer report ok | 243404491_telethon → @onondagarobot | illegal_docs | Additional variants with emphasis on different details (English): [Complaint #12
2026-07-23 16:01:52 | INFO    | campaign | Peer report ok | 243404491_telethon → @onondagarobot | illegal_docs | This platform deals in fake IDs and official documents. Please delete the channe
2026-07-23 16:01:54 | INFO    | campaign | Peer report ok | 243404491_telethon → @onondagarobot | illegal_docs | This channel provides counterfeit documents like passports and ID cards. Please 
2026-07-23 16:01:56 | INFO    | campaign | Msg report ok | 243404491_telethon → @onondagarobot msg=80 | illegal_docs | SCAM! This bot/channel is an obvious deception. [Complaint #127]
2026-07-23 16:01:59 | INFO    | campaign | Msg report ok | 243404491_telethon → @onondagarobot msg=80 | illegal_docs | Мошенничество! Будьте осторожны, данный ресурс содержит предложения о поддельных
2026-07-23 16:02:02 | INFO    | campaign | Msg report ok | 243404491_telethon → @onondagarobot msg=80 | illegal_docs | This is a channel promoting forged legal documents. Please remove it from the pl
2026-07-23 16:02:12 | INFO    | campaign | Peer report ok | 243404491_telethon → @trigger1robot | illegal_docs | I reported a channel selling fake IDs and passports. Please take appropriate act
2026-07-23 16:02:14 | INFO    | campaign | Peer report ok | 243404491_telethon → @trigger1robot | illegal_docs | SCAM! Immediate deletion of the channel/bot offering fake documents is required.
2026-07-23 16:02:16 | INFO    | campaign | Peer report ok | 243404491_telethon → @trigger1robot | illegal_docs | Selling fake documents like IDs and passports through this channel is unlawful. 
2026-07-23 16:02:18 | INFO    | campaign | Msg report ok | 243404491_telethon → @trigger1robot msg=83 | illegal_docs | Critically Important: The site/bot offers fake documents. These are scammers. Bl
2026-07-23 16:02:20 | INFO    | campaign | Msg report ok | 243404491_telethon → @trigger1robot msg=83 | illegal_docs | Warning! Scammers! This bot/channel offers fake documents. Don't fall for it! SC
2026-07-23 16:02:22 | INFO    | campaign | Msg report ok | 243404491_telethon → @trigger1robot msg=83 | illegal_docs | This channel promotes the sale of forged documents. Urgently remove it from the 
2026-07-23 16:02:30 | INFO    | campaign | Peer report ok | 243404491_telethon → @ubbiijjonbot | illegal_docs | This platform deals in fake IDs and official documents. Please delete the channe
2026-07-23 16:02:32 | INFO    | campaign | Peer report ok | 243404491_telethon → @ubbiijjonbot | illegal_docs | A channel is selling fraudulent documents illegally. Immediate removal requested
2026-07-23 16:02:34 | INFO    | campaign | Peer report ok | 243404491_telethon → @ubbiijjonbot | illegal_docs | I request the immediate removal of this channel selling illegal counterfeit docu
2026-07-23 16:02:36 | INFO    | campaign | Msg report ok | 243404491_telethon → @ubbiijjonbot msg=89 | illegal_docs | This channel is involved in selling fake identification documents. Please remove
2026-07-23 16:02:39 | INFO    | campaign | Msg report ok | 243404491_telethon → @ubbiijjonbot msg=89 | illegal_docs | This channel is involved in the illegal sale of forged documents. Please delete 
2026-07-23 16:02:41 | INFO    | campaign | Msg report ok | 243404491_telethon → @ubbiijjonbot msg=89 | illegal_docs | This is a channel promoting forged legal documents. Please remove it from the pl
2026-07-23 16:02:43 | INFO    | campaign | Не удалось написать @komran_star с 243404491_telethon: You can't write in this chat (caused by SendMessageRequest)
2026-07-23 16:02:43 | WARNING | __main__ | Cannot notify admin 7362573437
2026-07-23 16:02:44 | INFO    | campaign | Peer report ok | 243404491_telethon → @komran_star | illegal_docs | A channel is selling fraudulent documents illegally. Immediate removal requested
2026-07-23 16:02:46 | INFO    | campaign | Peer report ok | 243404491_telethon → @komran_star | illegal_docs | Критически важно: Сайт/бот предлагает поддельные документы. Это мошенники. Немед
2026-07-23 16:02:48 | INFO    | campaign | Peer report ok | 243404491_telethon → @komran_star | illegal_docs | I’ve reported this channel for selling counterfeit documents. Please take down t
2026-07-23 16:02:50 | INFO    | campaign | Msg report ok | 243404491_telethon → @komran_star msg=560 | illegal_docs | Остерегайтесь подделок: ресурс предлагает липовые документы, это мошенники. [Com
2026-07-23 16:02:53 | INFO    | campaign | Msg report ok | 243404491_telethon → @komran_star msg=560 | illegal_docs | This channel promotes the sale of fake identification papers. Please take it dow
2026-07-23 16:02:56 | INFO    | campaign | Msg report ok | 243404491_telethon → @komran_star msg=560 | illegal_docs | Selling illegal fake documents via this channel is a serious violation. Please d
2026-07-23 16:02:57 | INFO    | campaign | ⏸ Пауза 5 мин до следующего аккаунта
2026-07-23 16:02:58 | WARNING | __main__ | Cannot notify admin 7362573437
2026-07-23 16:05:24 | INFO    | monitor | Target @resellerashabot deleted (Nobody is using this username or the username is unacceptable (caused by ResolveUsernameRequest)) via periodic
2026-07-23 16:05:24 | INFO    | monitor | Target @ciu638drfyejpulsekbot deleted (Nobody is using this username or the username is unacceptable (caused by ResolveUsernameRequest)) via periodic
2026-07-23 16:05:24 | INFO    | monitor | Target @lhtulwtgbot deleted (Nobody is using this username or the username is unacceptable (caused by ResolveUsernameRequest)) via periodic
2026-07-23 16:05:26 | INFO    | monitor | Target @o3kycz9ibot deleted (Nobody is using this username or the username is unacceptable (caused by ResolveUsernameRequest)) via periodic
2026-07-23 16:08:00 | INFO    | campaign | Аккаунт 245102949_telethon (4/4) → 9 бот(ов)
2026-07-23 16:08:00 | WARNING | __main__ | Cannot notify admin 7362573437
2026-07-23 16:08:08 | INFO    | campaign | Peer report ok | 245102949_telethon → @rqbhdg7gv3s0mdfjb0bot | illegal_docs | A channel offering counterfeit documents, including IDs and passports, needs to 
2026-07-23 16:08:10 | INFO    | campaign | Peer report ok | 245102949_telethon → @rqbhdg7gv3s0mdfjb0bot | illegal_docs | This channel provides counterfeit documents like passports and ID cards. Please 
2026-07-23 16:08:13 | INFO    | campaign | Peer report ok | 245102949_telethon → @rqbhdg7gv3s0mdfjb0bot | illegal_docs | Осторожно, мошеннический канал/бот! Распространяют фальшивые документы. Это SCAM
2026-07-23 16:08:16 | INFO    | campaign | Msg report ok | 245102949_telethon → @rqbhdg7gv3s0mdfjb0bot msg=21 | illegal_docs | I have reported a channel offering counterfeit legal documents. Please remove it
2026-07-23 16:08:18 | INFO    | campaign | Msg report ok | 245102949_telethon → @rqbhdg7gv3s0mdfjb0bot msg=21 | illegal_docs | This is a channel offering illegal fake documents. Please delete it right away. 
2026-07-23 16:08:21 | INFO    | campaign | Msg report ok | 245102949_telethon → @rqbhdg7gv3s0mdfjb0bot msg=21 | illegal_docs | This platform hosts a channel selling fake legal documents. Remove it promptly. 
2026-07-23 16:08:30 | INFO    | campaign | Peer report ok | 245102949_telethon → @ay9bf5wwupuac8dmpwbot | illegal_docs | A channel is advertising the sale of fake documents, including driver’s licenses
2026-07-23 16:08:32 | INFO    | campaign | Peer report ok | 245102949_telethon → @ay9bf5wwupuac8dmpwbot | illegal_docs | Мошенничество с документами: бот/канал продает подделки. SCAM. [Complaint #191]
2026-07-23 16:08:33 | INFO    | campaign | Peer report ok | 245102949_telethon → @ay9bf5wwupuac8dmpwbot | illegal_docs | SCAM WARNING! The content of this channel is fraudulent. They sell fake document
2026-07-23 16:08:35 | INFO    | campaign | Msg report ok | 245102949_telethon → @ay9bf5wwupuac8dmpwbot msg=25 | illegal_docs | Don't believe! They offer "documents" – they are fake. Pure fraud. [Complaint #2
2026-07-23 16:08:38 | INFO    | campaign | Msg report ok | 245102949_telethon → @ay9bf5wwupuac8dmpwbot msg=25 | illegal_docs | This platform offers counterfeit legal identification documents. Please delete i
2026-07-23 16:08:40 | INFO    | campaign | Msg report ok | 245102949_telethon → @ay9bf5wwupuac8dmpwbot msg=25 | illegal_docs | Опасно! Мошенническая деятельность: продажа поддельных документов. [Complaint #9
2026-07-23 16:08:50 | INFO    | campaign | Peer report ok | 245102949_telethon → @haporenbot | illegal_docs | This channel is distributing fake documents, including driver’s licenses. Please
2026-07-23 16:08:52 | INFO    | campaign | Peer report ok | 245102949_telethon → @haporenbot | illegal_docs | SCAM WARNING! The content of this channel is fraudulent. They sell fake document
2026-07-23 16:08:55 | INFO    | campaign | Peer report ok | 245102949_telethon → @haporenbot | illegal_docs | This platform offers counterfeit legal identification documents. Please delete i
2026-07-23 16:08:58 | INFO    | campaign | Msg report ok | 245102949_telethon → @haporenbot msg=27 | illegal_docs | This channel is involved in the illegal sale of forged documents. Please delete 
2026-07-23 16:09:00 | INFO    | campaign | Msg report ok | 245102949_telethon → @haporenbot msg=27 | illegal_docs | Внимание! Этот канал – источник мошенничества, торгует фальшивыми документами. [
2026-07-23 16:09:02 | INFO    | campaign | Msg report ok | 245102949_telethon → @haporenbot msg=27 | illegal_docs | Warning! Scammers! This bot/channel offers fake documents. Don't fall for it! SC
2026-07-23 16:09:13 | INFO    | campaign | Peer report ok | 245102949_telethon → @timbukturobot | illegal_docs | I have reported a channel offering counterfeit legal documents. Please remove it
2026-07-23 16:09:15 | INFO    | campaign | Peer report ok | 245102949_telethon → @timbukturobot | illegal_docs | Critically Important: The site/bot offers fake documents. These are scammers. Bl
2026-07-23 16:09:17 | INFO    | campaign | Peer report ok | 245102949_telethon → @timbukturobot | illegal_docs | This platform offers counterfeit legal identification documents. Please delete i
2026-07-23 16:09:20 | INFO    | campaign | Msg report ok | 245102949_telethon → @timbukturobot msg=30 | illegal_docs | There is a channel advertising counterfeit legal documents. Please take action a
2026-07-23 16:09:23 | INFO    | campaign | Msg report ok | 245102949_telethon → @timbukturobot msg=30 | illegal_docs | Beware of fakes: the resource offers bogus documents, these are scammers. [Compl
2026-07-23 16:09:25 | INFO    | campaign | Msg report ok | 245102949_telethon → @timbukturobot msg=30 | illegal_docs | SCAM! Immediate deletion of the channel/bot offering fake documents is required.
2026-07-23 16:09:33 | INFO    | campaign | Peer report ok | 245102949_telethon → @thirtiethrobot | illegal_docs | There’s a channel dealing in fake legal papers, including passports and driver’s
2026-07-23 16:09:34 | INFO    | campaign | Peer report ok | 245102949_telethon → @thirtiethrobot | illegal_docs | This channel promotes the sale of fake certified documents. Request urgent remov
2026-07-23 16:09:36 | INFO    | campaign | Peer report ok | 245102949_telethon → @thirtiethrobot | illegal_docs | There is a channel selling fake passports and IDs. Request immediate removal. [C
2026-07-23 16:09:39 | INFO    | campaign | Msg report ok | 245102949_telethon → @thirtiethrobot msg=33 | illegal_docs | SCAM! Этот бот/канал – очевидный обман. [Complaint #101]
2026-07-23 16:09:41 | INFO    | campaign | Msg report ok | 245102949_telethon → @thirtiethrobot msg=33 | illegal_docs | SCAM! Этот бот/канал – очевидный обман. [Complaint #22]
2026-07-23 16:09:44 | INFO    | campaign | Msg report ok | 245102949_telethon → @thirtiethrobot msg=33 | illegal_docs | SCAM ALERT! This channel is pure fraud. They offer bogus documents. Ignore it! [
2026-07-23 16:09:52 | INFO    | campaign | Peer report ok | 245102949_telethon → @onondagarobot | illegal_docs | SCAM ALERT! Этот канал – чистой воды мошенничество. Предлагают липовые документы
2026-07-23 16:09:55 | INFO    | campaign | Peer report ok | 245102949_telethon → @onondagarobot | illegal_docs | Остерегайтесь подделок: ресурс предлагает липовые документы, это мошенники. [Com
2026-07-23 16:09:56 | INFO    | campaign | Peer report ok | 245102949_telethon → @onondagarobot | illegal_docs | Сигнал мошенничества: данный ресурс предлагает купить поддельные документы. Прош
2026-07-23 16:09:59 | INFO    | campaign | Msg report ok | 245102949_telethon → @onondagarobot msg=36 | illegal_docs | I request urgent removal of this channel involved in selling counterfeit legal d
2026-07-23 16:10:01 | INFO    | campaign | Msg report ok | 245102949_telethon → @onondagarobot msg=36 | illegal_docs | SCAM ALERT! Этот канал – чистой воды мошенничество. Предлагают липовые документы
2026-07-23 16:10:03 | INFO    | campaign | Msg report ok | 245102949_telethon → @onondagarobot msg=36 | illegal_docs | Fraud! Be careful, this resource contains offers for fake documents. [Complaint 
2026-07-23 16:10:12 | INFO    | campaign | Peer report ok | 245102949_telethon → @trigger1robot | illegal_docs | Selling counterfeit documents like passports through this channel is illegal. Re
2026-07-23 16:10:13 | INFO    | campaign | Peer report ok | 245102949_telethon → @trigger1robot | illegal_docs | Fraud! Be careful, this resource contains offers for fake documents. [Complaint 
2026-07-23 16:10:15 | INFO    | campaign | Peer report ok | 245102949_telethon → @trigger1robot | illegal_docs | SCAM WARNING! The content of this channel is fraudulent. They sell fake document
2026-07-23 16:10:18 | INFO    | campaign | Msg report ok | 245102949_telethon → @trigger1robot msg=39 | illegal_docs | I reported a channel selling fake IDs and passports. Please take appropriate act
2026-07-23 16:10:21 | INFO    | campaign | Msg report ok | 245102949_telethon → @trigger1robot msg=39 | illegal_docs | SCAM! Требуется немедленное удаление канала/бота, предлагающего фальшивые докуме
2026-07-23 16:10:23 | INFO    | campaign | Msg report ok | 245102949_telethon → @trigger1robot msg=39 | illegal_docs | There’s a channel involved in selling fake official documents. Request immediate
2026-07-23 16:10:32 | INFO    | campaign | Peer report ok | 245102949_telethon → @ubbiijjonbot | illegal_docs | This is a channel offering illegal fake documents. Please delete it right away. 
2026-07-23 16:10:34 | INFO    | campaign | Peer report ok | 245102949_telethon → @ubbiijjonbot | illegal_docs | I found a channel distributing fake legal documents. Kindly delete it promptly. 
2026-07-23 16:10:36 | INFO    | campaign | Peer report ok | 245102949_telethon → @ubbiijjonbot | illegal_docs | This is a channel offering illegal fake documents. Please delete it right away. 
2026-07-23 16:10:38 | INFO    | campaign | Msg report ok | 245102949_telethon → @ubbiijjonbot msg=45 | illegal_docs | SCAM! Требуется немедленное удаление канала/бота, предлагающего фальшивые докуме
2026-07-23 16:10:41 | INFO    | campaign | Msg report ok | 245102949_telethon → @ubbiijjonbot msg=45 | illegal_docs | This is a channel promoting forged legal documents. Please remove it from the pl
2026-07-23 16:10:44 | INFO    | campaign | Msg report ok | 245102949_telethon → @ubbiijjonbot msg=45 | illegal_docs | This channel is involved in the illegal sale of forged documents. Please delete 
2026-07-23 16:10:47 | INFO    | campaign | Не удалось написать @komran_star с 245102949_telethon: You can't write in this chat (caused by SendMessageRequest)
2026-07-23 16:10:48 | WARNING | __main__ | Cannot notify admin 7362573437
2026-07-23 16:10:48 | INFO    | campaign | Peer report ok | 245102949_telethon → @komran_star | illegal_docs | Опасно! Мошенническая деятельность: продажа поддельных документов. [Complaint #1
2026-07-23 16:10:50 | INFO    | campaign | Peer report ok | 245102949_telethon → @komran_star | illegal_docs | There is a channel selling fake passports and IDs. Request immediate removal. [C
2026-07-23 16:10:53 | INFO    | campaign | Peer report ok | 245102949_telethon → @komran_star | illegal_docs | Danger! Fraudulent activity: sale of fake documents. [Complaint #48]
2026-07-23 16:10:56 | INFO    | campaign | Msg report ok | 245102949_telethon → @komran_star msg=560 | illegal_docs | Immediate action required for this channel offering counterfeit official documen
2026-07-23 16:10:59 | INFO    | campaign | Msg report ok | 245102949_telethon → @komran_star msg=560 | illegal_docs | This platform hosts a channel selling fake legal documents. Remove it promptly. 
2026-07-23 16:11:02 | INFO    | campaign | Msg report ok | 245102949_telethon → @komran_star msg=560 | illegal_docs | This channel is illegally distributing fake documents. Please take it down immed
2026-07-23 16:11:04 | INFO    | campaign | ⏸ Раунд 1 готов. Ждём 20 мин до раунда 2
2026-07-23 16:11:05 | WARNING | __main__ | Cannot notify admin 7362573437
2026-07-23 16:15:26 | INFO    | monitor | Target @resellerashabot deleted (Nobody is using this username or the username is unacceptable (caused by ResolveUsernameRequest)) via periodic
2026-07-23 16:15:27 | INFO    | monitor | Target @ciu638drfyejpulsekbot deleted (Nobody is using this username or the username is unacceptable (caused by ResolveUsernameRequest)) via periodic
2026-07-23 16:15:27 | INFO    | monitor | Target @lhtulwtgbot deleted (Nobody is using this username or the username is unacceptable (caused by ResolveUsernameRequest)) via periodic
2026-07-23 16:15:29 | INFO    | monitor | Target @o3kycz9ibot deleted (Nobody is using this username or the username is unacceptable (caused by ResolveUsernameRequest)) via periodic
2026-07-23 16:25:14 | WARNING | telethon.network.connection.connection | Server closed the connection: [WinError 64] Указанное сетевое имя более недоступно
2026-07-23 16:25:14 | INFO    | telethon.network.mtprotosender | Connection closed while receiving data: [WinError 64] Указанное сетевое имя более недоступно
2026-07-23 16:25:14 | INFO    | telethon.network.mtprotosender | Closing current connection to begin reconnect...
2026-07-23 16:25:14 | INFO    | telethon.network.connection.connection | <class 'ConnectionResetError'> during disconnect: [WinError 64] Указанное сетевое имя более недоступно
2026-07-23 16:25:14 | INFO    | telethon.network.mtprotosender | Connecting to 91.108.56.130:443/TcpFull...
2026-07-23 16:25:14 | INFO    | telethon.network.mtprotosender | Connection to 91.108.56.130:443/TcpFull complete!
2026-07-23 16:25:29 | INFO    | monitor | Target @resellerashabot deleted (Nobody is using this username or the username is unacceptable (caused by ResolveUsernameRequest)) via periodic
2026-07-23 16:25:30 | INFO    | monitor | Target @ciu638drfyejpulsekbot deleted (Nobody is using this username or the username is unacceptable (caused by ResolveUsernameRequest)) via periodic
2026-07-23 16:25:30 | INFO    | monitor | Target @lhtulwtgbot deleted (Nobody is using this username or the username is unacceptable (caused by ResolveUsernameRequest)) via periodic
2026-07-23 16:25:32 | INFO    | monitor | Target @o3kycz9ibot deleted (Nobody is using this username or the username is unacceptable (caused by ResolveUsernameRequest)) via periodic
2026-07-23 16:32:00 | INFO    | campaign | ▶ Раунд 2/5 | язык=English | жалобы=Подделка документов
2026-07-23 16:32:00 | WARNING | __main__ | Cannot notify admin 7362573437
2026-07-23 16:32:03 | INFO    | campaign | Аккаунт 248070613_telethon (1/4) → 9 бот(ов)
2026-07-23 16:32:03 | WARNING | __main__ | Cannot notify admin 7362573437
2026-07-23 16:32:10 | INFO    | campaign | Peer report ok | 248070613_telethon → @rqbhdg7gv3s0mdfjb0bot | illegal_docs | This channel promotes the sale of fake identification papers. Please take it dow
2026-07-23 16:32:11 | INFO    | campaign | Peer report ok | 248070613_telethon → @rqbhdg7gv3s0mdfjb0bot | illegal_docs | Мошенничество! Будьте осторожны, данный ресурс содержит предложения о поддельных
2026-07-23 16:32:13 | INFO    | campaign | Peer report ok | 248070613_telethon → @rqbhdg7gv3s0mdfjb0bot | illegal_docs | There’s a channel dealing in fake legal papers, including passports and driver’s
2026-07-23 16:32:16 | INFO    | campaign | Msg report ok | 248070613_telethon → @rqbhdg7gv3s0mdfjb0bot msg=289 | illegal_docs | This platform hosts a channel selling fake legal documents. Remove it promptly. 
2026-07-23 16:32:19 | INFO    | campaign | Msg report ok | 248070613_telethon → @rqbhdg7gv3s0mdfjb0bot msg=289 | illegal_docs | This channel offers counterfeit documents, including fake passports and driver's
2026-07-23 16:32:22 | INFO    | campaign | Msg report ok | 248070613_telethon → @rqbhdg7gv3s0mdfjb0bot msg=289 | illegal_docs | This channel is involved in selling fake identification documents. Please remove
2026-07-23 16:32:31 | INFO    | campaign | Peer report ok | 248070613_telethon → @ay9bf5wwupuac8dmpwbot | illegal_docs | This channel is involved in the illegal sale of forged documents. Please remove 
2026-07-23 16:32:33 | INFO    | campaign | Peer report ok | 248070613_telethon → @ay9bf5wwupuac8dmpwbot | illegal_docs | SCAM WARNING! Контент этого канала – мошенничество. Продают поддельные документы
2026-07-23 16:32:35 | INFO    | campaign | Peer report ok | 248070613_telethon → @ay9bf5wwupuac8dmpwbot | illegal_docs | Fraud! Be careful, this resource contains offers for fake documents. [Complaint 
2026-07-23 16:32:39 | INFO    | campaign | Msg report ok | 248070613_telethon → @ay9bf5wwupuac8dmpwbot msg=293 | illegal_docs | Attention, deception! This bot/channel is a fraudulent scheme distributing fake 
2026-07-23 16:32:41 | INFO    | campaign | Msg report ok | 248070613_telethon → @ay9bf5wwupuac8dmpwbot msg=293 | illegal_docs | This channel promotes the sale of fake certified documents. Request urgent remov
2026-07-23 16:32:45 | INFO    | campaign | Msg report ok | 248070613_telethon → @ay9bf5wwupuac8dmpwbot msg=293 | illegal_docs | This channel promotes the sale of forged documents. Urgently remove it from the 
2026-07-23 16:32:53 | INFO    | campaign | Peer report ok | 248070613_telethon → @haporenbot | illegal_docs | SCAM! Immediate deletion of the channel/bot offering fake documents is required.
2026-07-23 16:32:55 | INFO    | campaign | Peer report ok | 248070613_telethon → @haporenbot | illegal_docs | Не верьте! Предлагают "документы" – это фальшивка. Чистое мошенничество. [Compla
2026-07-23 16:32:57 | INFO    | campaign | Peer report ok | 248070613_telethon → @haporenbot | illegal_docs | Внимание, обман! Данный бот/канал является мошеннической схемой, распространяюще
2026-07-23 16:33:00 | INFO    | campaign | Msg report ok | 248070613_telethon → @haporenbot msg=295 | illegal_docs | Attention, deception! This bot/channel is a fraudulent scheme distributing fake 
2026-07-23 16:33:02 | INFO    | campaign | Msg report ok | 248070613_telethon → @haporenbot msg=295 | illegal_docs | Fraud alert: This resource offers to buy fake documents. Please delete. [Complai
2026-07-23 16:33:06 | INFO    | campaign | Msg report ok | 248070613_telethon → @haporenbot msg=295 | illegal_docs | Document Scam: bot/channel sells fakes. SCAM. [Complaint #131]
2026-07-23 16:33:15 | INFO    | campaign | Peer report ok | 248070613_telethon → @timbukturobot | illegal_docs | SCAM! Продвигают фальшивые документы. Удалите эту мошенническую схему. [Complain
2026-07-23 16:33:16 | INFO    | campaign | Peer report ok | 248070613_telethon → @timbukturobot | illegal_docs | Beware, scammers! The resource is involved in creating and selling fake document
2026-07-23 16:33:18 | INFO    | campaign | Peer report ok | 248070613_telethon → @timbukturobot | illegal_docs | This channel promotes the sale of forged documents. Urgently remove it from the 
2026-07-23 16:33:20 | INFO    | campaign | Msg report ok | 248070613_telethon → @timbukturobot msg=298 | illegal_docs | Immediate action required for this channel offering counterfeit official documen
2026-07-23 16:33:23 | INFO    | campaign | Msg report ok | 248070613_telethon → @timbukturobot msg=298 | illegal_docs | Selling fake documents like passports through this channel is illegal. Requestin
2026-07-23 16:33:26 | INFO    | campaign | Msg report ok | 248070613_telethon → @timbukturobot msg=298 | illegal_docs | Осторожно, мошенники! Ресурс занимается изготовлением и продажей фальшивых докум
2026-07-23 16:33:36 | INFO    | campaign | Peer report ok | 248070613_telethon → @thirtiethrobot | illegal_docs | Осторожно, мошенники! Ресурс занимается изготовлением и продажей фальшивых докум
2026-07-23 16:33:38 | INFO    | campaign | Peer report ok | 248070613_telethon → @thirtiethrobot | illegal_docs | There’s a channel dealing in fake legal papers, including passports and driver’s
2026-07-23 16:33:40 | INFO    | campaign | Peer report ok | 248070613_telethon → @thirtiethrobot | illegal_docs | This channel is involved in the illegal sale of forged documents. Please delete 
2026-07-23 16:33:44 | INFO    | campaign | Msg report ok | 248070613_telethon → @thirtiethrobot msg=301 | illegal_docs | There’s a channel involved in illegal sale of counterfeit documents. Request urg
2026-07-23 16:33:46 | INFO    | campaign | Msg report ok | 248070613_telethon → @thirtiethrobot msg=301 | illegal_docs | I found a channel distributing fake legal documents. Kindly delete it promptly. 
2026-07-23 16:33:49 | INFO    | campaign | Msg report ok | 248070613_telethon → @thirtiethrobot msg=301 | illegal_docs | This is a channel promoting forged legal documents. Please remove it from the pl
2026-07-23 16:33:58 | INFO    | campaign | Peer report ok | 248070613_telethon → @onondagarobot | illegal_docs | SCAM! Promoting fake documents. Delete this fraudulent scheme. [Complaint #3]
2026-07-23 16:34:00 | INFO    | campaign | Peer report ok | 248070613_telethon → @onondagarobot | illegal_docs | SCAM ALERT: Этот бот предлагает фальшивые документы. Это мошенники. [Complaint #
2026-07-23 16:34:02 | INFO    | campaign | Peer report ok | 248070613_telethon → @onondagarobot | illegal_docs | There is a channel advertising counterfeit legal documents. Please take action a
2026-07-23 16:34:04 | INFO    | campaign | Msg report ok | 248070613_telethon → @onondagarobot msg=304 | illegal_docs | I have found a channel selling fake documents like IDs and passports. Kindly tak
2026-07-23 16:34:07 | INFO    | campaign | Msg report ok | 248070613_telethon → @onondagarobot msg=304 | illegal_docs | This is a channel offering illegal fake documents. Please delete it right away. 
2026-07-23 16:34:09 | INFO    | campaign | Msg report ok | 248070613_telethon → @onondagarobot msg=304 | illegal_docs | I’ve reported this channel for selling counterfeit documents. Please take down t
2026-07-23 16:34:16 | INFO    | campaign | Peer report ok | 248070613_telethon → @trigger1robot | illegal_docs | Beware, scammers! The resource is involved in creating and selling fake document
2026-07-23 16:34:19 | INFO    | campaign | Peer report ok | 248070613_telethon → @trigger1robot | illegal_docs | Selling counterfeit documents like passports through this channel is illegal. Re
2026-07-23 16:34:20 | INFO    | campaign | Peer report ok | 248070613_telethon → @trigger1robot | illegal_docs | SCAM ALERT! This channel is pure fraud. They offer bogus documents. Ignore it! [
2026-07-23 16:34:24 | INFO    | campaign | Msg report ok | 248070613_telethon → @trigger1robot msg=307 | illegal_docs | SCAM ALERT: This bot offers fake documents. These are scammers. [Complaint #173]
2026-07-23 16:34:27 | INFO    | campaign | Msg report ok | 248070613_telethon → @trigger1robot msg=307 | illegal_docs | I’ve reported this channel for selling counterfeit documents. Please take down t
2026-07-23 16:34:30 | INFO    | campaign | Msg report ok | 248070613_telethon → @trigger1robot msg=307 | illegal_docs | This is a platform selling illegal forged documents. Please delete the channel p
2026-07-23 16:34:40 | INFO    | campaign | Peer report ok | 248070613_telethon → @ubbiijjonbot | illegal_docs | SCAM! Продвигают фальшивые документы. Удалите эту мошенническую схему. [Complain
2026-07-23 16:34:42 | INFO    | campaign | Peer report ok | 248070613_telethon → @ubbiijjonbot | illegal_docs | This channel deals with counterfeit certificates and IDs. Please delete it at on
2026-07-23 16:34:44 | INFO    | campaign | Peer report ok | 248070613_telethon → @ubbiijjonbot | illegal_docs | Мошенничество с документами: бот/канал продает подделки. SCAM. [Complaint #163]
2026-07-23 16:34:47 | INFO    | campaign | Msg report ok | 248070613_telethon → @ubbiijjonbot msg=313 | illegal_docs | SCAM! Immediate deletion of the channel/bot offering fake documents is required.
2026-07-23 16:34:49 | INFO    | campaign | Msg report ok | 248070613_telethon → @ubbiijjonbot msg=313 | illegal_docs | I report this channel for distributing fake documents. Immediate action required
2026-07-23 16:34:53 | INFO    | campaign | Msg report ok | 248070613_telethon → @ubbiijjonbot msg=313 | illegal_docs | SCAM WARNING! Контент этого канала – мошенничество. Продают поддельные документы
2026-07-23 16:34:55 | INFO    | campaign | Не удалось написать @komran_star с 248070613_telethon: You can't write in this chat (caused by SendMessageRequest)
2026-07-23 16:34:56 | WARNING | __main__ | Cannot notify admin 7362573437
2026-07-23 16:34:57 | INFO    | campaign | Peer report ok | 248070613_telethon → @komran_star | illegal_docs | Selling counterfeit documents like passports through this channel is illegal. Re
2026-07-23 16:34:59 | INFO    | campaign | Peer report ok | 248070613_telethon → @komran_star | illegal_docs | I found a channel distributing fake legal documents. Kindly delete it promptly. 
2026-07-23 16:35:01 | INFO    | campaign | Peer report ok | 248070613_telethon → @komran_star | illegal_docs | Warning! Scammers! This bot/channel offers fake documents. Don't fall for it! SC
2026-07-23 16:35:04 | INFO    | campaign | Msg report ok | 248070613_telethon → @komran_star msg=560 | illegal_docs | Опасно! Мошенническая деятельность: продажа поддельных документов. [Complaint #2
2026-07-23 16:35:06 | INFO    | campaign | Msg report ok | 248070613_telethon → @komran_star msg=560 | illegal_docs | Attention, deception! This bot/channel is a fraudulent scheme distributing fake 
2026-07-23 16:35:10 | INFO    | campaign | Msg report ok | 248070613_telethon → @komran_star msg=560 | illegal_docs | A channel distributing fake legal papers needs to be permanently removed now. [C
2026-07-23 16:35:11 | INFO    | campaign | ⏸ Пауза 5 мин до следующего аккаунта
2026-07-23 16:35:11 | WARNING | __main__ | Cannot notify admin 7362573437
2026-07-23 16:35:32 | INFO    | monitor | Target @resellerashabot deleted (Nobody is using this username or the username is unacceptable (caused by ResolveUsernameRequest)) via periodic
2026-07-23 16:35:32 | INFO    | monitor | Target @ciu638drfyejpulsekbot deleted (Nobody is using this username or the username is unacceptable (caused by ResolveUsernameRequest)) via periodic
2026-07-23 16:35:33 | INFO    | monitor | Target @lhtulwtgbot deleted (Nobody is using this username or the username is unacceptable (caused by ResolveUsernameRequest)) via periodic
2026-07-23 16:35:34 | INFO    | monitor | Target @o3kycz9ibot deleted (Nobody is using this username or the username is unacceptable (caused by ResolveUsernameRequest)) via periodic
2026-07-23 16:40:14 | INFO    | campaign | Аккаунт 248070621_telethon (2/4) → 9 бот(ов)
2026-07-23 16:40:14 | WARNING | __main__ | Cannot notify admin 7362573437
2026-07-23 16:40:23 | INFO    | campaign | Peer report ok | 248070621_telethon → @rqbhdg7gv3s0mdfjb0bot | illegal_docs | Не верьте! Предлагают "документы" – это фальшивка. Чистое мошенничество. [Compla
2026-07-23 16:40:25 | INFO    | campaign | Peer report ok | 248070621_telethon → @rqbhdg7gv3s0mdfjb0bot | illegal_docs | This channel offers counterfeit documents, including fake passports and driver's
2026-07-23 16:40:27 | INFO    | campaign | Peer report ok | 248070621_telethon → @rqbhdg7gv3s0mdfjb0bot | illegal_docs | This channel deals with counterfeit certificates and IDs. Please delete it at on
2026-07-23 16:40:29 | INFO    | campaign | Msg report ok | 248070621_telethon → @rqbhdg7gv3s0mdfjb0bot msg=517 | illegal_docs | Immediate action required for this channel offering counterfeit official documen
2026-07-23 16:40:32 | INFO    | campaign | Msg report ok | 248070621_telethon → @rqbhdg7gv3s0mdfjb0bot msg=517 | illegal_docs | This platform promotes the sale of fake legal identification documents. Please t
2026-07-23 16:40:34 | INFO    | campaign | Msg report ok | 248070621_telethon → @rqbhdg7gv3s0mdfjb0bot msg=517 | illegal_docs | A channel is selling fraudulent documents illegally. Immediate removal requested
2026-07-23 16:40:44 | INFO    | campaign | Peer report ok | 248070621_telethon → @ay9bf5wwupuac8dmpwbot | illegal_docs | SCAM WARNING! The content of this channel is fraudulent. They sell fake document
2026-07-23 16:40:46 | INFO    | campaign | Peer report ok | 248070621_telethon → @ay9bf5wwupuac8dmpwbot | illegal_docs | SCAM WARNING! The content of this channel is fraudulent. They sell fake document
2026-07-23 16:40:49 | INFO    | campaign | Peer report ok | 248070621_telethon → @ay9bf5wwupuac8dmpwbot | illegal_docs | SCAM! Продвигают фальшивые документы. Удалите эту мошенническую схему. [Complain
2026-07-23 16:40:53 | INFO    | campaign | Msg report ok | 248070621_telethon → @ay9bf5wwupuac8dmpwbot msg=521 | illegal_docs | This channel is involved in the illegal sale of forged documents. Please remove 
2026-07-23 16:40:55 | INFO    | campaign | Msg report ok | 248070621_telethon → @ay9bf5wwupuac8dmpwbot msg=521 | illegal_docs | A channel offering counterfeit documents, including IDs and passports, needs to 
2026-07-23 16:40:58 | INFO    | campaign | Msg report ok | 248070621_telethon → @ay9bf5wwupuac8dmpwbot msg=521 | illegal_docs | Опасно! Мошенническая деятельность: продажа поддельных документов. [Complaint #3
2026-07-23 16:41:06 | INFO    | campaign | Peer report ok | 248070621_telethon → @haporenbot | illegal_docs | This platform is promoting the sale of counterfeit documents. Kindly remove it i
2026-07-23 16:41:08 | INFO    | campaign | Peer report ok | 248070621_telethon → @haporenbot | illegal_docs | Серьезное мошенничество! Данный бот/канал занимается распространением поддельных
2026-07-23 16:41:09 | INFO    | campaign | Peer report ok | 248070621_telethon → @haporenbot | illegal_docs | This channel offers counterfeit documents, including fake passports and driver's
2026-07-23 16:41:12 | INFO    | campaign | Msg report ok | 248070621_telethon → @haporenbot msg=523 | illegal_docs | Fraud alert: This resource offers to buy fake documents. Please delete. [Complai
2026-07-23 16:41:15 | INFO    | campaign | Msg report ok | 248070621_telethon → @haporenbot msg=523 | illegal_docs | Immediate action required for this channel offering counterfeit official documen
2026-07-23 16:41:17 | INFO    | campaign | Msg report ok | 248070621_telethon → @haporenbot msg=523 | illegal_docs | Внимание! Этот канал – источник мошенничества, торгует фальшивыми документами. [
2026-07-23 16:41:25 | INFO    | campaign | Peer report ok | 248070621_telethon → @timbukturobot | illegal_docs | This channel promotes the sale of fake identification papers. Please take it dow
2026-07-23 16:41:27 | INFO    | campaign | Peer report ok | 248070621_telethon → @timbukturobot | illegal_docs | I’ve reported this channel for selling counterfeit documents. Please take down t
2026-07-23 16:41:29 | INFO    | campaign | Peer report ok | 248070621_telethon → @timbukturobot | illegal_docs | There’s a channel dealing in fake legal papers, including passports and driver’s
2026-07-23 16:41:32 | INFO    | campaign | Msg report ok | 248070621_telethon → @timbukturobot msg=526 | illegal_docs | This platform offers counterfeit legal identification documents. Please delete i
2026-07-23 16:41:36 | INFO    | campaign | Msg report ok | 248070621_telethon → @timbukturobot msg=526 | illegal_docs | Immediate action required for this channel offering counterfeit official documen
2026-07-23 16:41:38 | INFO    | campaign | Msg report ok | 248070621_telethon → @timbukturobot msg=526 | illegal_docs | A channel offering fake legal papers such as IDs and passports must be deleted i
2026-07-23 16:41:46 | INFO    | campaign | Peer report ok | 248070621_telethon → @thirtiethrobot | illegal_docs | There’s a channel involved in illegal sale of counterfeit documents. Request urg
2026-07-23 16:41:49 | INFO    | campaign | Peer report ok | 248070621_telethon → @thirtiethrobot | illegal_docs | I have found a channel selling fake documents like IDs and passports. Kindly tak
2026-07-23 16:41:52 | INFO    | campaign | Peer report ok | 248070621_telethon → @thirtiethrobot | illegal_docs | Дополнительные варианты с акцентом на разные детали (русский): [Complaint #156]
2026-07-23 16:41:55 | INFO    | campaign | Msg report ok | 248070621_telethon → @thirtiethrobot msg=529 | illegal_docs | Критически важно: Сайт/бот предлагает поддельные документы. Это мошенники. Немед
2026-07-23 16:41:58 | INFO    | campaign | Msg report ok | 248070621_telethon → @thirtiethrobot msg=529 | illegal_docs | SCAM ALERT! This channel is pure fraud. They offer bogus documents. Ignore it! [
2026-07-23 16:42:00 | INFO    | campaign | Msg report ok | 248070621_telethon → @thirtiethrobot msg=529 | illegal_docs | SCAM! Immediate deletion of the channel/bot offering fake documents is required.
2026-07-23 16:42:09 | INFO    | campaign | Peer report ok | 248070621_telethon → @onondagarobot | illegal_docs | This channel is involved in the illegal sale of forged documents. Please remove 
2026-07-23 16:42:11 | INFO    | campaign | Peer report ok | 248070621_telethon → @onondagarobot | illegal_docs | A channel distributing fake legal papers needs to be permanently removed now. [C
2026-07-23 16:42:14 | INFO    | campaign | Peer report ok | 248070621_telethon → @onondagarobot | illegal_docs | I urge the platform to delete this channel that sells illegal counterfeit docume
2026-07-23 16:42:16 | INFO    | campaign | Msg report ok | 248070621_telethon → @onondagarobot msg=532 | illegal_docs | Attention! This channel is a source of fraud, trading in fake documents. [Compla
2026-07-23 16:42:19 | INFO    | campaign | Msg report ok | 248070621_telethon → @onondagarobot msg=532 | illegal_docs | This channel deals with counterfeit certificates and IDs. Please delete it at on
2026-07-23 16:42:22 | INFO    | campaign | Msg report ok | 248070621_telethon → @onondagarobot msg=532 | illegal_docs | This is a channel offering illegal fake documents. Please delete it right away. 
2026-07-23 16:42:31 | INFO    | campaign | Peer report ok | 248070621_telethon → @trigger1robot | illegal_docs | There’s a channel involved in illegal sale of counterfeit documents. Request urg
2026-07-23 16:42:32 | INFO    | campaign | Peer report ok | 248070621_telethon → @trigger1robot | illegal_docs | Selling counterfeit documents like passports through this channel is illegal. Re
2026-07-23 16:42:34 | INFO    | campaign | Peer report ok | 248070621_telethon → @trigger1robot | illegal_docs | This channel promotes the sale of fake certified documents. Request urgent remov
2026-07-23 16:42:38 | INFO    | campaign | Msg report ok | 248070621_telethon → @trigger1robot msg=535 | illegal_docs | SCAM ALERT! Этот канал – чистой воды мошенничество. Предлагают липовые документы
2026-07-23 16:42:41 | INFO    | campaign | Msg report ok | 248070621_telethon → @trigger1robot msg=535 | illegal_docs | Additional variants with emphasis on different details (English): [Complaint #16
2026-07-23 16:42:44 | INFO    | campaign | Msg report ok | 248070621_telethon → @trigger1robot msg=535 | illegal_docs | This platform deals in fake IDs and official documents. Please delete the channe
2026-07-23 16:42:52 | INFO    | campaign | Peer report ok | 248070621_telethon → @ubbiijjonbot | illegal_docs | Beware, fraudulent channel/bot! They distribute fake documents. It's SCAM. [Comp
2026-07-23 16:42:54 | INFO    | campaign | Peer report ok | 248070621_telethon → @ubbiijjonbot | illegal_docs | SCAM! Promoting fake documents. Delete this fraudulent scheme. [Complaint #60]
2026-07-23 16:42:55 | INFO    | campaign | Peer report ok | 248070621_telethon → @ubbiijjonbot | illegal_docs | This platform offers counterfeit legal identification documents. Please delete i
2026-07-23 16:42:58 | INFO    | campaign | Msg report ok | 248070621_telethon → @ubbiijjonbot msg=541 | illegal_docs | Don't believe! They offer "documents" – they are fake. Pure fraud. [Complaint #1
2026-07-23 16:43:01 | INFO    | campaign | Msg report ok | 248070621_telethon → @ubbiijjonbot msg=541 | illegal_docs | I request the immediate removal of this channel selling illegal counterfeit docu
2026-07-23 16:43:05 | INFO    | campaign | Msg report ok | 248070621_telethon → @ubbiijjonbot msg=541 | illegal_docs | I have found a channel selling fake documents like IDs and passports. Kindly tak
2026-07-23 16:43:06 | INFO    | campaign | Не удалось написать @komran_star с 248070621_telethon: You can't write in this chat (caused by SendMessageRequest)
2026-07-23 16:43:07 | WARNING | __main__ | Cannot notify admin 7362573437
2026-07-23 16:43:08 | INFO    | campaign | Peer report ok | 248070621_telethon → @komran_star | illegal_docs | There’s a channel involved in selling fake official documents. Request immediate
2026-07-23 16:43:09 | INFO    | campaign | Peer report ok | 248070621_telethon → @komran_star | illegal_docs | This channel is involved in the illegal sale of forged documents. Please remove 
2026-07-23 16:43:12 | INFO    | campaign | Peer report ok | 248070621_telethon → @komran_star | illegal_docs | Дополнительные варианты с акцентом на разные детали (русский): [Complaint #14]
2026-07-23 16:43:14 | INFO    | campaign | Msg report ok | 248070621_telethon → @komran_star msg=560 | illegal_docs | This channel promotes the sale of fake certified documents. Request urgent remov
2026-07-23 16:43:17 | INFO    | campaign | Msg report ok | 248070621_telethon → @komran_star msg=560 | illegal_docs | There’s a channel involved in illegal sale of counterfeit documents. Request urg
2026-07-23 16:43:20 | INFO    | campaign | Msg report ok | 248070621_telethon → @komran_star msg=560 | illegal_docs | I have reported a channel offering counterfeit legal documents. Please remove it
2026-07-23 16:43:22 | INFO    | campaign | ⏸ Пауза 5 мин до следующего аккаунта
2026-07-23 16:43:23 | WARNING | __main__ | Cannot notify admin 7362573437
2026-07-23 16:45:35 | INFO    | monitor | Target @resellerashabot deleted (Nobody is using this username or the username is unacceptable (caused by ResolveUsernameRequest)) via periodic
2026-07-23 16:45:35 | INFO    | monitor | Target @ciu638drfyejpulsekbot deleted (Nobody is using this username or the username is unacceptable (caused by ResolveUsernameRequest)) via periodic
2026-07-23 16:45:35 | INFO    | monitor | Target @lhtulwtgbot deleted (Nobody is using this username or the username is unacceptable (caused by ResolveUsernameRequest)) via periodic
2026-07-23 16:45:37 | INFO    | monitor | Target @o3kycz9ibot deleted (Nobody is using this username or the username is unacceptable (caused by ResolveUsernameRequest)) via periodic
2026-07-23 16:48:25 | INFO    | campaign | Аккаунт 243404491_telethon (3/4) → 9 бот(ов)
2026-07-23 16:48:25 | WARNING | __main__ | Cannot notify admin 7362573437
2026-07-23 16:48:33 | INFO    | campaign | Peer report ok | 243404491_telethon → @rqbhdg7gv3s0mdfjb0bot | illegal_docs | This channel provides counterfeit documents like passports and ID cards. Please 
2026-07-23 16:48:35 | INFO    | campaign | Peer report ok | 243404491_telethon → @rqbhdg7gv3s0mdfjb0bot | illegal_docs | A channel is advertising the sale of fake documents, including driver’s licenses
2026-07-23 16:48:37 | INFO    | campaign | Peer report ok | 243404491_telethon → @rqbhdg7gv3s0mdfjb0bot | illegal_docs | I have reported a channel offering counterfeit legal documents. Please remove it
2026-07-23 16:48:40 | INFO    | campaign | Msg report ok | 243404491_telethon → @rqbhdg7gv3s0mdfjb0bot msg=95 | illegal_docs | I report this channel for distributing fake documents. Immediate action required
2026-07-23 16:48:43 | INFO    | campaign | Msg report ok | 243404491_telethon → @rqbhdg7gv3s0mdfjb0bot msg=95 | illegal_docs | This channel deals with counterfeit certificates and IDs. Please delete it at on
2026-07-23 16:48:45 | INFO    | campaign | Msg report ok | 243404491_telethon → @rqbhdg7gv3s0mdfjb0bot msg=95 | illegal_docs | This platform is promoting the sale of counterfeit documents. Kindly remove it i
2026-07-23 16:48:54 | INFO    | campaign | Peer report ok | 243404491_telethon → @ay9bf5wwupuac8dmpwbot | illegal_docs | Attention, deception! This bot/channel is a fraudulent scheme distributing fake 
2026-07-23 16:48:56 | INFO    | campaign | Peer report ok | 243404491_telethon → @ay9bf5wwupuac8dmpwbot | illegal_docs | SCAM ALERT! This channel is pure fraud. They offer bogus documents. Ignore it! [
2026-07-23 16:48:58 | INFO    | campaign | Peer report ok | 243404491_telethon → @ay9bf5wwupuac8dmpwbot | illegal_docs | SCAM! Immediate deletion of the channel/bot offering fake documents is required.
2026-07-23 16:49:01 | INFO    | campaign | Msg report ok | 243404491_telethon → @ay9bf5wwupuac8dmpwbot msg=99 | illegal_docs | Мошенничество с документами: бот/канал продает подделки. SCAM. [Complaint #137]
2026-07-23 16:49:03 | INFO    | campaign | Msg report ok | 243404491_telethon → @ay9bf5wwupuac8dmpwbot msg=99 | illegal_docs | Beware, fraudulent channel/bot! They distribute fake documents. It's SCAM. [Comp
2026-07-23 16:49:05 | INFO    | campaign | Msg report ok | 243404491_telethon → @ay9bf5wwupuac8dmpwbot msg=99 | illegal_docs | SCAM! Этот бот/канал – очевидный обман. [Complaint #160]
2026-07-23 16:49:12 | INFO    | campaign | Peer report ok | 243404491_telethon → @haporenbot | illegal_docs | I report this channel for distributing fake documents. Immediate action required
2026-07-23 16:49:14 | INFO    | campaign | Peer report ok | 243404491_telethon → @haporenbot | illegal_docs | Осторожно, мошеннический канал/бот! Распространяют фальшивые документы. Это SCAM
2026-07-23 16:49:15 | INFO    | campaign | Peer report ok | 243404491_telethon → @haporenbot | illegal_docs | Beware, a scam! Be vigilant, this resource is involved in fraud, selling fake do
2026-07-23 16:49:18 | INFO    | campaign | Msg report ok | 243404491_telethon → @haporenbot msg=101 | illegal_docs | This channel promotes the sale of forged documents. Urgently remove it from the 
2026-07-23 16:49:21 | INFO    | campaign | Msg report ok | 243404491_telethon → @haporenbot msg=101 | illegal_docs | I request urgent removal of this channel involved in selling counterfeit legal d
2026-07-23 16:49:23 | INFO    | campaign | Msg report ok | 243404491_telethon → @haporenbot msg=101 | illegal_docs | There is a channel offering counterfeit legal documents such as IDs and passport
2026-07-23 16:49:32 | INFO    | campaign | Peer report ok | 243404491_telethon → @timbukturobot | illegal_docs | Please remove this channel that promotes the sale of counterfeit IDs and passpor
2026-07-23 16:49:34 | INFO    | campaign | Peer report ok | 243404491_telethon → @timbukturobot | illegal_docs | This platform offers counterfeit legal identification documents. Please delete i
2026-07-23 16:49:36 | INFO    | campaign | Peer report ok | 243404491_telethon → @timbukturobot | illegal_docs | Beware of fakes: the resource offers bogus documents, these are scammers. [Compl
2026-07-23 16:49:39 | INFO    | campaign | Msg report ok | 243404491_telethon → @timbukturobot msg=104 | illegal_docs | Внимание! Этот канал – источник мошенничества, торгует фальшивыми документами. [
2026-07-23 16:49:42 | INFO    | campaign | Msg report ok | 243404491_telethon → @timbukturobot msg=104 | illegal_docs | SCAM ALERT! This channel is pure fraud. They offer bogus documents. Ignore it! [
2026-07-23 16:49:45 | INFO    | campaign | Msg report ok | 243404491_telethon → @timbukturobot msg=104 | illegal_docs | There’s a channel involved in illegal sale of counterfeit documents. Request urg
2026-07-23 16:49:53 | INFO    | campaign | Peer report ok | 243404491_telethon → @thirtiethrobot | illegal_docs | Осторожно, мошеннический канал/бот! Распространяют фальшивые документы. Это SCAM
2026-07-23 16:49:54 | INFO    | campaign | Peer report ok | 243404491_telethon → @thirtiethrobot | illegal_docs | A channel is advertising the sale of fake documents, including driver’s licenses
2026-07-23 16:49:56 | INFO    | campaign | Peer report ok | 243404491_telethon → @thirtiethrobot | illegal_docs | Please remove this channel that promotes the sale of counterfeit IDs and passpor
2026-07-23 16:49:59 | INFO    | campaign | Msg report ok | 243404491_telethon → @thirtiethrobot msg=107 | illegal_docs | SCAM WARNING! The content of this channel is fraudulent. They sell fake document
2026-07-23 16:50:02 | INFO    | campaign | Msg report ok | 243404491_telethon → @thirtiethrobot msg=107 | illegal_docs | Attention, deception! This bot/channel is a fraudulent scheme distributing fake 
2026-07-23 16:50:05 | INFO    | campaign | Msg report ok | 243404491_telethon → @thirtiethrobot msg=107 | illegal_docs | Критически важно: Сайт/бот предлагает поддельные документы. Это мошенники. Немед
2026-07-23 16:50:12 | INFO    | campaign | Peer report ok | 243404491_telethon → @onondagarobot | illegal_docs | This channel offers counterfeit documents, including fake passports and driver's
2026-07-23 16:50:14 | INFO    | campaign | Peer report ok | 243404491_telethon → @onondagarobot | illegal_docs | A channel is selling fraudulent documents illegally. Immediate removal requested
2026-07-23 16:50:16 | INFO    | campaign | Peer report ok | 243404491_telethon → @onondagarobot | illegal_docs | There’s a channel dealing in fake legal papers, including passports and driver’s
2026-07-23 16:50:18 | INFO    | campaign | Msg report ok | 243404491_telethon → @onondagarobot msg=110 | illegal_docs | Мошенничество! Будьте осторожны, данный ресурс содержит предложения о поддельных
2026-07-23 16:50:20 | INFO    | campaign | Msg report ok | 243404491_telethon → @onondagarobot msg=110 | illegal_docs | Опасно! Мошенническая деятельность: продажа поддельных документов. [Complaint #1
2026-07-23 16:50:23 | INFO    | campaign | Msg report ok | 243404491_telethon → @onondagarobot msg=110 | illegal_docs | A channel offering fake legal papers such as IDs and passports must be deleted i
2026-07-23 16:50:32 | INFO    | campaign | Peer report ok | 243404491_telethon → @trigger1robot | illegal_docs | A channel offering fake legal papers such as IDs and passports must be deleted i
2026-07-23 16:50:34 | INFO    | campaign | Peer report ok | 243404491_telethon → @trigger1robot | illegal_docs | There is a channel selling fake passports and IDs. Request immediate removal. [C
2026-07-23 16:50:36 | INFO    | campaign | Peer report ok | 243404491_telethon → @trigger1robot | illegal_docs | This is a platform selling illegal forged documents. Please delete the channel p
2026-07-23 16:50:39 | INFO    | campaign | Msg report ok | 243404491_telethon → @trigger1robot msg=113 | illegal_docs | This is a channel offering illegal fake documents. Please delete it right away. 
2026-07-23 16:50:41 | INFO    | campaign | Msg report ok | 243404491_telethon → @trigger1robot msg=113 | illegal_docs | Beware, fraudulent channel/bot! They distribute fake documents. It's SCAM. [Comp
2026-07-23 16:50:44 | INFO    | campaign | Msg report ok | 243404491_telethon → @trigger1robot msg=113 | illegal_docs | Осторожно, мошенники! Ресурс занимается изготовлением и продажей фальшивых докум
2026-07-23 16:50:51 | INFO    | campaign | Peer report ok | 243404491_telethon → @ubbiijjonbot | illegal_docs | Selling counterfeit documents like passports through this channel is illegal. Re
2026-07-23 16:50:53 | INFO    | campaign | Peer report ok | 243404491_telethon → @ubbiijjonbot | illegal_docs | Осторожно, мошенники! Ресурс занимается изготовлением и продажей фальшивых докум
2026-07-23 16:50:54 | INFO    | campaign | Peer report ok | 243404491_telethon → @ubbiijjonbot | illegal_docs | Сигнал мошенничества: данный ресурс предлагает купить поддельные документы. Прош
2026-07-23 16:50:57 | INFO    | campaign | Msg report ok | 243404491_telethon → @ubbiijjonbot msg=119 | illegal_docs | This platform hosts a channel selling fake legal documents. Remove it promptly. 
2026-07-23 16:51:00 | INFO    | campaign | Msg report ok | 243404491_telethon → @ubbiijjonbot msg=119 | illegal_docs | SCAM! Immediate deletion of the channel/bot offering fake documents is required.
2026-07-23 16:51:02 | INFO    | campaign | Msg report ok | 243404491_telethon → @ubbiijjonbot msg=119 | illegal_docs | A channel is advertising the sale of fake documents, including driver’s licenses
2026-07-23 16:51:05 | INFO    | campaign | Не удалось написать @komran_star с 243404491_telethon: You can't write in this chat (caused by SendMessageRequest)
2026-07-23 16:51:05 | WARNING | __main__ | Cannot notify admin 7362573437
2026-07-23 16:51:06 | INFO    | campaign | Peer report ok | 243404491_telethon → @komran_star | illegal_docs | This channel promotes the sale of forged documents. Urgently remove it from the 
2026-07-23 16:51:08 | INFO    | campaign | Peer report ok | 243404491_telethon → @komran_star | illegal_docs | This is a channel offering illegal fake documents. Please delete it right away. 
2026-07-23 16:51:09 | INFO    | campaign | Peer report ok | 243404491_telethon → @komran_star | illegal_docs | Additional variants with emphasis on different details (English): [Complaint #88
2026-07-23 16:51:11 | INFO    | campaign | Msg report ok | 243404491_telethon → @komran_star msg=560 | illegal_docs | Дополнительные варианты с акцентом на разные детали (русский): [Complaint #120]
2026-07-23 16:51:13 | INFO    | campaign | Msg report ok | 243404491_telethon → @komran_star msg=560 | illegal_docs | This channel promotes the sale of fake identification papers. Please take it dow
2026-07-23 16:51:16 | INFO    | campaign | Msg report ok | 243404491_telethon → @komran_star msg=560 | illegal_docs | This channel is involved in illegal sale of counterfeit legal documents. Please 
2026-07-23 16:51:18 | INFO    | campaign | ⏸ Пауза 5 мин до следующего аккаунта
2026-07-23 16:51:19 | WARNING | __main__ | Cannot notify admin 7362573437
2026-07-23 16:55:37 | INFO    | monitor | Target @resellerashabot deleted (Nobody is using this username or the username is unacceptable (caused by ResolveUsernameRequest)) via periodic
2026-07-23 16:55:38 | INFO    | monitor | Target @ciu638drfyejpulsekbot deleted (Nobody is using this username or the username is unacceptable (caused by ResolveUsernameRequest)) via periodic
2026-07-23 16:55:38 | INFO    | monitor | Target @lhtulwtgbot deleted (Nobody is using this username or the username is unacceptable (caused by ResolveUsernameRequest)) via periodic
2026-07-23 16:55:40 | INFO    | monitor | Target @o3kycz9ibot deleted (Nobody is using this username or the username is unacceptable (caused by ResolveUsernameRequest)) via periodic
2026-07-23 16:56:21 | INFO    | campaign | Аккаунт 245102949_telethon (4/4) → 9 бот(ов)
2026-07-23 16:56:21 | WARNING | __main__ | Cannot notify admin 7362573437
2026-07-23 16:56:28 | INFO    | campaign | Peer report ok | 245102949_telethon → @rqbhdg7gv3s0mdfjb0bot | illegal_docs | Selling fake documents like passports through this channel is illegal. Requestin
2026-07-23 16:56:30 | INFO    | campaign | Peer report ok | 245102949_telethon → @rqbhdg7gv3s0mdfjb0bot | illegal_docs | This channel is advertising illegal fake documents. Kindly delete it as soon as 
2026-07-23 16:56:33 | INFO    | campaign | Peer report ok | 245102949_telethon → @rqbhdg7gv3s0mdfjb0bot | illegal_docs | Beware of fakes: the resource offers bogus documents, these are scammers. [Compl
2026-07-23 16:56:35 | INFO    | campaign | Msg report ok | 245102949_telethon → @rqbhdg7gv3s0mdfjb0bot msg=51 | illegal_docs | Критически важно: Сайт/бот предлагает поддельные документы. Это мошенники. Немед
2026-07-23 16:56:39 | INFO    | campaign | Msg report ok | 245102949_telethon → @rqbhdg7gv3s0mdfjb0bot msg=51 | illegal_docs | Fraud alert: This resource offers to buy fake documents. Please delete. [Complai
2026-07-23 16:56:41 | INFO    | campaign | Msg report ok | 245102949_telethon → @rqbhdg7gv3s0mdfjb0bot msg=51 | illegal_docs | Additional variants with emphasis on different details (English): [Complaint #13
2026-07-23 16:56:50 | INFO    | campaign | Peer report ok | 245102949_telethon → @ay9bf5wwupuac8dmpwbot | illegal_docs | This platform promotes the sale of fake legal identification documents. Please t
2026-07-23 16:56:51 | INFO    | campaign | Peer report ok | 245102949_telethon → @ay9bf5wwupuac8dmpwbot | illegal_docs | SCAM! Продвигают фальшивые документы. Удалите эту мошенническую схему. [Complain
2026-07-23 16:56:53 | INFO    | campaign | Peer report ok | 245102949_telethon → @ay9bf5wwupuac8dmpwbot | illegal_docs | Warning! Scammers! This bot/channel offers fake documents. Don't fall for it! SC
2026-07-23 16:56:56 | INFO    | campaign | Msg report ok | 245102949_telethon → @ay9bf5wwupuac8dmpwbot msg=55 | illegal_docs | I request the immediate removal of this channel selling illegal counterfeit docu
2026-07-23 16:56:58 | INFO    | campaign | Msg report ok | 245102949_telethon → @ay9bf5wwupuac8dmpwbot msg=55 | illegal_docs | I request urgent removal of this channel involved in selling counterfeit legal d
2026-07-23 16:57:00 | INFO    | campaign | Msg report ok | 245102949_telethon → @ay9bf5wwupuac8dmpwbot msg=55 | illegal_docs | Серьезное мошенничество! Данный бот/канал занимается распространением поддельных
2026-07-23 16:57:08 | INFO    | campaign | Peer report ok | 245102949_telethon → @haporenbot | illegal_docs | This platform is promoting the sale of counterfeit documents. Kindly remove it i
2026-07-23 16:57:10 | INFO    | campaign | Peer report ok | 245102949_telethon → @haporenbot | illegal_docs | Серьезное мошенничество! Данный бот/канал занимается распространением поддельных
2026-07-23 16:57:12 | INFO    | campaign | Peer report ok | 245102949_telethon → @haporenbot | illegal_docs | This is a platform selling illegal forged documents. Please delete the channel p
2026-07-23 16:57:15 | INFO    | campaign | Msg report ok | 245102949_telethon → @haporenbot msg=57 | illegal_docs | Остерегайтесь подделок: ресурс предлагает липовые документы, это мошенники. [Com
2026-07-23 16:57:18 | INFO    | campaign | Msg report ok | 245102949_telethon → @haporenbot msg=57 | illegal_docs | SCAM ALERT: This bot offers fake documents. These are scammers. [Complaint #90]
2026-07-23 16:57:21 | INFO    | campaign | Msg report ok | 245102949_telethon → @haporenbot msg=57 | illegal_docs | I request urgent removal of this channel involved in selling counterfeit legal d
2026-07-23 16:57:29 | INFO    | campaign | Peer report ok | 245102949_telethon → @timbukturobot | illegal_docs | This channel provides counterfeit documents like passports and ID cards. Please 
2026-07-23 16:57:31 | INFO    | campaign | Peer report ok | 245102949_telethon → @timbukturobot | illegal_docs | Внимание, обман! Данный бот/канал является мошеннической схемой, распространяюще
2026-07-23 16:57:33 | INFO    | campaign | Peer report ok | 245102949_telethon → @timbukturobot | illegal_docs | Мошенничество! Будьте осторожны, данный ресурс содержит предложения о поддельных
2026-07-23 16:57:36 | INFO    | campaign | Msg report ok | 245102949_telethon → @timbukturobot msg=60 | illegal_docs | Don't believe! They offer "documents" – they are fake. Pure fraud. [Complaint #3
2026-07-23 16:57:38 | INFO    | campaign | Msg report ok | 245102949_telethon → @timbukturobot msg=60 | illegal_docs | There’s a channel offering fraudulent documents illegally. Kindly remove it imme
2026-07-23 16:57:41 | INFO    | campaign | Msg report ok | 245102949_telethon → @timbukturobot msg=60 | illegal_docs | Selling fake documents like IDs and passports through this channel is unlawful. 
2026-07-23 16:57:47 | INFO    | campaign | Peer report ok | 245102949_telethon → @thirtiethrobot | illegal_docs | There’s a channel involved in selling fake official documents. Request immediate
2026-07-23 16:57:49 | INFO    | campaign | Peer report ok | 245102949_telethon → @thirtiethrobot | illegal_docs | This is a channel offering illegal fake documents. Please delete it right away. 
2026-07-23 16:57:50 | INFO    | campaign | Peer report ok | 245102949_telethon → @thirtiethrobot | illegal_docs | I request urgent removal of this channel involved in selling counterfeit legal d
2026-07-23 16:57:53 | INFO    | campaign | Msg report ok | 245102949_telethon → @thirtiethrobot msg=63 | illegal_docs | SCAM ALERT: Этот бот предлагает фальшивые документы. Это мошенники. [Complaint #
2026-07-23 16:57:56 | INFO    | campaign | Msg report ok | 245102949_telethon → @thirtiethrobot msg=63 | illegal_docs | This platform promotes the sale of fake legal identification documents. Please t
2026-07-23 16:57:59 | INFO    | campaign | Msg report ok | 245102949_telethon → @thirtiethrobot msg=63 | illegal_docs | Additional variants with emphasis on different details (English): [Complaint #73
2026-07-23 16:58:08 | INFO    | campaign | Peer report ok | 245102949_telethon → @onondagarobot | illegal_docs | This platform deals in fake IDs and official documents. Please delete the channe
2026-07-23 16:58:11 | INFO    | campaign | Peer report ok | 245102949_telethon → @onondagarobot | illegal_docs | This platform deals in fake IDs and official documents. Please delete the channe
2026-07-23 16:58:13 | INFO    | campaign | Peer report ok | 245102949_telethon → @onondagarobot | illegal_docs | A channel offering fake legal papers such as IDs and passports must be deleted i
2026-07-23 16:58:16 | INFO    | campaign | Msg report ok | 245102949_telethon → @onondagarobot msg=66 | illegal_docs | I have found a channel selling fake documents like IDs and passports. Kindly tak
2026-07-23 16:58:19 | INFO    | campaign | Msg report ok | 245102949_telethon → @onondagarobot msg=66 | illegal_docs | Selling counterfeit documents like passports through this channel is illegal. Re
2026-07-23 16:58:21 | INFO    | campaign | Msg report ok | 245102949_telethon → @onondagarobot msg=66 | illegal_docs | SCAM! Immediate deletion of the channel/bot offering fake documents is required.
2026-07-23 16:58:31 | INFO    | campaign | Peer report ok | 245102949_telethon → @trigger1robot | illegal_docs | There is a channel offering counterfeit legal documents such as IDs and passport
2026-07-23 16:58:32 | INFO    | campaign | Peer report ok | 245102949_telethon → @trigger1robot | illegal_docs | This channel is involved in illegal sale of counterfeit legal documents. Please 
2026-07-23 16:58:34 | INFO    | campaign | Peer report ok | 245102949_telethon → @trigger1robot | illegal_docs | SCAM! Этот бот/канал – очевидный обман. [Complaint #165]
2026-07-23 16:58:37 | INFO    | campaign | Msg report ok | 245102949_telethon → @trigger1robot msg=69 | illegal_docs | SCAM WARNING! The content of this channel is fraudulent. They sell fake document
2026-07-23 16:58:39 | INFO    | campaign | Msg report ok | 245102949_telethon → @trigger1robot msg=69 | illegal_docs | There is a channel selling fake passports and IDs. Request immediate removal. [C
2026-07-23 16:58:42 | INFO    | campaign | Msg report ok | 245102949_telethon → @trigger1robot msg=69 | illegal_docs | Beware, a scam! Be vigilant, this resource is involved in fraud, selling fake do
2026-07-23 16:58:52 | INFO    | campaign | Peer report ok | 245102949_telethon → @ubbiijjonbot | illegal_docs | This platform hosts a channel selling fake legal documents. Remove it promptly. 
2026-07-23 16:58:53 | INFO    | campaign | Peer report ok | 245102949_telethon → @ubbiijjonbot | illegal_docs | There’s a channel offering fraudulent documents illegally. Kindly remove it imme
2026-07-23 16:58:56 | INFO    | campaign | Peer report ok | 245102949_telethon → @ubbiijjonbot | illegal_docs | This channel is advertising illegal fake documents. Kindly delete it as soon as 
2026-07-23 16:58:59 | INFO    | campaign | Msg report ok | 245102949_telethon → @ubbiijjonbot msg=75 | illegal_docs | SCAM ALERT: Этот бот предлагает фальшивые документы. Это мошенники. [Complaint #
2026-07-23 16:59:01 | INFO    | campaign | Msg report ok | 245102949_telethon → @ubbiijjonbot msg=75 | illegal_docs | I have reported a channel offering counterfeit legal documents. Please remove it
2026-07-23 16:59:03 | INFO    | campaign | Msg report ok | 245102949_telethon → @ubbiijjonbot msg=75 | illegal_docs | Beware, fraudulent channel/bot! They distribute fake documents. It's SCAM. [Comp
2026-07-23 16:59:05 | INFO    | campaign | Не удалось написать @komran_star с 245102949_telethon: You can't write in this chat (caused by SendMessageRequest)
2026-07-23 16:59:06 | WARNING | __main__ | Cannot notify admin 7362573437
2026-07-23 16:59:06 | INFO    | campaign | Peer report ok | 245102949_telethon → @komran_star | illegal_docs | This is a channel promoting forged legal documents. Please remove it from the pl
2026-07-23 16:59:08 | INFO    | campaign | Peer report ok | 245102949_telethon → @komran_star | illegal_docs | Осторожно, мошенники! Ресурс занимается изготовлением и продажей фальшивых докум
2026-07-23 16:59:11 | INFO    | campaign | Peer report ok | 245102949_telethon → @komran_star | illegal_docs | Осторожно, мошенники! Ресурс занимается изготовлением и продажей фальшивых докум
2026-07-23 16:59:14 | INFO    | campaign | Msg report ok | 245102949_telethon → @komran_star msg=560 | illegal_docs | SCAM WARNING! The content of this channel is fraudulent. They sell fake document
2026-07-23 16:59:16 | INFO    | campaign | Msg report ok | 245102949_telethon → @komran_star msg=560 | illegal_docs | Критически важно: Сайт/бот предлагает поддельные документы. Это мошенники. Немед
2026-07-23 16:59:18 | INFO    | campaign | Msg report ok | 245102949_telethon → @komran_star msg=560 | illegal_docs | This is a platform selling illegal forged documents. Please delete the channel p
2026-07-23 16:59:20 | INFO    | campaign | ⏸ Раунд 2 готов. Ждём 20 мин до раунда 3
2026-07-23 16:59:20 | WARNING | __main__ | Cannot notify admin 7362573437
2026-07-23 17:05:40 | INFO    | monitor | Target @resellerashabot deleted (Nobody is using this username or the username is unacceptable (caused by ResolveUsernameRequest)) via periodic
2026-07-23 17:05:40 | INFO    | monitor | Target @ciu638drfyejpulsekbot deleted (Nobody is using this username or the username is unacceptable (caused by ResolveUsernameRequest)) via periodic
2026-07-23 17:05:41 | INFO    | monitor | Target @lhtulwtgbot deleted (Nobody is using this username or the username is unacceptable (caused by ResolveUsernameRequest)) via periodic
2026-07-23 17:05:43 | INFO    | monitor | Target @o3kycz9ibot deleted (Nobody is using this username or the username is unacceptable (caused by ResolveUsernameRequest)) via periodic
2026-07-23 17:15:43 | INFO    | monitor | Target @resellerashabot deleted (Nobody is using this username or the username is unacceptable (caused by ResolveUsernameRequest)) via periodic
2026-07-23 17:15:43 | INFO    | monitor | Target @ciu638drfyejpulsekbot deleted (Nobody is using this username or the username is unacceptable (caused by ResolveUsernameRequest)) via periodic
2026-07-23 17:15:44 | INFO    | monitor | Target @lhtulwtgbot deleted (Nobody is using this username or the username is unacceptable (caused by ResolveUsernameRequest)) via periodic
2026-07-23 17:15:45 | INFO    | monitor | Target @o3kycz9ibot deleted (Nobody is using this username or the username is unacceptable (caused by ResolveUsernameRequest)) via periodic
2026-07-23 17:20:13 | INFO    | campaign | ▶ Раунд 3/5 | язык=English | жалобы=Подделка документов
2026-07-23 17:20:13 | WARNING | __main__ | Cannot notify admin 7362573437
2026-07-23 17:20:16 | INFO    | campaign | Аккаунт 248070613_telethon (1/4) → 9 бот(ов)
2026-07-23 17:20:16 | WARNING | __main__ | Cannot notify admin 7362573437
2026-07-23 17:20:22 | INFO    | campaign | Peer report ok | 248070613_telethon → @rqbhdg7gv3s0mdfjb0bot | illegal_docs | Fraud! Be careful, this resource contains offers for fake documents. [Complaint 
2026-07-23 17:20:24 | INFO    | campaign | Peer report ok | 248070613_telethon → @rqbhdg7gv3s0mdfjb0bot | illegal_docs | SCAM WARNING! Контент этого канала – мошенничество. Продают поддельные документы
2026-07-23 17:20:26 | INFO    | campaign | Peer report ok | 248070613_telethon → @rqbhdg7gv3s0mdfjb0bot | illegal_docs | This channel is illegally distributing fake documents. Please take it down immed
2026-07-23 17:20:29 | INFO    | campaign | Msg report ok | 248070613_telethon → @rqbhdg7gv3s0mdfjb0bot msg=319 | illegal_docs | There’s a channel offering fake personal and legal documents. Requesting urgent 
2026-07-23 17:20:31 | INFO    | campaign | Msg report ok | 248070613_telethon → @rqbhdg7gv3s0mdfjb0bot msg=319 | illegal_docs | Критически важно: Сайт/бот предлагает поддельные документы. Это мошенники. Немед
2026-07-23 17:20:34 | INFO    | campaign | Msg report ok | 248070613_telethon → @rqbhdg7gv3s0mdfjb0bot msg=319 | illegal_docs | Мошенничество! Будьте осторожны, данный ресурс содержит предложения о поддельных
2026-07-23 17:20:43 | INFO    | campaign | Peer report ok | 248070613_telethon → @ay9bf5wwupuac8dmpwbot | illegal_docs | This channel is advertising illegal fake documents. Kindly delete it as soon as 
2026-07-23 17:20:45 | INFO    | campaign | Peer report ok | 248070613_telethon → @ay9bf5wwupuac8dmpwbot | illegal_docs | Дополнительные варианты с акцентом на разные детали (русский): [Complaint #140]
2026-07-23 17:20:47 | INFO    | campaign | Peer report ok | 248070613_telethon → @ay9bf5wwupuac8dmpwbot | illegal_docs | SCAM ALERT! This channel is pure fraud. They offer bogus documents. Ignore it! [
2026-07-23 17:20:50 | INFO    | campaign | Msg report ok | 248070613_telethon → @ay9bf5wwupuac8dmpwbot msg=323 | illegal_docs | This channel promotes the sale of fake certified documents. Request urgent remov
2026-07-23 17:20:53 | INFO    | campaign | Msg report ok | 248070613_telethon → @ay9bf5wwupuac8dmpwbot msg=323 | illegal_docs | This channel promotes the sale of fake identification papers. Please take it dow
2026-07-23 17:20:55 | INFO    | campaign | Msg report ok | 248070613_telethon → @ay9bf5wwupuac8dmpwbot msg=323 | illegal_docs | There’s a channel offering fraudulent documents illegally. Kindly remove it imme
2026-07-23 17:21:05 | INFO    | campaign | Peer report ok | 248070613_telethon → @haporenbot | illegal_docs | This channel provides counterfeit documents like passports and ID cards. Please 
2026-07-23 17:21:07 | INFO    | campaign | Peer report ok | 248070613_telethon → @haporenbot | illegal_docs | This channel is involved in selling fake identification documents. Please remove
2026-07-23 17:21:10 | INFO    | campaign | Peer report ok | 248070613_telethon → @haporenbot | illegal_docs | Осторожно, мошенники! Ресурс занимается изготовлением и продажей фальшивых докум
2026-07-23 17:21:13 | INFO    | campaign | Msg report ok | 248070613_telethon → @haporenbot msg=325 | illegal_docs | There’s a channel dealing in fake legal papers, including passports and driver’s
2026-07-23 17:21:16 | INFO    | campaign | Msg report ok | 248070613_telethon → @haporenbot msg=325 | illegal_docs | I’ve reported this channel for selling counterfeit documents. Please take down t
2026-07-23 17:21:19 | INFO    | campaign | Msg report ok | 248070613_telethon → @haporenbot msg=325 | illegal_docs | I’ve reported this channel for selling counterfeit documents. Please take down t
2026-07-23 17:21:27 | INFO    | campaign | Peer report ok | 248070613_telethon → @timbukturobot | illegal_docs | Beware of fakes: the resource offers bogus documents, these are scammers. [Compl
2026-07-23 17:21:29 | INFO    | campaign | Peer report ok | 248070613_telethon → @timbukturobot | illegal_docs | This channel is involved in selling fake identification documents. Please remove
2026-07-23 17:21:32 | INFO    | campaign | Peer report ok | 248070613_telethon → @timbukturobot | illegal_docs | SCAM! Promoting fake documents. Delete this fraudulent scheme. [Complaint #188]
2026-07-23 17:21:35 | INFO    | campaign | Msg report ok | 248070613_telethon → @timbukturobot msg=328 | illegal_docs | SCAM ALERT: Этот бот предлагает фальшивые документы. Это мошенники. [Complaint #
2026-07-23 17:21:37 | INFO    | campaign | Msg report ok | 248070613_telethon → @timbukturobot msg=328 | illegal_docs | A channel offering fake legal papers such as IDs and passports must be deleted i
2026-07-23 17:21:41 | INFO    | campaign | Msg report ok | 248070613_telethon → @timbukturobot msg=328 | illegal_docs | SCAM! This bot/channel is an obvious deception. [Complaint #40]
2026-07-23 17:21:49 | INFO    | campaign | Peer report ok | 248070613_telethon → @thirtiethrobot | illegal_docs | I request the immediate removal of this channel selling illegal counterfeit docu
2026-07-23 17:21:50 | INFO    | campaign | Peer report ok | 248070613_telethon → @thirtiethrobot | illegal_docs | This channel is involved in the illegal sale of forged documents. Please delete 
2026-07-23 17:21:52 | INFO    | campaign | Peer report ok | 248070613_telethon → @thirtiethrobot | illegal_docs | Fraud! Be careful, this resource contains offers for fake documents. [Complaint 
2026-07-23 17:21:55 | INFO    | campaign | Msg report ok | 248070613_telethon → @thirtiethrobot msg=331 | illegal_docs | I request urgent removal of this channel involved in selling counterfeit legal d
2026-07-23 17:21:58 | INFO    | campaign | Msg report ok | 248070613_telethon → @thirtiethrobot msg=331 | illegal_docs | SCAM ALERT! This channel is pure fraud. They offer bogus documents. Ignore it! [
2026-07-23 17:22:00 | INFO    | campaign | Msg report ok | 248070613_telethon → @thirtiethrobot msg=331 | illegal_docs | Additional variants with emphasis on different details (English): [Complaint #20
2026-07-23 17:22:07 | INFO    | campaign | Peer report ok | 248070613_telethon → @onondagarobot | illegal_docs | Please remove this channel that promotes the sale of counterfeit IDs and passpor
2026-07-23 17:22:10 | INFO    | campaign | Peer report ok | 248070613_telethon → @onondagarobot | illegal_docs | This channel is involved in illegal sale of counterfeit legal documents. Please 
2026-07-23 17:22:12 | INFO    | campaign | Peer report ok | 248070613_telethon → @onondagarobot | illegal_docs | This is a channel offering illegal fake documents. Please delete it right away. 
2026-07-23 17:22:15 | INFO    | campaign | Msg report ok | 248070613_telethon → @onondagarobot msg=334 | illegal_docs | Serious Fraud! This bot/channel is involved in the distribution of fake document
2026-07-23 17:22:18 | INFO    | campaign | Msg report ok | 248070613_telethon → @onondagarobot msg=334 | illegal_docs | A channel distributing fake legal papers needs to be permanently removed now. [C
2026-07-23 17:22:20 | INFO    | campaign | Msg report ok | 248070613_telethon → @onondagarobot msg=334 | illegal_docs | Serious Fraud! This bot/channel is involved in the distribution of fake document
2026-07-23 17:22:28 | INFO    | campaign | Peer report ok | 248070613_telethon → @trigger1robot | illegal_docs | Warning! Scammers! This bot/channel offers fake documents. Don't fall for it! SC
2026-07-23 17:22:30 | INFO    | campaign | Peer report ok | 248070613_telethon → @trigger1robot | illegal_docs | Мошенничество с документами: бот/канал продает подделки. SCAM. [Complaint #130]
2026-07-23 17:22:31 | INFO    | campaign | Peer report ok | 248070613_telethon → @trigger1robot | illegal_docs | This channel is advertising illegal fake documents. Kindly delete it as soon as 
2026-07-23 17:22:35 | INFO    | campaign | Msg report ok | 248070613_telethon → @trigger1robot msg=337 | illegal_docs | This channel promotes the sale of forged documents. Urgently remove it from the 
2026-07-23 17:22:38 | INFO    | campaign | Msg report ok | 248070613_telethon → @trigger1robot msg=337 | illegal_docs | This platform offers counterfeit legal identification documents. Please delete i
2026-07-23 17:22:41 | INFO    | campaign | Msg report ok | 248070613_telethon → @trigger1robot msg=337 | illegal_docs | I urge the platform to delete this channel that sells illegal counterfeit docume
2026-07-23 17:22:50 | INFO    | campaign | Peer report ok | 248070613_telethon → @ubbiijjonbot | illegal_docs | This channel is illegally distributing fake documents. Please take it down immed
2026-07-23 17:22:53 | INFO    | campaign | Peer report ok | 248070613_telethon → @ubbiijjonbot | illegal_docs | A channel offering counterfeit documents, including IDs and passports, needs to 
2026-07-23 17:22:55 | INFO    | campaign | Peer report ok | 248070613_telethon → @ubbiijjonbot | illegal_docs | I request urgent removal of this channel involved in selling counterfeit legal d
2026-07-23 17:22:58 | INFO    | campaign | Msg report ok | 248070613_telethon → @ubbiijjonbot msg=343 | illegal_docs | This channel promotes the sale of fake identification papers. Please take it dow
2026-07-23 17:23:01 | INFO    | campaign | Msg report ok | 248070613_telethon → @ubbiijjonbot msg=343 | illegal_docs | This channel deals with counterfeit certificates and IDs. Please delete it at on
2026-07-23 17:23:04 | INFO    | campaign | Msg report ok | 248070613_telethon → @ubbiijjonbot msg=343 | illegal_docs | SCAM! This bot/channel is an obvious deception. [Complaint #108]
2026-07-23 17:23:06 | INFO    | campaign | Не удалось написать @komran_star с 248070613_telethon: You can't write in this chat (caused by SendMessageRequest)
2026-07-23 17:23:07 | WARNING | __main__ | Cannot notify admin 7362573437
2026-07-23 17:23:07 | INFO    | campaign | Peer report ok | 248070613_telethon → @komran_star | illegal_docs | SCAM! This bot/channel is an obvious deception. [Complaint #92]
2026-07-23 17:23:10 | INFO    | campaign | Peer report ok | 248070613_telethon → @komran_star | illegal_docs | Мошенничество! Будьте осторожны, данный ресурс содержит предложения о поддельных
2026-07-23 17:23:12 | INFO    | campaign | Peer report ok | 248070613_telethon → @komran_star | illegal_docs | Don't believe! They offer "documents" – they are fake. Pure fraud. [Complaint #1
2026-07-23 17:23:16 | INFO    | campaign | Msg report ok | 248070613_telethon → @komran_star msg=560 | illegal_docs | This channel is involved in the illegal sale of forged documents. Please remove 
2026-07-23 17:23:18 | INFO    | campaign | Msg report ok | 248070613_telethon → @komran_star msg=560 | illegal_docs | Serious Fraud! This bot/channel is involved in the distribution of fake document
2026-07-23 17:23:20 | INFO    | campaign | Msg report ok | 248070613_telethon → @komran_star msg=560 | illegal_docs | There’s a channel dealing in fake legal papers, including passports and driver’s
2026-07-23 17:23:23 | INFO    | campaign | ⏸ Пауза 5 мин до следующего аккаунта
2026-07-23 17:23:23 | WARNING | __main__ | Cannot notify admin 7362573437
2026-07-23 17:25:45 | INFO    | monitor | Target @resellerashabot deleted (Nobody is using this username or the username is unacceptable (caused by ResolveUsernameRequest)) via periodic
2026-07-23 17:25:46 | INFO    | monitor | Target @ciu638drfyejpulsekbot deleted (Nobody is using this username or the username is unacceptable (caused by ResolveUsernameRequest)) via periodic
2026-07-23 17:25:46 | INFO    | monitor | Target @lhtulwtgbot deleted (Nobody is using this username or the username is unacceptable (caused by ResolveUsernameRequest)) via periodic
2026-07-23 17:25:48 | INFO    | monitor | Target @o3kycz9ibot deleted (Nobody is using this username or the username is unacceptable (caused by ResolveUsernameRequest)) via periodic
2026-07-23 17:28:26 | INFO    | campaign | Аккаунт 248070621_telethon (2/4) → 9 бот(ов)
2026-07-23 17:28:26 | WARNING | __main__ | Cannot notify admin 7362573437
2026-07-23 17:28:33 | INFO    | campaign | Peer report ok | 248070621_telethon → @rqbhdg7gv3s0mdfjb0bot | illegal_docs | Fraud alert: This resource offers to buy fake documents. Please delete. [Complai
2026-07-23 17:28:34 | INFO    | campaign | Peer report ok | 248070621_telethon → @rqbhdg7gv3s0mdfjb0bot | illegal_docs | SCAM! Promoting fake documents. Delete this fraudulent scheme. [Complaint #113]
2026-07-23 17:28:36 | INFO    | campaign | Peer report ok | 248070621_telethon → @rqbhdg7gv3s0mdfjb0bot | illegal_docs | This platform hosts a channel selling fake legal documents. Remove it promptly. 
2026-07-23 17:28:39 | INFO    | campaign | Msg report ok | 248070621_telethon → @rqbhdg7gv3s0mdfjb0bot msg=548 | illegal_docs | This is a channel promoting forged legal documents. Please remove it from the pl
2026-07-23 17:28:42 | INFO    | campaign | Msg report ok | 248070621_telethon → @rqbhdg7gv3s0mdfjb0bot msg=548 | illegal_docs | I reported a channel selling fake IDs and passports. Please take appropriate act
2026-07-23 17:28:44 | INFO    | campaign | Msg report ok | 248070621_telethon → @rqbhdg7gv3s0mdfjb0bot msg=548 | illegal_docs | This channel is involved in selling fake identification documents. Please remove
2026-07-23 17:28:53 | INFO    | campaign | Peer report ok | 248070621_telethon → @ay9bf5wwupuac8dmpwbot | illegal_docs | This channel promotes the sale of fake certified documents. Request urgent remov
2026-07-23 17:28:54 | INFO    | campaign | Peer report ok | 248070621_telethon → @ay9bf5wwupuac8dmpwbot | illegal_docs | This channel is involved in the illegal sale of forged documents. Please delete 
2026-07-23 17:28:55 | INFO    | campaign | Peer report ok | 248070621_telethon → @ay9bf5wwupuac8dmpwbot | illegal_docs | A channel is selling fraudulent documents illegally. Immediate removal requested
2026-07-23 17:28:58 | INFO    | campaign | Msg report ok | 248070621_telethon → @ay9bf5wwupuac8dmpwbot msg=552 | illegal_docs | I have found a channel selling fake documents like IDs and passports. Kindly tak
2026-07-23 17:29:00 | INFO    | campaign | Msg report ok | 248070621_telethon → @ay9bf5wwupuac8dmpwbot msg=552 | illegal_docs | There is a channel offering counterfeit legal documents such as IDs and passport
2026-07-23 17:29:03 | INFO    | campaign | Msg report ok | 248070621_telethon → @ay9bf5wwupuac8dmpwbot msg=552 | illegal_docs | Серьезное мошенничество! Данный бот/канал занимается распространением поддельных
2026-07-23 17:29:11 | INFO    | campaign | Peer report ok | 248070621_telethon → @haporenbot | illegal_docs | I reported a channel selling fake IDs and passports. Please take appropriate act
2026-07-23 17:29:13 | INFO    | campaign | Peer report ok | 248070621_telethon → @haporenbot | illegal_docs | Осторожно, мошеннический канал/бот! Распространяют фальшивые документы. Это SCAM
2026-07-23 18:22:41 | INFO    | __main__ | Starting control bot… admins={6761476152, 8569476923, 7362573437}
2026-07-23 18:22:41 | INFO    | aiogram.dispatcher | Start polling
2026-07-23 18:22:41 | INFO    | telethon.network.mtprotosender | Connecting to 91.108.56.130:443/TcpFull...
2026-07-23 18:22:41 | INFO    | aiogram.dispatcher | Run polling for bot @Warningstetestetest_bot id=8949896798 - 'WarningstetestetestBot'
2026-07-23 18:22:41 | INFO    | telethon.network.mtprotosender | Connection to 91.108.56.130:443/TcpFull complete!
2026-07-23 18:22:42 | INFO    | monitor | Target @resellerashabot deleted (Nobody is using this username or the username is unacceptable (caused by ResolveUsernameRequest)) via periodic
2026-07-23 18:22:42 | INFO    | monitor | Target @ciu638drfyejpulsekbot deleted (Nobody is using this username or the username is unacceptable (caused by ResolveUsernameRequest)) via periodic
2026-07-23 18:22:43 | INFO    | monitor | Target @lhtulwtgbot deleted (Nobody is using this username or the username is unacceptable (caused by ResolveUsernameRequest)) via periodic
2026-07-23 18:22:45 | INFO    | monitor | Target @o3kycz9ibot deleted (Nobody is using this username or the username is unacceptable (caused by ResolveUsernameRequest)) via periodic
2026-07-23 18:22:45 | INFO    | monitor | Target @resellerashabot deleted (Nobody is using this username or the username is unacceptable (caused by ResolveUsernameRequest)) via checkpoint_2h
2026-07-23 18:22:45 | INFO    | monitor | Target @ciu638drfyejpulsekbot deleted (Nobody is using this username or the username is unacceptable (caused by ResolveUsernameRequest)) via checkpoint_2h
2026-07-23 18:22:46 | INFO    | monitor | Target @lhtulwtgbot deleted (Nobody is using this username or the username is unacceptable (caused by ResolveUsernameRequest)) via checkpoint_2h
2026-07-23 18:22:47 | INFO    | monitor | Target @o3kycz9ibot deleted (Nobody is using this username or the username is unacceptable (caused by ResolveUsernameRequest)) via checkpoint_2h
2026-07-23 18:22:47 | INFO    | monitor | 📋 Контроль через 2ч:
Проверка (checkpoint_2h) акк. 248070613_telethon
✅ Активны: 9
🗑 Удалены: 4
❓ Неясно: 0
Активны: @rqbhdg7gv3s0mdfjb0bot, @ay9bf5wwupuac8dmpwbot, @haporenbot, @timbukturobot, @thirtiethrobot, @onondagarobot, @trigger1robot, @ubbiijjonbot, @komran_star
Удалены: @resellerashabot, @ciu638drfyejpulsekbot, @lhtulwtgbot, @o3kycz9ibot
Счётчик удалённых за 3 суток: 14
2026-07-23 18:22:48 | WARNING | __main__ | Cannot notify admin 7362573437
2026-07-23 18:23:25 | INFO    | aiogram.event | Update id=452969146 is handled. Duration 251 ms by bot id=8949896798
2026-07-23 18:23:26 | INFO    | aiogram.event | Update id=452969147 is handled. Duration 336 ms by bot id=8949896798
